"GetTable",0,0,0,4,1,4,13690,"","company_type","","","","bf7a841ada440162",0,""
"GetTable",0,0,0,4736508,3,4.73651e+06,180132,"","title","","","","bf7a841ada440162",0,""
"GetTable",0,0,0,12,2,12,20046,"","role_type","","","","bf7a841ada440162",0,""
"GetTable",0,0,0,4314863,2,4.31486e+06,122649,"","char_name","","","","bf7a841ada440162",0,""
"GetTable",0,0,0,4958296,3,4.9583e+06,151147,"","movie_companies","","","","bf7a841ada440162",0,""
"GetTable",0,0,0,362131,2,362131,16763,"","company_name","","","","bf7a841ada440162",0,""
"GetTable",0,0,0,63475835,4,6.34758e+07,2242818,"","cast_info","","","","bf7a841ada440162",0,""
"GetTable",0,0,0,4,1,4,16274,"","company_type","","","","93b0497454e644f9",0,""
"GetTable",0,0,0,4736508,3,4.73651e+06,113500,"","title","","","","93b0497454e644f9",0,""
"GetTable",0,0,0,12,2,12,18020,"","role_type","","","","93b0497454e644f9",0,""
"GetTable",0,0,0,4314863,2,4.31486e+06,97295,"","char_name","","","","93b0497454e644f9",0,""
"GetTable",0,0,0,63475835,4,6.34758e+07,1808727,"","cast_info","","","","93b0497454e644f9",0,""
"GetTable",0,0,0,4958296,3,4.9583e+06,121951,"","movie_companies","","","","93b0497454e644f9",0,""
"GetTable",0,0,0,362131,2,362131,14388,"","company_name","","","","93b0497454e644f9",0,""
"GetTable",0,0,0,4,1,4,12851,"","company_type","","","","5c2e67f8610dd1cd",0,""
"GetTable",0,0,0,12,1,12,14318,"","role_type","","","","5c2e67f8610dd1cd",0,""
"GetTable",0,0,0,4736508,3,4.73651e+06,117480,"","title","","","","5c2e67f8610dd1cd",0,""
"GetTable",0,0,0,4314863,2,4.31486e+06,123837,"","char_name","","","","5c2e67f8610dd1cd",0,""
"GetTable",0,0,0,63475835,4,6.34758e+07,2301698,"","cast_info","","","","5c2e67f8610dd1cd",0,""
"GetTable",0,0,0,4958296,3,4.9583e+06,188863,"","movie_companies","","","","5c2e67f8610dd1cd",0,""
"GetTable",0,0,0,362131,2,362131,25144,"","company_name","","","","5c2e67f8610dd1cd",0,""
"GetTable",0,0,0,4736508,3,4.73651e+06,199620,"","title","","","","71d553355b14723a",0,""
"GetTable",0,0,0,18,2,18,7962,"","link_type","","","","71d553355b14723a",0,""
"GetTable",0,0,0,2585150,2,2.58515e+06,97016,"","movie_link","","","","71d553355b14723a",0,""
"GetTable",0,0,0,4,2,4,14109,"","company_type","","","","71d553355b14723a",0,""
"GetTable",0,0,0,362131,3,362131,27379,"","company_name","","","","71d553355b14723a",0,""
"GetTable",0,0,0,4958296,4,4.9583e+06,201226,"","movie_companies","","","","71d553355b14723a",0,""
"GetTable",0,0,0,7480087,2,7.48009e+06,211773,"","movie_keyword","","","","71d553355b14723a",0,""
"GetTable",0,0,0,236627,2,236627,11315,"","keyword","","","","71d553355b14723a",0,""
"GetTable",0,0,0,18,2,18,8521,"","link_type","","","","e53eb08df57aa6c7",0,""
"GetTable",0,0,0,4736508,3,4.73651e+06,212331,"","title","","","","e53eb08df57aa6c7",0,""
"GetTable",0,0,0,2585150,2,2.58515e+06,106585,"","movie_link","","","","e53eb08df57aa6c7",0,""
"GetTable",0,0,0,4,2,4,13061,"","company_type","","","","e53eb08df57aa6c7",0,""
"GetTable",0,0,0,362131,3,362131,30103,"","company_name","","","","e53eb08df57aa6c7",0,""
"GetTable",0,0,0,4958296,4,4.9583e+06,199270,"","movie_companies","","","","e53eb08df57aa6c7",0,""
"GetTable",0,0,0,7480087,2,7.48009e+06,220153,"","movie_keyword","","","","e53eb08df57aa6c7",0,""
"GetTable",0,0,0,236627,2,236627,12363,"","keyword","","","","e53eb08df57aa6c7",0,""
"GetTable",0,0,0,18,1,18,16624,"","link_type","","","","cf44364699946c82",0,""
"GetTable",0,0,0,4736508,3,4.73651e+06,215334,"","title","","","","cf44364699946c82",0,""
"GetTable",0,0,0,2585150,2,2.58515e+06,97714,"","movie_link","","","","cf44364699946c82",0,""
"GetTable",0,0,0,4,2,4,15925,"","company_type","","","","cf44364699946c82",0,""
"GetTable",0,0,0,362131,3,362131,35761,"","company_name","","","","cf44364699946c82",0,""
"GetTable",0,0,0,4958296,4,4.9583e+06,199759,"","movie_companies","","","","cf44364699946c82",0,""
"GetTable",0,0,0,7480087,2,7.48009e+06,217569,"","movie_keyword","","","","cf44364699946c82",0,""
"GetTable",0,0,0,236627,2,236627,12572,"","keyword","","","","cf44364699946c82",0,""
"GetTable",0,0,0,18,1,18,16763,"","link_type","","","","9d2ed9982194a23d",0,""
"GetTable",0,0,0,4736508,3,4.73651e+06,197803,"","title","","","","9d2ed9982194a23d",0,""
"GetTable",0,0,0,2585150,2,2.58515e+06,97505,"","movie_link","","","","9d2ed9982194a23d",0,""
"GetTable",0,0,0,362131,3,362131,34224,"","company_name","","","","9d2ed9982194a23d",0,""
"GetTable",0,0,0,4,2,4,15995,"","company_type","","","","9d2ed9982194a23d",0,""
"GetTable",0,0,0,4958296,4,4.9583e+06,195988,"","movie_companies","","","","9d2ed9982194a23d",0,""
"GetTable",0,0,0,7480087,2,7.48009e+06,218897,"","movie_keyword","","","","9d2ed9982194a23d",0,""
"GetTable",0,0,0,236627,2,236627,12503,"","keyword","","","","9d2ed9982194a23d",0,""
"GetTable",0,0,0,362131,3,362131,41978,"","company_name","","","","2e51919808724402",0,""
"GetTable",0,0,0,4,2,4,12153,"","company_type","","","","2e51919808724402",0,""
"GetTable",0,0,0,113,2,113,5028,"","info_type","","","","2e51919808724402",0,""
"GetTable",0,0,0,4736508,3,4.73651e+06,170074,"","title","","","","2e51919808724402",0,""
"GetTable",0,0,0,1380035,3,1.38004e+06,46797,"","movie_info_idx","","","","2e51919808724402",0,""
"GetTable",0,0,0,4958296,3,4.9583e+06,185999,"","movie_companies","","","","2e51919808724402",0,""
"GetTable",0,0,0,29774984,3,2.9775e+07,1053833,"","movie_info","","","","2e51919808724402",0,""
"GetTable",0,0,0,362131,2,362131,35551,"","company_name","","","","5e79666c5097ea90",0,""
"GetTable",0,0,0,4,2,4,13480,"","company_type","","","","5e79666c5097ea90",0,""
"GetTable",0,0,0,4958296,3,4.9583e+06,173707,"","movie_companies","","","","5e79666c5097ea90",0,""
"GetTable",0,0,0,113,2,113,6356,"","info_type","","","","5e79666c5097ea90",0,""
"GetTable",0,0,0,4736508,3,4.73651e+06,163998,"","title","","","","5e79666c5097ea90",0,""
"GetTable",0,0,0,29774984,3,2.9775e+07,1038048,"","movie_info","","","","5e79666c5097ea90",0,""
"GetTable",0,0,0,1380035,2,1.38004e+06,71034,"","movie_info_idx","","","","5e79666c5097ea90",0,""
"GetTable",0,0,0,362131,3,362131,38625,"","company_name","","","","511e65c5558845a9",0,""
"GetTable",0,0,0,4,2,4,11246,"","company_type","","","","511e65c5558845a9",0,""
"GetTable",0,0,0,113,2,113,4819,"","info_type","","","","511e65c5558845a9",0,""
"GetTable",0,0,0,4736508,3,4.73651e+06,169586,"","title","","","","511e65c5558845a9",0,""
"GetTable",0,0,0,1380035,3,1.38004e+06,47145,"","movie_info_idx","","","","511e65c5558845a9",0,""
"GetTable",0,0,0,4958296,3,4.9583e+06,169446,"","movie_companies","","","","511e65c5558845a9",0,""
"GetTable",0,0,0,29774984,3,2.9775e+07,1025476,"","movie_info","","","","511e65c5558845a9",0,""
"GetTable",0,0,0,113,2,113,3702,"","info_type","","","","7515b6b28844ff52",0,""
"GetTable",0,0,0,29774984,3,2.9775e+07,741622,"","movie_info","","","","7515b6b28844ff52",0,""
"GetTable",0,0,0,362131,2,362131,13830,"","company_name","","","","7515b6b28844ff52",0,""
"GetTable",0,0,0,4,2,4,15366,"","company_type","","","","7515b6b28844ff52",0,""
"GetTable",0,0,0,4958296,3,4.9583e+06,112661,"","movie_companies","","","","7515b6b28844ff52",0,""
"GetTable",0,0,0,9,2,9,17532,"","kind_type","","","","7515b6b28844ff52",0,""
"GetTable",0,0,0,4736508,3,4.73651e+06,104350,"","title","","","","7515b6b28844ff52",0,""
"GetTable",0,0,0,1380035,3,1.38004e+06,33107,"","movie_info_idx","","","","7515b6b28844ff52",0,""
"GetTable",0,0,0,113,2,113,6914,"","info_type","","","","9e21daa365fe35e3",0,""
"GetTable",0,0,0,29774984,2,2.9775e+07,658157,"","movie_info","","","","9e21daa365fe35e3",0,""
"GetTable",0,0,0,362131,3,362131,30802,"","company_name","","","","9e21daa365fe35e3",0,""
"GetTable",0,0,0,4,2,4,14668,"","company_type","","","","9e21daa365fe35e3",0,""
"GetTable",0,0,0,4958296,3,4.9583e+06,166443,"","movie_companies","","","","9e21daa365fe35e3",0,""
"GetTable",0,0,0,9,2,9,12572,"","kind_type","","","","9e21daa365fe35e3",0,""
"GetTable",0,0,0,1380035,3,1.38004e+06,63140,"","movie_info_idx","","","","9e21daa365fe35e3",0,""
"GetTable",0,0,0,4736508,3,4.73651e+06,154639,"","title","","","","9e21daa365fe35e3",0,""
"GetTable",0,0,0,113,2,113,6286,"","info_type","","","","d072d45da4b04afb",0,""
"GetTable",0,0,0,29774984,2,2.9775e+07,590895,"","movie_info","","","","d072d45da4b04afb",0,""
"GetTable",0,0,0,362131,3,362131,30802,"","company_name","","","","d072d45da4b04afb",0,""
"GetTable",0,0,0,4,2,4,16274,"","company_type","","","","d072d45da4b04afb",0,""
"GetTable",0,0,0,4958296,3,4.9583e+06,156734,"","movie_companies","","","","d072d45da4b04afb",0,""
"GetTable",0,0,0,9,2,9,11665,"","kind_type","","","","d072d45da4b04afb",0,""
"GetTable",0,0,0,1380035,3,1.38004e+06,62302,"","movie_info_idx","","","","d072d45da4b04afb",0,""
"GetTable",0,0,0,4736508,3,4.73651e+06,107353,"","title","","","","d072d45da4b04afb",0,""
"GetTable",0,0,0,113,2,113,3701,"","info_type","","","","76a39017e34c6087",0,""
"GetTable",0,0,0,29774984,2,2.9775e+07,601372,"","movie_info","","","","76a39017e34c6087",0,""
"GetTable",0,0,0,362131,3,362131,32967,"","company_name","","","","76a39017e34c6087",0,""
"GetTable",0,0,0,4,2,4,15855,"","company_type","","","","76a39017e34c6087",0,""
"GetTable",0,0,0,4958296,3,4.9583e+06,163719,"","movie_companies","","","","76a39017e34c6087",0,""
"GetTable",0,0,0,9,2,9,16833,"","kind_type","","","","76a39017e34c6087",0,""
"GetTable",0,0,0,4736508,3,4.73651e+06,112801,"","title","","","","76a39017e34c6087",0,""
"GetTable",0,0,0,1380035,3,1.38004e+06,46657,"","movie_info_idx","","","","76a39017e34c6087",0,""
"GetTable",0,0,0,9,2,9,21722,"","kind_type","","","","cc7c8bf1ce94f13d",0,""
"GetTable",0,0,0,4736508,4,4.73651e+06,194520,"","title","","","","cc7c8bf1ce94f13d",0,""
"GetTable",0,0,0,236627,2,236627,12223,"","keyword","","","","cc7c8bf1ce94f13d",0,""
"GetTable",0,0,0,7480087,2,7.48009e+06,211981,"","movie_keyword","","","","cc7c8bf1ce94f13d",0,""
"GetTable",0,0,0,113,2,113,14388,"","info_type","","","","cc7c8bf1ce94f13d",0,""
"GetTable",0,0,0,1380035,3,1.38004e+06,46028,"","movie_info_idx","","","","cc7c8bf1ce94f13d",0,""
"GetTable",0,0,0,29774984,3,2.9775e+07,1023380,"","movie_info","","","","cc7c8bf1ce94f13d",0,""
"GetTable",0,0,0,9,2,9,21163,"","kind_type","","","","2c991bc75c1b4db",0,""
"GetTable",0,0,0,4736508,4,4.73651e+06,203041,"","title","","","","2c991bc75c1b4db",0,""
"GetTable",0,0,0,236627,2,236627,22630,"","keyword","","","","2c991bc75c1b4db",0,""
"GetTable",0,0,0,7480087,2,7.48009e+06,245368,"","movie_keyword","","","","2c991bc75c1b4db",0,""
"GetTable",0,0,0,113,2,113,6077,"","info_type","","","","2c991bc75c1b4db",0,""
"GetTable",0,0,0,1380035,3,1.38004e+06,53921,"","movie_info_idx","","","","2c991bc75c1b4db",0,""
"GetTable",0,0,0,29774984,3,2.9775e+07,1039585,"","movie_info","","","","2c991bc75c1b4db",0,""
"GetTable",0,0,0,9,2,9,19976,"","kind_type","","","","37430f5c3a6adb69",0,""
"GetTable",0,0,0,4736508,4,4.73651e+06,194730,"","title","","","","37430f5c3a6adb69",0,""
"GetTable",0,0,0,236627,2,236627,11665,"","keyword","","","","37430f5c3a6adb69",0,""
"GetTable",0,0,0,7480087,2,7.48009e+06,215824,"","movie_keyword","","","","37430f5c3a6adb69",0,""
"GetTable",0,0,0,113,2,113,15017,"","info_type","","","","37430f5c3a6adb69",0,""
"GetTable",0,0,0,1380035,3,1.38004e+06,47146,"","movie_info_idx","","","","37430f5c3a6adb69",0,""
"GetTable",0,0,0,29774984,3,2.9775e+07,1034277,"","movie_info","","","","37430f5c3a6adb69",0,""
"GetTable",0,0,0,236627,1,236627,24376,"","keyword","","","","e1ab0116ff6f3fa7",0,""
"GetTable",0,0,0,7480087,2,7.48009e+06,194869,"","movie_keyword","","","","e1ab0116ff6f3fa7",0,""
"GetTable",0,0,0,4,1,4,12922,"","company_type","","","","e1ab0116ff6f3fa7",0,""
"GetTable",0,0,0,362131,2,362131,16274,"","company_name","","","","e1ab0116ff6f3fa7",0,""
"GetTable",0,0,0,4958296,4,4.9583e+06,189072,"","movie_companies","","","","e1ab0116ff6f3fa7",0,""
"GetTable",0,0,0,528337,1,528337,20605,"","aka_title","","","","e1ab0116ff6f3fa7",0,""
"GetTable",0,0,0,4736508,3,4.73651e+06,175802,"","title","","","","e1ab0116ff6f3fa7",0,""
"GetTable",0,0,0,113,2,113,6356,"","info_type","","","","e1ab0116ff6f3fa7",0,""
"GetTable",0,0,0,29774984,4,2.9775e+07,993067,"","movie_info","","","","e1ab0116ff6f3fa7",0,""
"GetTable",0,0,0,236627,1,236627,26612,"","keyword","","","","257d9162dcd1fe48",0,""
"GetTable",0,0,0,7480087,2,7.48009e+06,208909,"","movie_keyword","","","","257d9162dcd1fe48",0,""
"GetTable",0,0,0,4,1,4,12572,"","company_type","","","","257d9162dcd1fe48",0,""
"GetTable",0,0,0,362131,3,362131,19487,"","company_name","","","","257d9162dcd1fe48",0,""
"GetTable",0,0,0,528337,1,528337,24656,"","aka_title","","","","257d9162dcd1fe48",0,""
"GetTable",0,0,0,4958296,4,4.9583e+06,181250,"","movie_companies","","","","257d9162dcd1fe48",0,""
"GetTable",0,0,0,4736508,3,4.73651e+06,173776,"","title","","","","257d9162dcd1fe48",0,""
"GetTable",0,0,0,113,2,113,7124,"","info_type","","","","257d9162dcd1fe48",0,""
"GetTable",0,0,0,29774984,4,2.9775e+07,1555326,"","movie_info","","","","257d9162dcd1fe48",0,""
"GetTable",0,0,0,236627,1,236627,12712,"","keyword","","","","5c6995ada0718d8b",0,""
"GetTable",0,0,0,7480087,2,7.48009e+06,213379,"","movie_keyword","","","","5c6995ada0718d8b",0,""
"GetTable",0,0,0,4,1,4,9429,"","company_type","","","","5c6995ada0718d8b",0,""
"GetTable",0,0,0,362131,2,362131,26751,"","company_name","","","","5c6995ada0718d8b",0,""
"GetTable",0,0,0,4958296,3,4.9583e+06,157083,"","movie_companies","","","","5c6995ada0718d8b",0,""
"GetTable",0,0,0,528337,1,528337,20744,"","aka_title","","","","5c6995ada0718d8b",0,""
"GetTable",0,0,0,4736508,3,4.73651e+06,144442,"","title","","","","5c6995ada0718d8b",0,""
"GetTable",0,0,0,113,2,113,13271,"","info_type","","","","5c6995ada0718d8b",0,""
"GetTable",0,0,0,29774984,4,2.9775e+07,1030086,"","movie_info","","","","5c6995ada0718d8b",0,""
"GetTable",0,0,0,236627,1,236627,19627,"","keyword","","","","4f6d902818a2ade9",0,""
"GetTable",0,0,0,7480087,2,7.48009e+06,201924,"","movie_keyword","","","","4f6d902818a2ade9",0,""
"GetTable",0,0,0,4,1,4,15925,"","company_type","","","","4f6d902818a2ade9",0,""
"GetTable",0,0,0,362131,2,362131,27030,"","company_name","","","","4f6d902818a2ade9",0,""
"GetTable",0,0,0,4958296,3,4.9583e+06,144301,"","movie_companies","","","","4f6d902818a2ade9",0,""
"GetTable",0,0,0,528337,2,528337,25284,"","aka_title","","","","4f6d902818a2ade9",0,""
"GetTable",0,0,0,4736508,3,4.73651e+06,190539,"","title","","","","4f6d902818a2ade9",0,""
"GetTable",0,0,0,113,2,113,7054,"","info_type","","","","4f6d902818a2ade9",0,""
"GetTable",0,0,0,29774984,3,2.9775e+07,808535,"","movie_info","","","","4f6d902818a2ade9",0,""
"GetTable",0,0,0,4736508,3,4.73651e+06,197244,"","title","","","","b760ce50797dcd6c",0,""
"GetTable",0,0,0,6379740,1,6.37974e+06,152683,"","name","","","","b760ce50797dcd6c",0,""
"GetTable",0,0,0,362131,2,362131,36110,"","company_name","","","","b760ce50797dcd6c",0,""
"GetTable",0,0,0,4958296,2,4.9583e+06,161344,"","movie_companies","","","","b760ce50797dcd6c",0,""
"GetTable",0,0,0,1312273,2,1.31227e+06,63560,"","aka_name","","","","b760ce50797dcd6c",0,""
"GetTable",0,0,0,63475835,2,6.34758e+07,2178071,"","cast_info","","","","b760ce50797dcd6c",0,""
"GetTable",0,0,0,7480087,2,7.48009e+06,207162,"","movie_keyword","","","","b760ce50797dcd6c",0,""
"GetTable",0,0,0,236627,2,236627,10547,"","keyword","","","","b760ce50797dcd6c",0,""
"GetTable",0,0,0,4736508,2,4.73651e+06,192006,"","title","","","","a26ba6752f14fae6",0,""
"GetTable",0,0,0,6379740,1,6.37974e+06,163090,"","name","","","","a26ba6752f14fae6",0,""
"GetTable",0,0,0,362131,2,362131,34644,"","company_name","","","","a26ba6752f14fae6",0,""
"GetTable",0,0,0,4958296,2,4.9583e+06,163020,"","movie_companies","","","","a26ba6752f14fae6",0,""
"GetTable",0,0,0,1312273,2,1.31227e+06,71731,"","aka_name","","","","a26ba6752f14fae6",0,""
"GetTable",0,0,0,63475835,2,6.34758e+07,2174998,"","cast_info","","","","a26ba6752f14fae6",0,""
"GetTable",0,0,0,7480087,2,7.48009e+06,207163,"","movie_keyword","","","","a26ba6752f14fae6",0,""
"GetTable",0,0,0,236627,2,236627,10756,"","keyword","","","","a26ba6752f14fae6",0,""
"GetTable",0,0,0,4736508,3,4.73651e+06,195708,"","title","","","","d5372f6a3e67857b",0,""
"GetTable",0,0,0,6379740,1,6.37974e+06,159668,"","name","","","","d5372f6a3e67857b",0,""
"GetTable",0,0,0,362131,2,362131,33875,"","company_name","","","","d5372f6a3e67857b",0,""
"GetTable",0,0,0,4958296,2,4.9583e+06,165953,"","movie_companies","","","","d5372f6a3e67857b",0,""
"GetTable",0,0,0,1312273,2,1.31227e+06,62791,"","aka_name","","","","d5372f6a3e67857b",0,""
"GetTable",0,0,0,63475835,2,6.34758e+07,2195183,"","cast_info","","","","d5372f6a3e67857b",0,""
"GetTable",0,0,0,7480087,2,7.48009e+06,208979,"","movie_keyword","","","","d5372f6a3e67857b",0,""
"GetTable",0,0,0,236627,2,236627,9918,"","keyword","","","","d5372f6a3e67857b",0,""
"GetTable",0,0,0,4736508,3,4.73651e+06,225671,"","title","","","","53a5695ca0e4c0ad",0,""
"GetTable",0,0,0,6379740,1,6.37974e+06,183136,"","name","","","","53a5695ca0e4c0ad",0,""
"GetTable",0,0,0,362131,2,362131,34644,"","company_name","","","","53a5695ca0e4c0ad",0,""
"GetTable",0,0,0,4958296,2,4.9583e+06,160156,"","movie_companies","","","","53a5695ca0e4c0ad",0,""
"GetTable",0,0,0,1312273,2,1.31227e+06,63280,"","aka_name","","","","53a5695ca0e4c0ad",0,""
"GetTable",0,0,0,63475835,2,6.34758e+07,2174159,"","cast_info","","","","53a5695ca0e4c0ad",0,""
"GetTable",0,0,0,7480087,2,7.48009e+06,205276,"","movie_keyword","","","","53a5695ca0e4c0ad",0,""
"GetTable",0,0,0,236627,2,236627,10407,"","keyword","","","","53a5695ca0e4c0ad",0,""
"GetTable",0,0,0,362131,2,362131,34154,"","company_name","","","","54043e096c314b42",0,""
"GetTable",0,0,0,4958296,2,4.9583e+06,179853,"","movie_companies","","","","54043e096c314b42",0,""
"GetTable",0,0,0,4736508,1,4.73651e+06,119157,"","title","","","","54043e096c314b42",0,""
"GetTable",0,0,0,1638375,2,1.63838e+06,78647,"","name","","","","54043e096c314b42",0,""
"GetTable",0,0,0,63475835,2,6.34758e+07,2119471,"","cast_info","","","","54043e096c314b42",0,""
"GetTable",0,0,0,7480087,2,7.48009e+06,210096,"","movie_keyword","","","","54043e096c314b42",0,""
"GetTable",0,0,0,236627,2,236627,10407,"","keyword","","","","54043e096c314b42",0,""
"GetTable",0,0,0,362131,1,362131,34085,"","company_name","","","","6717a22f5ef9b23",0,""
"GetTable",0,0,0,4736508,1,4.73651e+06,122510,"","title","","","","6717a22f5ef9b23",0,""
"GetTable",0,0,0,4958296,2,4.9583e+06,162182,"","movie_companies","","","","6717a22f5ef9b23",0,""
"GetTable",0,0,0,5331180,2,5.33118e+06,197174,"","name","","","","6717a22f5ef9b23",0,""
"GetTable",0,0,0,63475835,2,6.34758e+07,2158304,"","cast_info","","","","6717a22f5ef9b23",0,""
"GetTable",0,0,0,7480087,2,7.48009e+06,207093,"","movie_keyword","","","","6717a22f5ef9b23",0,""
"GetTable",0,0,0,236627,2,236627,12782,"","keyword","","","","6717a22f5ef9b23",0,""
"GetTable",0,0,0,362131,1,362131,35971,"","company_name","","","","251aa685516f2b21",0,""
"GetTable",0,0,0,4736508,1,4.73651e+06,125931,"","title","","","","251aa685516f2b21",0,""
"GetTable",0,0,0,4958296,2,4.9583e+06,155686,"","movie_companies","","","","251aa685516f2b21",0,""
"GetTable",0,0,0,5396715,2,5.39672e+06,189771,"","name","","","","251aa685516f2b21",0,""
"GetTable",0,0,0,63475835,2,6.34758e+07,2151040,"","cast_info","","","","251aa685516f2b21",0,""
"GetTable",0,0,0,7480087,2,7.48009e+06,210934,"","movie_keyword","","","","251aa685516f2b21",0,""
"GetTable",0,0,0,236627,2,236627,11735,"","keyword","","","","251aa685516f2b21",0,""
"GetTable",0,0,0,362131,1,362131,37437,"","company_name","","","","411fba594d58c67a",0,""
"GetTable",0,0,0,4958296,2,4.9583e+06,168818,"","movie_companies","","","","411fba594d58c67a",0,""
"GetTable",0,0,0,4736508,1,4.73651e+06,113848,"","title","","","","411fba594d58c67a",0,""
"GetTable",0,0,0,6379740,2,6.37974e+06,244740,"","name","","","","411fba594d58c67a",0,""
"GetTable",0,0,0,63475835,2,6.34758e+07,2093627,"","cast_info","","","","411fba594d58c67a",0,""
"GetTable",0,0,0,7480087,2,7.48009e+06,209467,"","movie_keyword","","","","411fba594d58c67a",0,""
"GetTable",0,0,0,236627,2,236627,14877,"","keyword","","","","411fba594d58c67a",0,""
"GetTable",0,0,0,4736508,1,4.73651e+06,150657,"","title","","","","75cab87e65901bc8",0,""
"GetTable",0,0,0,6379740,2,6.37974e+06,212541,"","name","","","","75cab87e65901bc8",0,""
"GetTable",0,0,0,63475835,2,6.34758e+07,2121635,"","cast_info","","","","75cab87e65901bc8",0,""
"GetTable",0,0,0,362131,2,362131,32688,"","company_name","","","","75cab87e65901bc8",0,""
"GetTable",0,0,0,4958296,2,4.9583e+06,149610,"","movie_companies","","","","75cab87e65901bc8",0,""
"GetTable",0,0,0,7480087,2,7.48009e+06,213449,"","movie_keyword","","","","75cab87e65901bc8",0,""
"GetTable",0,0,0,236627,2,236627,13340,"","keyword","","","","75cab87e65901bc8",0,""
"GetTable",0,0,0,362131,1,362131,37507,"","company_name","","","","1537d0ce0924574a",0,""
"GetTable",0,0,0,4958296,2,4.9583e+06,166932,"","movie_companies","","","","1537d0ce0924574a",0,""
"GetTable",0,0,0,4736508,1,4.73651e+06,118389,"","title","","","","1537d0ce0924574a",0,""
"GetTable",0,0,0,6379740,2,6.37974e+06,239851,"","name","","","","1537d0ce0924574a",0,""
"GetTable",0,0,0,63475835,2,6.34758e+07,2147408,"","cast_info","","","","1537d0ce0924574a",0,""
"GetTable",0,0,0,7480087,2,7.48009e+06,210376,"","movie_keyword","","","","1537d0ce0924574a",0,""
"GetTable",0,0,0,236627,2,236627,10547,"","keyword","","","","1537d0ce0924574a",0,""
"GetTable",0,0,0,4872435,3,4.87244e+06,186278,"","name","","","","4e05f4cbb877997a",0,""
"GetTable",0,0,0,4736508,2,4.73651e+06,150518,"","title","","","","4e05f4cbb877997a",0,""
"GetTable",0,0,0,113,2,113,27589,"","info_type","","","","4e05f4cbb877997a",0,""
"GetTable",0,0,0,29774984,3,2.9775e+07,1015907,"","movie_info","","","","4e05f4cbb877997a",0,""
"GetTable",0,0,0,1380035,3,1.38004e+06,53292,"","movie_info_idx","","","","4e05f4cbb877997a",0,""
"GetTable",0,0,0,63475835,3,6.34758e+07,2324817,"","cast_info","","","","4e05f4cbb877997a",0,""
"GetTable",0,0,0,4736508,3,4.73651e+06,185231,"","title","","","","68964d4bccdf15f7",0,""
"GetTable",0,0,0,113,2,113,5378,"","info_type","","","","68964d4bccdf15f7",0,""
"GetTable",0,0,0,3758340,2,3.75834e+06,129215,"","name","","","","68964d4bccdf15f7",0,""
"GetTable",0,0,0,63475835,3,6.34758e+07,2359390,"","cast_info","","","","68964d4bccdf15f7",0,""
"GetTable",0,0,0,1380035,3,1.38004e+06,52455,"","movie_info_idx","","","","68964d4bccdf15f7",0,""
"GetTable",0,0,0,29774984,4,2.9775e+07,1090781,"","movie_info","","","","68964d4bccdf15f7",0,""
"GetTable",0,0,0,4736508,2,4.73651e+06,167910,"","title","","","","4fc92705a915b16f",0,""
"GetTable",0,0,0,4872435,2,4.87244e+06,191168,"","name","","","","4fc92705a915b16f",0,""
"GetTable",0,0,0,63475835,3,6.34758e+07,2444602,"","cast_info","","","","4fc92705a915b16f",0,""
"GetTable",0,0,0,113,2,113,7194,"","info_type","","","","4fc92705a915b16f",0,""
"GetTable",0,0,0,1380035,3,1.38004e+06,50428,"","movie_info_idx","","","","4fc92705a915b16f",0,""
"GetTable",0,0,0,29774984,3,2.9775e+07,978330,"","movie_info","","","","4fc92705a915b16f",0,""
"GetTable",0,0,0,113,2,113,11105,"","info_type","","","","b6b5f91d03601e9b",0,""
"GetTable",0,0,0,362131,2,362131,34154,"","company_name","","","","b6b5f91d03601e9b",0,""
"GetTable",0,0,0,29774984,3,2.9775e+07,986572,"","movie_info","","","","b6b5f91d03601e9b",0,""
"GetTable",0,0,0,1312273,1,1.31227e+06,63420,"","aka_name","","","","b6b5f91d03601e9b",0,""
"GetTable",0,0,0,4958296,3,4.9583e+06,185441,"","movie_companies","","","","b6b5f91d03601e9b",0,""
"GetTable",0,0,0,4736508,3,4.73651e+06,196057,"","title","","","","b6b5f91d03601e9b",0,""
"GetTable",0,0,0,4314863,1,4.31486e+06,108959,"","char_name","","","","b6b5f91d03601e9b",0,""
"GetTable",0,0,0,12,2,12,13480,"","role_type","","","","b6b5f91d03601e9b",0,""
"GetTable",0,0,0,3758340,3,3.75834e+06,157013,"","name","","","","b6b5f91d03601e9b",0,""
"GetTable",0,0,0,63475835,5,6.34758e+07,2896574,"","cast_info","","","","b6b5f91d03601e9b",0,""
"GetTable",0,0,0,113,2,113,10337,"","info_type","","","","5ddf91a224bb6e9f",0,""
"GetTable",0,0,0,362131,2,362131,31919,"","company_name","","","","5ddf91a224bb6e9f",0,""
"GetTable",0,0,0,29774984,3,2.9775e+07,982311,"","movie_info","","","","5ddf91a224bb6e9f",0,""
"GetTable",0,0,0,1312273,1,1.31227e+06,57273,"","aka_name","","","","5ddf91a224bb6e9f",0,""
"GetTable",0,0,0,4958296,3,4.9583e+06,177967,"","movie_companies","","","","5ddf91a224bb6e9f",0,""
"GetTable",0,0,0,4314863,1,4.31486e+06,107842,"","char_name","","","","5ddf91a224bb6e9f",0,""
"GetTable",0,0,0,3758340,3,3.75834e+06,158341,"","name","","","","5ddf91a224bb6e9f",0,""
"GetTable",0,0,0,12,2,12,13481,"","role_type","","","","5ddf91a224bb6e9f",0,""
"GetTable",0,0,0,4736508,3,4.73651e+06,189492,"","title","","","","5ddf91a224bb6e9f",0,""
"GetTable",0,0,0,62258250,5,6.22583e+07,2743332,"","cast_info","","","","5ddf91a224bb6e9f",0,""
"GetTable",0,0,0,113,2,113,13131,"","info_type","","","","6a28510dc1d30972",0,""
"GetTable",0,0,0,362131,2,362131,24516,"","company_name","","","","6a28510dc1d30972",0,""
"GetTable",0,0,0,4958296,2,4.9583e+06,175103,"","movie_companies","","","","6a28510dc1d30972",0,""
"GetTable",0,0,0,29774984,3,2.9775e+07,944245,"","movie_info","","","","6a28510dc1d30972",0,""
"GetTable",0,0,0,1312273,1,1.31227e+06,48962,"","aka_name","","","","6a28510dc1d30972",0,""
"GetTable",0,0,0,4736508,3,4.73651e+06,193123,"","title","","","","6a28510dc1d30972",0,""
"GetTable",0,0,0,4314863,1,4.31486e+06,99810,"","char_name","","","","6a28510dc1d30972",0,""
"GetTable",0,0,0,12,2,12,13690,"","role_type","","","","6a28510dc1d30972",0,""
"GetTable",0,0,0,3758340,3,3.75834e+06,156384,"","name","","","","6a28510dc1d30972",0,""
"GetTable",0,0,0,63475835,5,6.34758e+07,2811712,"","cast_info","","","","6a28510dc1d30972",0,""
"GetTable",0,0,0,113,2,113,14458,"","info_type","","","","3fead0186f14db72",0,""
"GetTable",0,0,0,29774984,2,2.9775e+07,785765,"","movie_info","","","","3fead0186f14db72",0,""
"GetTable",0,0,0,362131,2,362131,23958,"","company_name","","","","3fead0186f14db72",0,""
"GetTable",0,0,0,4958296,2,4.9583e+06,126980,"","movie_companies","","","","3fead0186f14db72",0,""
"GetTable",0,0,0,1312273,1,1.31227e+06,40231,"","aka_name","","","","3fead0186f14db72",0,""
"GetTable",0,0,0,4736508,3,4.73651e+06,198991,"","title","","","","3fead0186f14db72",0,""
"GetTable",0,0,0,4314863,1,4.31486e+06,91568,"","char_name","","","","3fead0186f14db72",0,""
"GetTable",0,0,0,3758340,3,3.75834e+06,173846,"","name","","","","3fead0186f14db72",0,""
"GetTable",0,0,0,12,2,12,14039,"","role_type","","","","3fead0186f14db72",0,""
"GetTable",0,0,0,63475835,5,6.34758e+07,2440970,"","cast_info","","","","3fead0186f14db72",0,""
"GetTable",0,0,0,4,2,4,25144,"","company_type","","","","8300e582bc55d85e",0,""
"GetTable",0,0,0,4736508,3,4.73651e+06,124745,"","title","","","","8300e582bc55d85e",0,""
"GetTable",0,0,0,1380035,2,1.38004e+06,42536,"","movie_info_idx","","","","8300e582bc55d85e",0,""
"GetTable",0,0,0,113,2,113,4470,"","info_type","","","","8300e582bc55d85e",0,""
"GetTable",0,0,0,4958296,3,4.9583e+06,211633,"","movie_companies","","","","8300e582bc55d85e",0,""
"GetTable",0,0,0,4736508,3,4.73651e+06,117621,"","title","","","","a57ca56a670cc77e",0,""
"GetTable",0,0,0,4,2,4,8661,"","company_type","","","","a57ca56a670cc77e",0,""
"GetTable",0,0,0,1380035,2,1.38004e+06,35412,"","movie_info_idx","","","","a57ca56a670cc77e",0,""
"GetTable",0,0,0,113,2,113,3352,"","info_type","","","","a57ca56a670cc77e",0,""
"GetTable",0,0,0,4958296,3,4.9583e+06,103721,"","movie_companies","","","","a57ca56a670cc77e",0,""
"GetTable",0,0,0,4736508,3,4.73651e+06,99809,"","title","","","","5a3bd19c4580eecd",0,""
"GetTable",0,0,0,4,2,4,7404,"","company_type","","","","5a3bd19c4580eecd",0,""
"GetTable",0,0,0,1380035,2,1.38004e+06,41069,"","movie_info_idx","","","","5a3bd19c4580eecd",0,""
"GetTable",0,0,0,113,2,113,3772,"","info_type","","","","5a3bd19c4580eecd",0,""
"GetTable",0,0,0,4958296,3,4.9583e+06,134802,"","movie_companies","","","","5a3bd19c4580eecd",0,""
"GetTable",0,0,0,4736508,3,4.73651e+06,102673,"","title","","","","98be99912bb4b236",0,""
"GetTable",0,0,0,4,2,4,7543,"","company_type","","","","98be99912bb4b236",0,""
"GetTable",0,0,0,1380035,2,1.38004e+06,36320,"","movie_info_idx","","","","98be99912bb4b236",0,""
"GetTable",0,0,0,113,2,113,3842,"","info_type","","","","98be99912bb4b236",0,""
"GetTable",0,0,0,4958296,3,4.9583e+06,110706,"","movie_companies","","","","98be99912bb4b236",0,""
"GetTable",0,0,0,6379740,1,6.37974e+06,143673,"","name","","","","5852bb8141562f58",0,""
"GetTable",0,0,0,4314863,2,4.31486e+06,124815,"","char_name","","","","5852bb8141562f58",0,""
"GetTable",0,0,0,63475835,3,6.34758e+07,2750108,"","cast_info","","","","5852bb8141562f58",0,""
"GetTable",0,0,0,4,2,4,8172,"","comp_cast_type","","","","5852bb8141562f58",0,""
"GetTable",0,0,0,9,2,9,15087,"","kind_type","","","","5852bb8141562f58",0,""
"GetTable",0,0,0,135086,3,135086,16763,"","complete_cast","","","","5852bb8141562f58",0,""
"GetTable",0,0,0,7480087,2,7.48009e+06,222389,"","movie_keyword","","","","5852bb8141562f58",0,""
"GetTable",0,0,0,236627,2,236627,12922,"","keyword","","","","5852bb8141562f58",0,""
"GetTable",0,0,0,4736508,4,4.73651e+06,181389,"","title","","","","5852bb8141562f58",0,""
"GetTable",0,0,0,6379740,2,6.37974e+06,132707,"","name","","","","cffd305516c5ced3",0,""
"GetTable",0,0,0,4314863,2,4.31486e+06,107492,"","char_name","","","","cffd305516c5ced3",0,""
"GetTable",0,0,0,63475835,3,6.34758e+07,2481970,"","cast_info","","","","cffd305516c5ced3",0,""
"GetTable",0,0,0,4,2,4,7474,"","comp_cast_type","","","","cffd305516c5ced3",0,""
"GetTable",0,0,0,9,2,9,14178,"","kind_type","","","","cffd305516c5ced3",0,""
"GetTable",0,0,0,135086,3,135086,17112,"","complete_cast","","","","cffd305516c5ced3",0,""
"GetTable",0,0,0,7480087,2,7.48009e+06,219455,"","movie_keyword","","","","cffd305516c5ced3",0,""
"GetTable",0,0,0,236627,2,236627,12153,"","keyword","","","","cffd305516c5ced3",0,""
"GetTable",0,0,0,4736508,4,4.73651e+06,179573,"","title","","","","cffd305516c5ced3",0,""
"GetTable",0,0,0,6379740,2,6.37974e+06,122789,"","name","","","","7048ade95ec10d5f",0,""
"GetTable",0,0,0,4314863,2,4.31486e+06,97434,"","char_name","","","","7048ade95ec10d5f",0,""
"GetTable",0,0,0,63475835,3,6.34758e+07,3314043,"","cast_info","","","","7048ade95ec10d5f",0,""
"GetTable",0,0,0,4,2,4,7264,"","comp_cast_type","","","","7048ade95ec10d5f",0,""
"GetTable",0,0,0,9,2,9,14388,"","kind_type","","","","7048ade95ec10d5f",0,""
"GetTable",0,0,0,135086,3,135086,15925,"","complete_cast","","","","7048ade95ec10d5f",0,""
"GetTable",0,0,0,7480087,2,7.48009e+06,220503,"","movie_keyword","","","","7048ade95ec10d5f",0,""
"GetTable",0,0,0,236627,2,236627,15017,"","keyword","","","","7048ade95ec10d5f",0,""
"GetTable",0,0,0,4736508,4,4.73651e+06,182786,"","title","","","","7048ade95ec10d5f",0,""
"GetTable",0,0,0,29774984,2,2.9775e+07,920987,"","movie_info","","","","189c50074b9b5e6d",0,""
"GetTable",0,0,0,18,2,18,11874,"","link_type","","","","189c50074b9b5e6d",0,""
"GetTable",0,0,0,2585150,2,2.58515e+06,118947,"","movie_link","","","","189c50074b9b5e6d",0,""
"GetTable",0,0,0,4,2,4,15226,"","company_type","","","","189c50074b9b5e6d",0,""
"GetTable",0,0,0,362131,3,362131,26891,"","company_name","","","","189c50074b9b5e6d",0,""
"GetTable",0,0,0,4958296,4,4.9583e+06,212960,"","movie_companies","","","","189c50074b9b5e6d",0,""
"GetTable",0,0,0,4736508,3,4.73651e+06,190889,"","title","","","","189c50074b9b5e6d",0,""
"GetTable",0,0,0,7480087,2,7.48009e+06,234053,"","movie_keyword","","","","189c50074b9b5e6d",0,""
"GetTable",0,0,0,236627,2,236627,14458,"","keyword","","","","189c50074b9b5e6d",0,""
"GetTable",0,0,0,236627,2,236627,10407,"","keyword","","","","1fabf84defe8ee78",0,""
"GetTable",0,0,0,7480087,2,7.48009e+06,194311,"","movie_keyword","","","","1fabf84defe8ee78",0,""
"GetTable",0,0,0,18,2,18,13340,"","link_type","","","","1fabf84defe8ee78",0,""
"GetTable",0,0,0,2585150,2,2.58515e+06,106864,"","movie_link","","","","1fabf84defe8ee78",0,""
"GetTable",0,0,0,4,2,4,15087,"","company_type","","","","1fabf84defe8ee78",0,""
"GetTable",0,0,0,362131,3,362131,27938,"","company_name","","","","1fabf84defe8ee78",0,""
"GetTable",0,0,0,4958296,4,4.9583e+06,204788,"","movie_companies","","","","1fabf84defe8ee78",0,""
"GetTable",0,0,0,4736508,3,4.73651e+06,195079,"","title","","","","1fabf84defe8ee78",0,""
"GetTable",0,0,0,29774984,2,2.9775e+07,1605405,"","movie_info","","","","1fabf84defe8ee78",0,""
"GetTable",0,0,0,29774984,2,2.9775e+07,812307,"","movie_info","","","","f58d80f06407071",0,""
"GetTable",0,0,0,18,2,18,12083,"","link_type","","","","f58d80f06407071",0,""
"GetTable",0,0,0,2585150,2,2.58515e+06,118039,"","movie_link","","","","f58d80f06407071",0,""
"GetTable",0,0,0,4,2,4,14528,"","company_type","","","","f58d80f06407071",0,""
"GetTable",0,0,0,362131,3,362131,26821,"","company_name","","","","f58d80f06407071",0,""
"GetTable",0,0,0,4958296,4,4.9583e+06,208560,"","movie_companies","","","","f58d80f06407071",0,""
"GetTable",0,0,0,4736508,3,4.73651e+06,188584,"","title","","","","f58d80f06407071",0,""
"GetTable",0,0,0,7480087,2,7.48009e+06,251934,"","movie_keyword","","","","f58d80f06407071",0,""
"GetTable",0,0,0,236627,2,236627,14528,"","keyword","","","","f58d80f06407071",0,""
"GetTable",0,0,0,236627,2,236627,22980,"","keyword","","","","1dc5a991039d41fc",0,""
"GetTable",0,0,0,7480087,2,7.48009e+06,174475,"","movie_keyword","","","","1dc5a991039d41fc",0,""
"GetTable",0,0,0,362131,3,362131,27309,"","company_name","","","","1dc5a991039d41fc",0,""
"GetTable",0,0,0,4,1,4,7055,"","company_type","","","","1dc5a991039d41fc",0,""
"GetTable",0,0,0,4958296,4,4.9583e+06,148701,"","movie_companies","","","","1dc5a991039d41fc",0,""
"GetTable",0,0,0,9,2,9,11595,"","kind_type","","","","1dc5a991039d41fc",0,""
"GetTable",0,0,0,4736508,4,4.73651e+06,146187,"","title","","","","1dc5a991039d41fc",0,""
"GetTable",0,0,0,113,2,113,4890,"","info_type","","","","1dc5a991039d41fc",0,""
"GetTable",0,0,0,1380035,3,1.38004e+06,42117,"","movie_info_idx","","","","1dc5a991039d41fc",0,""
"GetTable",0,0,0,29774984,3,2.9775e+07,878730,"","movie_info","","","","1dc5a991039d41fc",0,""
"GetTable",0,0,0,236627,2,236627,25284,"","keyword","","","","e535b10594265d14",0,""
"GetTable",0,0,0,7480087,2,7.48009e+06,196406,"","movie_keyword","","","","e535b10594265d14",0,""
"GetTable",0,0,0,362131,3,362131,27240,"","company_name","","","","e535b10594265d14",0,""
"GetTable",0,0,0,4,1,4,7334,"","company_type","","","","e535b10594265d14",0,""
"GetTable",0,0,0,4958296,4,4.9583e+06,170633,"","movie_companies","","","","e535b10594265d14",0,""
"GetTable",0,0,0,9,2,9,12432,"","kind_type","","","","e535b10594265d14",0,""
"GetTable",0,0,0,4736508,4,4.73651e+06,156315,"","title","","","","e535b10594265d14",0,""
"GetTable",0,0,0,113,2,113,5029,"","info_type","","","","e535b10594265d14",0,""
"GetTable",0,0,0,1380035,3,1.38004e+06,39603,"","movie_info_idx","","","","e535b10594265d14",0,""
"GetTable",0,0,0,29774984,3,2.9775e+07,918542,"","movie_info","","","","e535b10594265d14",0,""
"GetTable",0,0,0,236627,2,236627,25214,"","keyword","","","","690ba7e7436ba120",0,""
"GetTable",0,0,0,7480087,2,7.48009e+06,195777,"","movie_keyword","","","","690ba7e7436ba120",0,""
"GetTable",0,0,0,362131,3,362131,27170,"","company_name","","","","690ba7e7436ba120",0,""
"GetTable",0,0,0,4,1,4,7473,"","company_type","","","","690ba7e7436ba120",0,""
"GetTable",0,0,0,4958296,4,4.9583e+06,171192,"","movie_companies","","","","690ba7e7436ba120",0,""
"GetTable",0,0,0,9,2,9,11524,"","kind_type","","","","690ba7e7436ba120",0,""
"GetTable",0,0,0,4736508,4,4.73651e+06,161413,"","title","","","","690ba7e7436ba120",0,""
"GetTable",0,0,0,113,2,113,13201,"","info_type","","","","690ba7e7436ba120",0,""
"GetTable",0,0,0,1380035,3,1.38004e+06,41348,"","movie_info_idx","","","","690ba7e7436ba120",0,""
"GetTable",0,0,0,29774984,3,2.9775e+07,923501,"","movie_info","","","","690ba7e7436ba120",0,""
"GetTable",0,0,0,236627,2,236627,23747,"","keyword","","","","1f5d3db6579cb62e",0,""
"GetTable",0,0,0,7480087,2,7.48009e+06,186418,"","movie_keyword","","","","1f5d3db6579cb62e",0,""
"GetTable",0,0,0,4,1,4,12852,"","company_type","","","","1f5d3db6579cb62e",0,""
"GetTable",0,0,0,362131,3,362131,24725,"","company_name","","","","1f5d3db6579cb62e",0,""
"GetTable",0,0,0,4958296,3,4.9583e+06,145978,"","movie_companies","","","","1f5d3db6579cb62e",0,""
"GetTable",0,0,0,9,2,9,13061,"","kind_type","","","","1f5d3db6579cb62e",0,""
"GetTable",0,0,0,4736508,4,4.73651e+06,151985,"","title","","","","1f5d3db6579cb62e",0,""
"GetTable",0,0,0,113,2,113,14737,"","info_type","","","","1f5d3db6579cb62e",0,""
"GetTable",0,0,0,1380035,3,1.38004e+06,39463,"","movie_info_idx","","","","1f5d3db6579cb62e",0,""
"GetTable",0,0,0,29774984,3,2.9775e+07,873770,"","movie_info","","","","1f5d3db6579cb62e",0,""
"GetTable",0,0,0,236627,1,236627,22350,"","keyword","","","","de18eadd872133ce",0,""
"GetTable",0,0,0,7480087,2,7.48009e+06,200807,"","movie_keyword","","","","de18eadd872133ce",0,""
"GetTable",0,0,0,113,2,113,7333,"","info_type","","","","de18eadd872133ce",0,""
"GetTable",0,0,0,4,1,4,12154,"","company_type","","","","de18eadd872133ce",0,""
"GetTable",0,0,0,362131,2,362131,28916,"","company_name","","","","de18eadd872133ce",0,""
"GetTable",0,0,0,4958296,3,4.9583e+06,166372,"","movie_companies","","","","de18eadd872133ce",0,""
"GetTable",0,0,0,29774984,4,2.9775e+07,1011996,"","movie_info","","","","de18eadd872133ce",0,""
"GetTable",0,0,0,9,2,9,15017,"","kind_type","","","","de18eadd872133ce",0,""
"GetTable",0,0,0,135086,2,135086,12293,"","complete_cast","","","","de18eadd872133ce",0,""
"GetTable",0,0,0,4,2,4,6216,"","comp_cast_type","","","","de18eadd872133ce",0,""
"GetTable",0,0,0,4736508,4,4.73651e+06,185930,"","title","","","","de18eadd872133ce",0,""
"GetTable",0,0,0,113,2,113,12852,"","info_type","","","","e6ff9fb940c4a932",0,""
"GetTable",0,0,0,4,1,4,9639,"","company_type","","","","e6ff9fb940c4a932",0,""
"GetTable",0,0,0,29774984,4,2.9775e+07,959821,"","movie_info","","","","e6ff9fb940c4a932",0,""
"GetTable",0,0,0,362131,2,362131,19207,"","company_name","","","","e6ff9fb940c4a932",0,""
"GetTable",0,0,0,4958296,3,4.9583e+06,157921,"","movie_companies","","","","e6ff9fb940c4a932",0,""
"GetTable",0,0,0,4,2,4,7124,"","comp_cast_type","","","","e6ff9fb940c4a932",0,""
"GetTable",0,0,0,135086,2,135086,9639,"","complete_cast","","","","e6ff9fb940c4a932",0,""
"GetTable",0,0,0,9,2,9,14528,"","kind_type","","","","e6ff9fb940c4a932",0,""
"GetTable",0,0,0,7480087,2,7.48009e+06,181389,"","movie_keyword","","","","e6ff9fb940c4a932",0,""
"GetTable",0,0,0,236627,2,236627,10058,"","keyword","","","","e6ff9fb940c4a932",0,""
"GetTable",0,0,0,4736508,4,4.73651e+06,153800,"","title","","","","e6ff9fb940c4a932",0,""
"GetTable",0,0,0,236627,1,236627,23957,"","keyword","","","","9083f27fee807a7",0,""
"GetTable",0,0,0,7480087,2,7.48009e+06,190330,"","movie_keyword","","","","9083f27fee807a7",0,""
"GetTable",0,0,0,113,2,113,10756,"","info_type","","","","9083f27fee807a7",0,""
"GetTable",0,0,0,4,1,4,10337,"","company_type","","","","9083f27fee807a7",0,""
"GetTable",0,0,0,362131,2,362131,28217,"","company_name","","","","9083f27fee807a7",0,""
"GetTable",0,0,0,4958296,3,4.9583e+06,165604,"","movie_companies","","","","9083f27fee807a7",0,""
"GetTable",0,0,0,29774984,4,2.9775e+07,953186,"","movie_info","","","","9083f27fee807a7",0,""
"GetTable",0,0,0,9,2,9,12992,"","kind_type","","","","9083f27fee807a7",0,""
"GetTable",0,0,0,4736508,4,4.73651e+06,179713,"","title","","","","9083f27fee807a7",0,""
"GetTable",0,0,0,135086,2,135086,12153,"","complete_cast","","","","9083f27fee807a7",0,""
"GetTable",0,0,0,4,2,4,6146,"","comp_cast_type","","","","9083f27fee807a7",0,""
"GetTable",0,0,0,1312273,1,1.31227e+06,65306,"","aka_name","","","","a89c0e5da3a1322e",0,""
"GetTable",0,0,0,4314863,2,4.31486e+06,137247,"","char_name","","","","a89c0e5da3a1322e",0,""
"GetTable",0,0,0,3758340,3,3.75834e+06,147584,"","name","","","","a89c0e5da3a1322e",0,""
"GetTable",0,0,0,12,2,12,14109,"","role_type","","","","a89c0e5da3a1322e",0,""
"GetTable",0,0,0,113,2,113,12362,"","info_type","","","","a89c0e5da3a1322e",0,""
"GetTable",0,0,0,63475835,5,6.34758e+07,2755975,"","cast_info","","","","a89c0e5da3a1322e",0,""
"GetTable",0,0,0,362131,2,362131,23887,"","company_name","","","","a89c0e5da3a1322e",0,""
"GetTable",0,0,0,4958296,2,4.9583e+06,184323,"","movie_companies","","","","a89c0e5da3a1322e",0,""
"GetTable",0,0,0,29774984,3,2.9775e+07,952557,"","movie_info","","","","a89c0e5da3a1322e",0,""
"GetTable",0,0,0,4736508,3,4.73651e+06,188304,"","title","","","","a89c0e5da3a1322e",0,""
"GetTable",0,0,0,7480087,2,7.48009e+06,227697,"","movie_keyword","","","","a89c0e5da3a1322e",0,""
"GetTable",0,0,0,236627,2,236627,14807,"","keyword","","","","a89c0e5da3a1322e",0,""
"GetTable",0,0,0,1312273,1,1.31227e+06,66564,"","aka_name","","","","4f7224144c137ce3",0,""
"GetTable",0,0,0,3758340,3,3.75834e+06,158270,"","name","","","","4f7224144c137ce3",0,""
"GetTable",0,0,0,12,2,12,5797,"","role_type","","","","4f7224144c137ce3",0,""
"GetTable",0,0,0,4314863,2,4.31486e+06,141787,"","char_name","","","","4f7224144c137ce3",0,""
"GetTable",0,0,0,63475835,5,6.34758e+07,2808848,"","cast_info","","","","4f7224144c137ce3",0,""
"GetTable",0,0,0,236627,2,236627,20395,"","keyword","","","","4f7224144c137ce3",0,""
"GetTable",0,0,0,7480087,2,7.48009e+06,206115,"","movie_keyword","","","","4f7224144c137ce3",0,""
"GetTable",0,0,0,113,2,113,3981,"","info_type","","","","4f7224144c137ce3",0,""
"GetTable",0,0,0,4146693,3,4.14669e+06,176430,"","title","","","","4f7224144c137ce3",0,""
"GetTable",0,0,0,4958296,2,4.9583e+06,177478,"","movie_companies","","","","4f7224144c137ce3",0,""
"GetTable",0,0,0,29774984,3,2.9775e+07,973231,"","movie_info","","","","4f7224144c137ce3",0,""
"GetTable",0,0,0,362131,3,362131,30452,"","company_name","","","","4f7224144c137ce3",0,""
"GetTable",0,0,0,4872435,3,4.87244e+06,152334,"","name","","","","4b5dde8aed78350f",0,""
"GetTable",0,0,0,63475835,3,6.34758e+07,1877525,"","cast_info","","","","4b5dde8aed78350f",0,""
"GetTable",0,0,0,236627,2,236627,12712,"","keyword","","","","4b5dde8aed78350f",0,""
"GetTable",0,0,0,7480087,2,7.48009e+06,174055,"","movie_keyword","","","","4b5dde8aed78350f",0,""
"GetTable",0,0,0,4736508,2,4.73651e+06,119088,"","title","","","","4b5dde8aed78350f",0,""
"GetTable",0,0,0,113,2,113,4470,"","info_type","","","","4b5dde8aed78350f",0,""
"GetTable",0,0,0,1380035,3,1.38004e+06,44003,"","movie_info_idx","","","","4b5dde8aed78350f",0,""
"GetTable",0,0,0,23854740,3,2.38547e+07,584190,"","movie_info","","","","4b5dde8aed78350f",0,""
"GetTable",0,0,0,4872435,3,4.87244e+06,169307,"","name","","","","c75a29e66cedf32",0,""
"GetTable",0,0,0,63475835,3,6.34758e+07,2160820,"","cast_info","","","","c75a29e66cedf32",0,""
"GetTable",0,0,0,236627,2,236627,27938,"","keyword","","","","c75a29e66cedf32",0,""
"GetTable",0,0,0,7480087,2,7.48009e+06,197314,"","movie_keyword","","","","c75a29e66cedf32",0,""
"GetTable",0,0,0,113,2,113,11454,"","info_type","","","","c75a29e66cedf32",0,""
"GetTable",0,0,0,23854740,3,2.38547e+07,735406,"","movie_info","","","","c75a29e66cedf32",0,""
"GetTable",0,0,0,1380035,3,1.38004e+06,61395,"","movie_info_idx","","","","c75a29e66cedf32",0,""
"GetTable",0,0,0,4736508,3,4.73651e+06,142555,"","title","","","","c75a29e66cedf32",0,""
"GetTable",0,0,0,4872435,3,4.87244e+06,119576,"","name","","","","fe65e54f837c8b35",0,""
"GetTable",0,0,0,63475835,3,6.34758e+07,2205800,"","cast_info","","","","fe65e54f837c8b35",0,""
"GetTable",0,0,0,236627,2,236627,19208,"","keyword","","","","fe65e54f837c8b35",0,""
"GetTable",0,0,0,7480087,2,7.48009e+06,210865,"","movie_keyword","","","","fe65e54f837c8b35",0,""
"GetTable",0,0,0,4736508,2,4.73651e+06,134593,"","title","","","","fe65e54f837c8b35",0,""
"GetTable",0,0,0,113,2,113,4400,"","info_type","","","","fe65e54f837c8b35",0,""
"GetTable",0,0,0,1380035,3,1.38004e+06,46238,"","movie_info_idx","","","","fe65e54f837c8b35",0,""
"GetTable",0,0,0,29774984,3,2.9775e+07,970856,"","movie_info","","","","fe65e54f837c8b35",0,""
"GetTable",0,0,0,6379740,2,6.37974e+06,155198,"","name","","","","835c553949d5c668",0,""
"GetTable",0,0,0,4314863,2,4.31486e+06,122928,"","char_name","","","","835c553949d5c668",0,""
"GetTable",0,0,0,63475835,3,6.34758e+07,2415896,"","cast_info","","","","835c553949d5c668",0,""
"GetTable",0,0,0,4,2,4,8661,"","comp_cast_type","","","","835c553949d5c668",0,""
"GetTable",0,0,0,135086,3,135086,15086,"","complete_cast","","","","835c553949d5c668",0,""
"GetTable",0,0,0,9,2,9,8312,"","kind_type","","","","835c553949d5c668",0,""
"GetTable",0,0,0,4736508,4,4.73651e+06,187606,"","title","","","","835c553949d5c668",0,""
"GetTable",0,0,0,113,2,113,11804,"","info_type","","","","835c553949d5c668",0,""
"GetTable",0,0,0,7480087,2,7.48009e+06,220503,"","movie_keyword","","","","835c553949d5c668",0,""
"GetTable",0,0,0,236627,2,236627,12293,"","keyword","","","","835c553949d5c668",0,""
"GetTable",0,0,0,1380035,3,1.38004e+06,50568,"","movie_info_idx","","","","835c553949d5c668",0,""
"GetTable",0,0,0,6379740,1,6.37974e+06,122998,"","name","","","","673e7decfe667448",0,""
"GetTable",0,0,0,4314863,2,4.31486e+06,102883,"","char_name","","","","673e7decfe667448",0,""
"GetTable",0,0,0,63475835,3,6.34758e+07,2369378,"","cast_info","","","","673e7decfe667448",0,""
"GetTable",0,0,0,4,2,4,9848,"","comp_cast_type","","","","673e7decfe667448",0,""
"GetTable",0,0,0,135086,3,135086,13969,"","complete_cast","","","","673e7decfe667448",0,""
"GetTable",0,0,0,9,2,9,6984,"","kind_type","","","","673e7decfe667448",0,""
"GetTable",0,0,0,4736508,4,4.73651e+06,203810,"","title","","","","673e7decfe667448",0,""
"GetTable",0,0,0,113,2,113,11525,"","info_type","","","","673e7decfe667448",0,""
"GetTable",0,0,0,7480087,2,7.48009e+06,217290,"","movie_keyword","","","","673e7decfe667448",0,""
"GetTable",0,0,0,236627,2,236627,12432,"","keyword","","","","673e7decfe667448",0,""
"GetTable",0,0,0,1380035,3,1.38004e+06,50009,"","movie_info_idx","","","","673e7decfe667448",0,""
"GetTable",0,0,0,6379740,1,6.37974e+06,119366,"","name","","","","9321416f23fda139",0,""
"GetTable",0,0,0,4314863,2,4.31486e+06,103092,"","char_name","","","","9321416f23fda139",0,""
"GetTable",0,0,0,63475835,3,6.34758e+07,2342558,"","cast_info","","","","9321416f23fda139",0,""
"GetTable",0,0,0,4,2,4,8940,"","comp_cast_type","","","","9321416f23fda139",0,""
"GetTable",0,0,0,135086,3,135086,15436,"","complete_cast","","","","9321416f23fda139",0,""
"GetTable",0,0,0,9,2,9,12503,"","kind_type","","","","9321416f23fda139",0,""
"GetTable",0,0,0,113,2,113,12153,"","info_type","","","","9321416f23fda139",0,""
"GetTable",0,0,0,4736508,4,4.73651e+06,186628,"","title","","","","9321416f23fda139",0,""
"GetTable",0,0,0,1380035,3,1.38004e+06,52035,"","movie_info_idx","","","","9321416f23fda139",0,""
"GetTable",0,0,0,7480087,2,7.48009e+06,227976,"","movie_keyword","","","","9321416f23fda139",0,""
"GetTable",0,0,0,236627,2,236627,14388,"","keyword","","","","9321416f23fda139",0,""
"GetTable",0,0,0,236627,2,236627,20256,"","keyword","","","","8177e2fde10fd255",0,""
"GetTable",0,0,0,7480087,2,7.48009e+06,231678,"","movie_keyword","","","","8177e2fde10fd255",0,""
"GetTable",0,0,0,18,2,18,5518,"","link_type","","","","8177e2fde10fd255",0,""
"GetTable",0,0,0,2585150,2,2.58515e+06,93803,"","movie_link","","","","8177e2fde10fd255",0,""
"GetTable",0,0,0,4,2,4,12083,"","company_type","","","","8177e2fde10fd255",0,""
"GetTable",0,0,0,362131,3,362131,24097,"","company_name","","","","8177e2fde10fd255",0,""
"GetTable",0,0,0,4958296,4,4.9583e+06,193124,"","movie_companies","","","","8177e2fde10fd255",0,""
"GetTable",0,0,0,4,2,4,14178,"","comp_cast_type","","","","8177e2fde10fd255",0,""
"GetTable",0,0,0,135086,3,135086,11315,"","complete_cast","","","","8177e2fde10fd255",0,""
"GetTable",0,0,0,29774984,2,2.9775e+07,925946,"","movie_info","","","","8177e2fde10fd255",0,""
"GetTable",0,0,0,4736508,3,4.73651e+06,204578,"","title","","","","8177e2fde10fd255",0,""
"GetTable",0,0,0,236627,2,236627,23119,"","keyword","","","","f793fdbada0c5751",0,""
"GetTable",0,0,0,7480087,2,7.48009e+06,239222,"","movie_keyword","","","","f793fdbada0c5751",0,""
"GetTable",0,0,0,18,2,18,5588,"","link_type","","","","f793fdbada0c5751",0,""
"GetTable",0,0,0,2585150,2,2.58515e+06,93454,"","movie_link","","","","f793fdbada0c5751",0,""
"GetTable",0,0,0,4,2,4,11665,"","company_type","","","","f793fdbada0c5751",0,""
"GetTable",0,0,0,362131,3,362131,25843,"","company_name","","","","f793fdbada0c5751",0,""
"GetTable",0,0,0,4958296,4,4.9583e+06,191098,"","movie_companies","","","","f793fdbada0c5751",0,""
"GetTable",0,0,0,4,2,4,4680,"","comp_cast_type","","","","f793fdbada0c5751",0,""
"GetTable",0,0,0,135086,3,135086,12782,"","complete_cast","","","","f793fdbada0c5751",0,""
"GetTable",0,0,0,29774984,2,2.9775e+07,882781,"","movie_info","","","","f793fdbada0c5751",0,""
"GetTable",0,0,0,4736508,3,4.73651e+06,197105,"","title","","","","f793fdbada0c5751",0,""
"GetTable",0,0,0,29774984,2,2.9775e+07,940194,"","movie_info","","","","5795dcd578299fea",0,""
"GetTable",0,0,0,18,2,18,7823,"","link_type","","","","5795dcd578299fea",0,""
"GetTable",0,0,0,2585150,2,2.58515e+06,95898,"","movie_link","","","","5795dcd578299fea",0,""
"GetTable",0,0,0,4,2,4,8940,"","company_type","","","","5795dcd578299fea",0,""
"GetTable",0,0,0,362131,3,362131,26262,"","company_name","","","","5795dcd578299fea",0,""
"GetTable",0,0,0,4,2,4,11176,"","comp_cast_type","","","","5795dcd578299fea",0,""
"GetTable",0,0,0,4958296,4,4.9583e+06,206394,"","movie_companies","","","","5795dcd578299fea",0,""
"GetTable",0,0,0,135086,3,135086,11105,"","complete_cast","","","","5795dcd578299fea",0,""
"GetTable",0,0,0,4736508,3,4.73651e+06,176012,"","title","","","","5795dcd578299fea",0,""
"GetTable",0,0,0,7480087,2,7.48009e+06,202483,"","movie_keyword","","","","5795dcd578299fea",0,""
"GetTable",0,0,0,236627,2,236627,10128,"","keyword","","","","5795dcd578299fea",0,""
"GetTable",0,0,0,236627,2,236627,32548,"","keyword","","","","791e995e2f5a4bee",0,""
"GetTable",0,0,0,7480087,2,7.48009e+06,219456,"","movie_keyword","","","","791e995e2f5a4bee",0,""
"GetTable",0,0,0,4,1,4,10547,"","company_type","","","","791e995e2f5a4bee",0,""
"GetTable",0,0,0,362131,3,362131,23957,"","company_name","","","","791e995e2f5a4bee",0,""
"GetTable",0,0,0,4958296,4,4.9583e+06,190050,"","movie_companies","","","","791e995e2f5a4bee",0,""
"GetTable",0,0,0,4,2,4,9988,"","comp_cast_type","","","","791e995e2f5a4bee",0,""
"GetTable",0,0,0,135086,3,135086,10966,"","complete_cast","","","","791e995e2f5a4bee",0,""
"GetTable",0,0,0,9,2,9,13131,"","kind_type","","","","791e995e2f5a4bee",0,""
"GetTable",0,0,0,4736508,4,4.73651e+06,175802,"","title","","","","791e995e2f5a4bee",0,""
"GetTable",0,0,0,113,2,113,13969,"","info_type","","","","791e995e2f5a4bee",0,""
"GetTable",0,0,0,1380035,3,1.38004e+06,43724,"","movie_info_idx","","","","791e995e2f5a4bee",0,""
"GetTable",0,0,0,29774984,3,2.9775e+07,1017513,"","movie_info","","","","791e995e2f5a4bee",0,""
"GetTable",0,0,0,236627,2,236627,30243,"","keyword","","","","95413b3d2f60596b",0,""
"GetTable",0,0,0,7480087,2,7.48009e+06,317100,"","movie_keyword","","","","95413b3d2f60596b",0,""
"GetTable",0,0,0,4,1,4,10616,"","company_type","","","","95413b3d2f60596b",0,""
"GetTable",0,0,0,362131,3,362131,33596,"","company_name","","","","95413b3d2f60596b",0,""
"GetTable",0,0,0,4958296,4,4.9583e+06,187536,"","movie_companies","","","","95413b3d2f60596b",0,""
"GetTable",0,0,0,4,2,4,8521,"","comp_cast_type","","","","95413b3d2f60596b",0,""
"GetTable",0,0,0,135086,3,135086,10547,"","complete_cast","","","","95413b3d2f60596b",0,""
"GetTable",0,0,0,9,2,9,12433,"","kind_type","","","","95413b3d2f60596b",0,""
"GetTable",0,0,0,4736508,4,4.73651e+06,176779,"","title","","","","95413b3d2f60596b",0,""
"GetTable",0,0,0,113,2,113,4680,"","info_type","","","","95413b3d2f60596b",0,""
"GetTable",0,0,0,1380035,3,1.38004e+06,43653,"","movie_info_idx","","","","95413b3d2f60596b",0,""
"GetTable",0,0,0,29774984,3,2.9775e+07,1116485,"","movie_info","","","","95413b3d2f60596b",0,""
"GetTable",0,0,0,236627,2,236627,31012,"","keyword","","","","a25da5a3d29f36dc",0,""
"GetTable",0,0,0,7480087,2,7.48009e+06,218059,"","movie_keyword","","","","a25da5a3d29f36dc",0,""
"GetTable",0,0,0,4,1,4,10127,"","company_type","","","","a25da5a3d29f36dc",0,""
"GetTable",0,0,0,362131,3,362131,27310,"","company_name","","","","a25da5a3d29f36dc",0,""
"GetTable",0,0,0,4958296,4,4.9583e+06,193892,"","movie_companies","","","","a25da5a3d29f36dc",0,""
"GetTable",0,0,0,4,2,4,10198,"","comp_cast_type","","","","a25da5a3d29f36dc",0,""
"GetTable",0,0,0,135086,3,135086,11874,"","complete_cast","","","","a25da5a3d29f36dc",0,""
"GetTable",0,0,0,9,2,9,12293,"","kind_type","","","","a25da5a3d29f36dc",0,""
"GetTable",0,0,0,4736508,4,4.73651e+06,179853,"","title","","","","a25da5a3d29f36dc",0,""
"GetTable",0,0,0,113,2,113,13062,"","info_type","","","","a25da5a3d29f36dc",0,""
"GetTable",0,0,0,1380035,3,1.38004e+06,44282,"","movie_info_idx","","","","a25da5a3d29f36dc",0,""
"GetTable",0,0,0,29774984,3,2.9775e+07,996281,"","movie_info","","","","a25da5a3d29f36dc",0,""
"GetTable",0,0,0,236627,2,236627,41488,"","keyword","","","","8274199afd4ba671",0,""
"GetTable",0,0,0,7480087,2,7.48009e+06,221062,"","movie_keyword","","","","8274199afd4ba671",0,""
"GetTable",0,0,0,113,2,113,4819,"","info_type","","","","8274199afd4ba671",0,""
"GetTable",0,0,0,29774984,3,2.9775e+07,987479,"","movie_info","","","","8274199afd4ba671",0,""
"GetTable",0,0,0,4130207,2,4.13021e+06,142486,"","person_info","","","","8274199afd4ba671",0,""
"GetTable",0,0,0,362131,2,362131,29056,"","company_name","","","","8274199afd4ba671",0,""
"GetTable",0,0,0,4958296,2,4.9583e+06,150727,"","movie_companies","","","","8274199afd4ba671",0,""
"GetTable",0,0,0,1312273,1,1.31227e+06,43653,"","aka_name","","","","8274199afd4ba671",0,""
"GetTable",0,0,0,4,2,4,7683,"","comp_cast_type","","","","8274199afd4ba671",0,""
"GetTable",0,0,0,135086,3,135086,13271,"","complete_cast","","","","8274199afd4ba671",0,""
"GetTable",0,0,0,4539903,3,4.5399e+06,167840,"","title","","","","8274199afd4ba671",0,""
"GetTable",0,0,0,12,2,12,10547,"","role_type","","","","8274199afd4ba671",0,""
"GetTable",0,0,0,3758340,3,3.75834e+06,159109,"","name","","","","8274199afd4ba671",0,""
"GetTable",0,0,0,4314863,2,4.31486e+06,123487,"","char_name","","","","8274199afd4ba671",0,""
"GetTable",0,0,0,63475835,5,6.34758e+07,2826310,"","cast_info","","","","8274199afd4ba671",0,""
"GetTable",0,0,0,236627,2,236627,29824,"","keyword","","","","8b12111821517954",0,""
"GetTable",0,0,0,7480087,2,7.48009e+06,216732,"","movie_keyword","","","","8b12111821517954",0,""
"GetTable",0,0,0,113,2,113,4540,"","info_type","","","","8b12111821517954",0,""
"GetTable",0,0,0,29774984,3,2.9775e+07,983219,"","movie_info","","","","8b12111821517954",0,""
"GetTable",0,0,0,4130207,2,4.13021e+06,122369,"","person_info","","","","8b12111821517954",0,""
"GetTable",0,0,0,362131,2,362131,27379,"","company_name","","","","8b12111821517954",0,""
"GetTable",0,0,0,4958296,2,4.9583e+06,143114,"","movie_companies","","","","8b12111821517954",0,""
"GetTable",0,0,0,1312273,1,1.31227e+06,42327,"","aka_name","","","","8b12111821517954",0,""
"GetTable",0,0,0,4,2,4,9638,"","comp_cast_type","","","","8b12111821517954",0,""
"GetTable",0,0,0,135086,3,135086,10826,"","complete_cast","","","","8b12111821517954",0,""
"GetTable",0,0,0,4539903,3,4.5399e+06,145838,"","title","","","","8b12111821517954",0,""
"GetTable",0,0,0,12,2,12,11455,"","role_type","","","","8b12111821517954",0,""
"GetTable",0,0,0,3758340,3,3.75834e+06,120414,"","name","","","","8b12111821517954",0,""
"GetTable",0,0,0,4314863,2,4.31486e+06,118528,"","char_name","","","","8b12111821517954",0,""
"GetTable",0,0,0,63475835,5,6.34758e+07,2740330,"","cast_info","","","","8b12111821517954",0,""
"GetTable",0,0,0,113,2,113,11944,"","info_type","","","","1e0dd5fbc7f0e64c",0,""
"GetTable",0,0,0,4130207,2,4.13021e+06,153521,"","person_info","","","","1e0dd5fbc7f0e64c",0,""
"GetTable",0,0,0,1312273,1,1.31227e+06,44841,"","aka_name","","","","1e0dd5fbc7f0e64c",0,""
"GetTable",0,0,0,3758340,3,3.75834e+06,162811,"","name","","","","1e0dd5fbc7f0e64c",0,""
"GetTable",0,0,0,12,2,12,4959,"","role_type","","","","1e0dd5fbc7f0e64c",0,""
"GetTable",0,0,0,4314863,2,4.31486e+06,135570,"","char_name","","","","1e0dd5fbc7f0e64c",0,""
"GetTable",0,0,0,63475835,5,6.34758e+07,2789781,"","cast_info","","","","1e0dd5fbc7f0e64c",0,""
"GetTable",0,0,0,362131,2,362131,23468,"","company_name","","","","1e0dd5fbc7f0e64c",0,""
"GetTable",0,0,0,29774984,3,2.9775e+07,1255827,"","movie_info","","","","1e0dd5fbc7f0e64c",0,""
"GetTable",0,0,0,4958296,2,4.9583e+06,170075,"","movie_companies","","","","1e0dd5fbc7f0e64c",0,""
"GetTable",0,0,0,4,2,4,9918,"","comp_cast_type","","","","1e0dd5fbc7f0e64c",0,""
"GetTable",0,0,0,135086,3,135086,15017,"","complete_cast","","","","1e0dd5fbc7f0e64c",0,""
"GetTable",0,0,0,4736508,3,4.73651e+06,184043,"","title","","","","1e0dd5fbc7f0e64c",0,""
"GetTable",0,0,0,7480087,2,7.48009e+06,215614,"","movie_keyword","","","","1e0dd5fbc7f0e64c",0,""
"GetTable",0,0,0,236627,2,236627,13551,"","keyword","","","","1e0dd5fbc7f0e64c",0,""
"GetTable",0,0,0,4736508,2,4.73651e+06,117969,"","title","","","","ea825117c3dd6543",0,""
"GetTable",0,0,0,362131,2,362131,31291,"","company_name","","","","ea825117c3dd6543",0,""
"GetTable",0,0,0,4958296,2,4.9583e+06,114338,"","movie_companies","","","","ea825117c3dd6543",0,""
"GetTable",0,0,0,7480087,2,7.48009e+06,175104,"","movie_keyword","","","","ea825117c3dd6543",0,""
"GetTable",0,0,0,236627,2,236627,9289,"","keyword","","","","ea825117c3dd6543",0,""
"GetTable",0,0,0,4736508,2,4.73651e+06,94991,"","title","","","","892a1a5bb64b7f8f",0,""
"GetTable",0,0,0,362131,2,362131,11943,"","company_name","","","","892a1a5bb64b7f8f",0,""
"GetTable",0,0,0,4958296,2,4.9583e+06,98204,"","movie_companies","","","","892a1a5bb64b7f8f",0,""
"GetTable",0,0,0,7480087,2,7.48009e+06,131589,"","movie_keyword","","","","892a1a5bb64b7f8f",0,""
"GetTable",0,0,0,236627,2,236627,8871,"","keyword","","","","892a1a5bb64b7f8f",0,""
"GetTable",0,0,0,4736508,2,4.73651e+06,98692,"","title","","","","b41e191683d16d85",0,""
"GetTable",0,0,0,362131,2,362131,35272,"","company_name","","","","b41e191683d16d85",0,""
"GetTable",0,0,0,4958296,2,4.9583e+06,103302,"","movie_companies","","","","b41e191683d16d85",0,""
"GetTable",0,0,0,7480087,2,7.48009e+06,131799,"","movie_keyword","","","","b41e191683d16d85",0,""
"GetTable",0,0,0,236627,2,236627,8311,"","keyword","","","","b41e191683d16d85",0,""
"GetTable",0,0,0,4736508,2,4.73651e+06,97086,"","title","","","","6e185b0beb12a90d",0,""
"GetTable",0,0,0,362131,2,362131,31920,"","company_name","","","","6e185b0beb12a90d",0,""
"GetTable",0,0,0,4958296,2,4.9583e+06,161204,"","movie_companies","","","","6e185b0beb12a90d",0,""
"GetTable",0,0,0,7480087,2,7.48009e+06,243343,"","movie_keyword","","","","6e185b0beb12a90d",0,""
"GetTable",0,0,0,236627,2,236627,10826,"","keyword","","","","6e185b0beb12a90d",0,""
"GetTable",0,0,0,4872435,3,4.87244e+06,183555,"","name","","","","944f678a61f8216f",0,""
"GetTable",0,0,0,63475835,3,6.34758e+07,2368331,"","cast_info","","","","944f678a61f8216f",0,""
"GetTable",0,0,0,236627,2,236627,14598,"","keyword","","","","944f678a61f8216f",0,""
"GetTable",0,0,0,7480087,2,7.48009e+06,206813,"","movie_keyword","","","","944f678a61f8216f",0,""
"GetTable",0,0,0,4,2,4,13480,"","comp_cast_type","","","","944f678a61f8216f",0,""
"GetTable",0,0,0,135086,3,135086,10686,"","complete_cast","","","","944f678a61f8216f",0,""
"GetTable",0,0,0,4736508,3,4.73651e+06,149051,"","title","","","","944f678a61f8216f",0,""
"GetTable",0,0,0,113,2,113,4610,"","info_type","","","","944f678a61f8216f",0,""
"GetTable",0,0,0,1380035,3,1.38004e+06,48123,"","movie_info_idx","","","","944f678a61f8216f",0,""
"GetTable",0,0,0,29774984,3,2.9775e+07,955142,"","movie_info","","","","944f678a61f8216f",0,""
"GetTable",0,0,0,4872435,3,4.87244e+06,181739,"","name","","","","ebe3bded4a0fe40a",0,""
"GetTable",0,0,0,63475835,3,6.34758e+07,2329147,"","cast_info","","","","ebe3bded4a0fe40a",0,""
"GetTable",0,0,0,236627,2,236627,15087,"","keyword","","","","ebe3bded4a0fe40a",0,""
"GetTable",0,0,0,7480087,2,7.48009e+06,209747,"","movie_keyword","","","","ebe3bded4a0fe40a",0,""
"GetTable",0,0,0,4,2,4,13969,"","comp_cast_type","","","","ebe3bded4a0fe40a",0,""
"GetTable",0,0,0,135086,3,135086,10895,"","complete_cast","","","","ebe3bded4a0fe40a",0,""
"GetTable",0,0,0,113,2,113,12782,"","info_type","","","","ebe3bded4a0fe40a",0,""
"GetTable",0,0,0,1380035,3,1.38004e+06,57623,"","movie_info_idx","","","","ebe3bded4a0fe40a",0,""
"GetTable",0,0,0,4736508,3,4.73651e+06,163230,"","title","","","","ebe3bded4a0fe40a",0,""
"GetTable",0,0,0,29774984,3,2.9775e+07,1050690,"","movie_info","","","","ebe3bded4a0fe40a",0,""
"GetTable",0,0,0,4872435,3,4.87244e+06,183275,"","name","","","","b10fbad51c7accc2",0,""
"GetTable",0,0,0,63475835,3,6.34758e+07,2321744,"","cast_info","","","","b10fbad51c7accc2",0,""
"GetTable",0,0,0,236627,2,236627,14598,"","keyword","","","","b10fbad51c7accc2",0,""
"GetTable",0,0,0,7480087,2,7.48009e+06,477117,"","movie_keyword","","","","b10fbad51c7accc2",0,""
"GetTable",0,0,0,4,2,4,12014,"","comp_cast_type","","","","b10fbad51c7accc2",0,""
"GetTable",0,0,0,135086,3,135086,12014,"","complete_cast","","","","b10fbad51c7accc2",0,""
"GetTable",0,0,0,4736508,2,4.73651e+06,149749,"","title","","","","b10fbad51c7accc2",0,""
"GetTable",0,0,0,113,2,113,4959,"","info_type","","","","b10fbad51c7accc2",0,""
"GetTable",0,0,0,1380035,3,1.38004e+06,47426,"","movie_info_idx","","","","b10fbad51c7accc2",0,""
"GetTable",0,0,0,29774984,3,2.9775e+07,938448,"","movie_info","","","","b10fbad51c7accc2",0,""
"GetTable",0,0,0,4872435,3,4.87244e+06,184114,"","name","","","","55727b770836e395",0,""
"GetTable",0,0,0,63475835,3,6.34758e+07,2347308,"","cast_info","","","","55727b770836e395",0,""
"GetTable",0,0,0,236627,2,236627,30872,"","keyword","","","","55727b770836e395",0,""
"GetTable",0,0,0,7480087,2,7.48009e+06,209328,"","movie_keyword","","","","55727b770836e395",0,""
"GetTable",0,0,0,113,2,113,13550,"","info_type","","","","55727b770836e395",0,""
"GetTable",0,0,0,29774984,3,2.9775e+07,976304,"","movie_info","","","","55727b770836e395",0,""
"GetTable",0,0,0,1380035,3,1.38004e+06,49450,"","movie_info_idx","","","","55727b770836e395",0,""
"GetTable",0,0,0,4736508,2,4.73651e+06,169236,"","title","","","","55727b770836e395",0,""
"GetTable",0,0,0,4958296,2,4.9583e+06,145628,"","movie_companies","","","","55727b770836e395",0,""
"GetTable",0,0,0,362131,2,362131,16483,"","company_name","","","","55727b770836e395",0,""
"GetTable",0,0,0,4872435,3,4.87244e+06,183904,"","name","","","","98bbc50821a46b3f",0,""
"GetTable",0,0,0,63475835,3,6.34758e+07,2353593,"","cast_info","","","","98bbc50821a46b3f",0,""
"GetTable",0,0,0,236627,2,236627,27170,"","keyword","","","","98bbc50821a46b3f",0,""
"GetTable",0,0,0,7480087,2,7.48009e+06,218617,"","movie_keyword","","","","98bbc50821a46b3f",0,""
"GetTable",0,0,0,113,2,113,18230,"","info_type","","","","98bbc50821a46b3f",0,""
"GetTable",0,0,0,29774984,3,2.9775e+07,961567,"","movie_info","","","","98bbc50821a46b3f",0,""
"GetTable",0,0,0,1380035,3,1.38004e+06,50009,"","movie_info_idx","","","","98bbc50821a46b3f",0,""
"GetTable",0,0,0,362131,2,362131,16134,"","company_name","","","","98bbc50821a46b3f",0,""
"GetTable",0,0,0,4958296,3,4.9583e+06,161763,"","movie_companies","","","","98bbc50821a46b3f",0,""
"GetTable",0,0,0,4736508,3,4.73651e+06,160645,"","title","","","","98bbc50821a46b3f",0,""
"GetTable",0,0,0,6379740,2,6.37974e+06,211213,"","name","","","","1e0791839d258dbc",0,""
"GetTable",0,0,0,63475835,3,6.34758e+07,2352615,"","cast_info","","","","1e0791839d258dbc",0,""
"GetTable",0,0,0,236627,2,236627,26682,"","keyword","","","","1e0791839d258dbc",0,""
"GetTable",0,0,0,7480087,2,7.48009e+06,215893,"","movie_keyword","","","","1e0791839d258dbc",0,""
"GetTable",0,0,0,113,2,113,11384,"","info_type","","","","1e0791839d258dbc",0,""
"GetTable",0,0,0,29774984,3,2.9775e+07,956468,"","movie_info","","","","1e0791839d258dbc",0,""
"GetTable",0,0,0,1380035,3,1.38004e+06,51058,"","movie_info_idx","","","","1e0791839d258dbc",0,""
"GetTable",0,0,0,4736508,2,4.73651e+06,148981,"","title","","","","1e0791839d258dbc",0,""
"GetTable",0,0,0,4958296,2,4.9583e+06,138294,"","movie_companies","","","","1e0791839d258dbc",0,""
"GetTable",0,0,0,362131,2,362131,37227,"","company_name","","","","1e0791839d258dbc",0,""
"GetTable",0,0,0,4736508,2,4.73651e+06,154010,"","title","","","","43168526679fbf6b",0,""
"GetTable",0,0,0,18,2,18,17531,"","link_type","","","","43168526679fbf6b",0,""
"GetTable",0,0,0,2585150,3,2.58515e+06,102604,"","movie_link","","","","43168526679fbf6b",0,""
"GetTable",0,0,0,7480087,2,7.48009e+06,223157,"","movie_keyword","","","","43168526679fbf6b",0,""
"GetTable",0,0,0,236627,2,236627,12293,"","keyword","","","","43168526679fbf6b",0,""
"GetTable",0,0,0,4736508,2,4.73651e+06,93383,"","title","","","","1c47a8b348bed3bb",0,""
"GetTable",0,0,0,18,2,18,13271,"","link_type","","","","1c47a8b348bed3bb",0,""
"GetTable",0,0,0,2585150,3,2.58515e+06,89193,"","movie_link","","","","1c47a8b348bed3bb",0,""
"GetTable",0,0,0,7480087,2,7.48009e+06,233354,"","movie_keyword","","","","1c47a8b348bed3bb",0,""
"GetTable",0,0,0,236627,2,236627,11525,"","keyword","","","","1c47a8b348bed3bb",0,""
"GetTable",0,0,0,362131,3,362131,32129,"","company_name","","","","56fc97cd402535de",0,""
"GetTable",0,0,0,4958296,2,4.9583e+06,153032,"","movie_companies","","","","56fc97cd402535de",0,""
"GetTable",0,0,0,9,2,9,14109,"","kind_type","","","","56fc97cd402535de",0,""
"GetTable",0,0,0,4736508,4,4.73651e+06,162252,"","title","","","","56fc97cd402535de",0,""
"GetTable",0,0,0,113,2,113,4610,"","info_type","","","","56fc97cd402535de",0,""
"GetTable",0,0,0,1380035,3,1.38004e+06,49102,"","movie_info_idx","","","","56fc97cd402535de",0,""
"GetTable",0,0,0,18,2,18,11594,"","link_type","","","","56fc97cd402535de",0,""
"GetTable",0,0,0,2585150,3,2.58515e+06,91917,"","movie_link","","","","56fc97cd402535de",0,""
"GetTable",0,0,0,362131,3,362131,23678,"","company_name","","","","ca9e91bf22314a39",0,""
"GetTable",0,0,0,4958296,2,4.9583e+06,120623,"","movie_companies","","","","ca9e91bf22314a39",0,""
"GetTable",0,0,0,9,2,9,13201,"","kind_type","","","","ca9e91bf22314a39",0,""
"GetTable",0,0,0,4736508,4,4.73651e+06,145978,"","title","","","","ca9e91bf22314a39",0,""
"GetTable",0,0,0,113,2,113,4749,"","info_type","","","","ca9e91bf22314a39",0,""
"GetTable",0,0,0,18,2,18,11734,"","link_type","","","","ca9e91bf22314a39",0,""
"GetTable",0,0,0,1380035,3,1.38004e+06,39253,"","movie_info_idx","","","","ca9e91bf22314a39",0,""
"GetTable",0,0,0,2585150,3,2.58515e+06,79275,"","movie_link","","","","ca9e91bf22314a39",0,""
"GetTable",0,0,0,362131,3,362131,25703,"","company_name","","","","a674246924d7a46c",0,""
"GetTable",0,0,0,4958296,2,4.9583e+06,134942,"","movie_companies","","","","a674246924d7a46c",0,""
"GetTable",0,0,0,9,2,9,14738,"","kind_type","","","","a674246924d7a46c",0,""
"GetTable",0,0,0,4736508,4,4.73651e+06,149331,"","title","","","","a674246924d7a46c",0,""
"GetTable",0,0,0,113,2,113,4959,"","info_type","","","","a674246924d7a46c",0,""
"GetTable",0,0,0,1380035,3,1.38004e+06,39812,"","movie_info_idx","","","","a674246924d7a46c",0,""
"GetTable",0,0,0,18,2,18,12712,"","link_type","","","","a674246924d7a46c",0,""
"GetTable",0,0,0,2585150,3,2.58515e+06,78088,"","movie_link","","","","a674246924d7a46c",0,""
"GetTable",0,0,0,4736508,3,4.73651e+06,111544,"","title","","","","ddbe31b84085fe83",0,""
"GetTable",0,0,0,236627,2,236627,21164,"","keyword","","","","ddbe31b84085fe83",0,""
"GetTable",0,0,0,7480087,2,7.48009e+06,247743,"","movie_keyword","","","","ddbe31b84085fe83",0,""
"GetTable",0,0,0,29774984,2,2.9775e+07,925317,"","movie_info","","","","ddbe31b84085fe83",0,""
"GetTable",0,0,0,4736508,3,4.73651e+06,99251,"","title","","","","9484ec9c4ac3951f",0,""
"GetTable",0,0,0,236627,2,236627,17671,"","keyword","","","","9484ec9c4ac3951f",0,""
"GetTable",0,0,0,7480087,2,7.48009e+06,212471,"","movie_keyword","","","","9484ec9c4ac3951f",0,""
"GetTable",0,0,0,29774984,2,2.9775e+07,677364,"","movie_info","","","","9484ec9c4ac3951f",0,""
"GetTable",0,0,0,4736508,3,4.73651e+06,97155,"","title","","","","e7b31c1eda384274",0,""
"GetTable",0,0,0,236627,2,236627,9290,"","keyword","","","","e7b31c1eda384274",0,""
"GetTable",0,0,0,7480087,2,7.48009e+06,125234,"","movie_keyword","","","","e7b31c1eda384274",0,""
"GetTable",0,0,0,29774984,2,2.9775e+07,708306,"","movie_info","","","","e7b31c1eda384274",0,""
"GetTable",0,0,0,4736508,3,4.73651e+06,97714,"","title","","","","a863699c018ccd21",0,""
"GetTable",0,0,0,236627,2,236627,9499,"","keyword","","","","a863699c018ccd21",0,""
"GetTable",0,0,0,7480087,2,7.48009e+06,162392,"","movie_keyword","","","","a863699c018ccd21",0,""
"GetTable",0,0,0,113,2,113,4330,"","info_type","","","","a863699c018ccd21",0,""
"GetTable",0,0,0,1380035,3,1.38004e+06,46028,"","movie_info_idx","","","","a863699c018ccd21",0,""
"GetTable",0,0,0,4736508,3,4.73651e+06,100089,"","title","","","","774639a4ff19ffe8",0,""
"GetTable",0,0,0,236627,2,236627,18579,"","keyword","","","","774639a4ff19ffe8",0,""
"GetTable",0,0,0,7480087,2,7.48009e+06,247673,"","movie_keyword","","","","774639a4ff19ffe8",0,""
"GetTable",0,0,0,113,2,113,5658,"","info_type","","","","774639a4ff19ffe8",0,""
"GetTable",0,0,0,1380035,3,1.38004e+06,30871,"","movie_info_idx","","","","774639a4ff19ffe8",0,""
"GetTable",0,0,0,4736508,3,4.73651e+06,99321,"","title","","","","f36fdb9e660c0fd0",0,""
"GetTable",0,0,0,236627,2,236627,7822,"","keyword","","","","f36fdb9e660c0fd0",0,""
"GetTable",0,0,0,7480087,2,7.48009e+06,157781,"","movie_keyword","","","","f36fdb9e660c0fd0",0,""
"GetTable",0,0,0,113,2,113,4889,"","info_type","","","","f36fdb9e660c0fd0",0,""
"GetTable",0,0,0,1380035,3,1.38004e+06,32269,"","movie_info_idx","","","","f36fdb9e660c0fd0",0,""
"GetTable",0,0,0,113,1,113,10407,"","info_type","","","","705c004137b8101a",0,""
"GetTable",0,0,0,4736508,3,4.73651e+06,97924,"","title","","","","705c004137b8101a",0,""
"GetTable",0,0,0,4,2,4,13689,"","company_type","","","","705c004137b8101a",0,""
"GetTable",0,0,0,29774984,3,2.9775e+07,989296,"","movie_info","","","","705c004137b8101a",0,""
"GetTable",0,0,0,4958296,3,4.9583e+06,170983,"","movie_companies","","","","705c004137b8101a",0,""
"GetTable",0,0,0,113,1,113,10407,"","info_type","","","","1bd3925bf2d937d6",0,""
"GetTable",0,0,0,4736508,3,4.73651e+06,95899,"","title","","","","1bd3925bf2d937d6",0,""
"GetTable",0,0,0,4,2,4,14318,"","company_type","","","","1bd3925bf2d937d6",0,""
"GetTable",0,0,0,29774984,3,2.9775e+07,952347,"","movie_info","","","","1bd3925bf2d937d6",0,""
"GetTable",0,0,0,4958296,3,4.9583e+06,173986,"","movie_companies","","","","1bd3925bf2d937d6",0,""
"GetTable",0,0,0,113,1,113,9569,"","info_type","","","","22fa7a55f644412a",0,""
"GetTable",0,0,0,4736508,3,4.73651e+06,94362,"","title","","","","22fa7a55f644412a",0,""
"GetTable",0,0,0,4,2,4,16832,"","company_type","","","","22fa7a55f644412a",0,""
"GetTable",0,0,0,29774984,3,2.9775e+07,959751,"","movie_info","","","","22fa7a55f644412a",0,""
"GetTable",0,0,0,4958296,3,4.9583e+06,172659,"","movie_companies","","","","22fa7a55f644412a",0,""
"GetTable",0,0,0,4736508,3,4.73651e+06,103372,"","title","","","","e407ebc4a9799be3",0,""
"GetTable",0,0,0,6379740,2,6.37974e+06,227977,"","name","","","","e407ebc4a9799be3",0,""
"GetTable",0,0,0,63475835,2,6.34758e+07,2162914,"","cast_info","","","","e407ebc4a9799be3",0,""
"GetTable",0,0,0,7480087,2,7.48009e+06,207931,"","movie_keyword","","","","e407ebc4a9799be3",0,""
"GetTable",0,0,0,236627,2,236627,10198,"","keyword","","","","e407ebc4a9799be3",0,""
"GetTable",0,0,0,4736508,3,4.73651e+06,118249,"","title","","","","8b43d20f9d0dd3cb",0,""
"GetTable",0,0,0,6379740,2,6.37974e+06,204997,"","name","","","","8b43d20f9d0dd3cb",0,""
"GetTable",0,0,0,63475835,2,6.34758e+07,2179678,"","cast_info","","","","8b43d20f9d0dd3cb",0,""
"GetTable",0,0,0,7480087,2,7.48009e+06,158620,"","movie_keyword","","","","8b43d20f9d0dd3cb",0,""
"GetTable",0,0,0,236627,2,236627,9569,"","keyword","","","","8b43d20f9d0dd3cb",0,""
"GetTable",0,0,0,4736508,3,4.73651e+06,109239,"","title","","","","a96fd5d89969b008",0,""
"GetTable",0,0,0,6379740,2,6.37974e+06,245228,"","name","","","","a96fd5d89969b008",0,""
"GetTable",0,0,0,63475835,2,6.34758e+07,2192459,"","cast_info","","","","a96fd5d89969b008",0,""
"GetTable",0,0,0,7480087,2,7.48009e+06,161274,"","movie_keyword","","","","a96fd5d89969b008",0,""
"GetTable",0,0,0,236627,2,236627,9010,"","keyword","","","","a96fd5d89969b008",0,""
"GetTable",0,0,0,4736508,3,4.73651e+06,116293,"","title","","","","ae776a039796f823",0,""
"GetTable",0,0,0,6379740,2,6.37974e+06,204229,"","name","","","","ae776a039796f823",0,""
"GetTable",0,0,0,63475835,2,6.34758e+07,2186872,"","cast_info","","","","ae776a039796f823",0,""
"GetTable",0,0,0,7480087,2,7.48009e+06,155966,"","movie_keyword","","","","ae776a039796f823",0,""
"GetTable",0,0,0,236627,2,236627,9080,"","keyword","","","","ae776a039796f823",0,""
"GetTable",0,0,0,4736508,3,4.73651e+06,100928,"","title","","","","60a02a7c924d4ee6",0,""
"GetTable",0,0,0,6379740,2,6.37974e+06,217360,"","name","","","","60a02a7c924d4ee6",0,""
"GetTable",0,0,0,63475835,2,6.34758e+07,2247218,"","cast_info","","","","60a02a7c924d4ee6",0,""
"GetTable",0,0,0,7480087,2,7.48009e+06,161693,"","movie_keyword","","","","60a02a7c924d4ee6",0,""
"GetTable",0,0,0,236627,2,236627,9499,"","keyword","","","","60a02a7c924d4ee6",0,""
"GetTable",0,0,0,6379740,2,6.37974e+06,115385,"","name","","","","c9377f089e515fc4",0,""
"GetTable",0,0,0,63475835,2,6.34758e+07,1254919,"","cast_info","","","","c9377f089e515fc4",0,""
"GetTable",0,0,0,4736508,3,4.73651e+06,103930,"","title","","","","c9377f089e515fc4",0,""
"GetTable",0,0,0,7480087,2,7.48009e+06,146257,"","movie_keyword","","","","c9377f089e515fc4",0,""
"GetTable",0,0,0,236627,2,236627,9918,"","keyword","","","","c9377f089e515fc4",0,""
"GetTable",0,0,0,1312273,2,1.31227e+06,96178,"","aka_name","","","","f5d91d581663e5a3",0,""
"GetTable",0,0,0,4736508,3,4.73651e+06,170284,"","title","","","","f5d91d581663e5a3",0,""
"GetTable",0,0,0,18,2,18,12503,"","link_type","","","","f5d91d581663e5a3",0,""
"GetTable",0,0,0,2775315,4,2.77532e+06,122160,"","name","","","","f5d91d581663e5a3",0,""
"GetTable",0,0,0,2585150,2,2.58515e+06,144860,"","movie_link","","","","f5d91d581663e5a3",0,""
"GetTable",0,0,0,63475835,2,6.34758e+07,2784542,"","cast_info","","","","f5d91d581663e5a3",0,""
"GetTable",0,0,0,113,2,113,10896,"","info_type","","","","f5d91d581663e5a3",0,""
"GetTable",0,0,0,4130207,3,4.13021e+06,177757,"","person_info","","","","f5d91d581663e5a3",0,""
"GetTable",0,0,0,18,2,18,21093,"","link_type","","","","38772732add16a7b",0,""
"GetTable",0,0,0,4736508,3,4.73651e+06,175243,"","title","","","","38772732add16a7b",0,""
"GetTable",0,0,0,2585150,2,2.58515e+06,120834,"","movie_link","","","","38772732add16a7b",0,""
"GetTable",0,0,0,63475835,2,6.34758e+07,2255460,"","cast_info","","","","38772732add16a7b",0,""
"GetTable",0,0,0,1312273,2,1.31227e+06,53991,"","aka_name","","","","38772732add16a7b",0,""
"GetTable",0,0,0,113,2,113,5728,"","info_type","","","","38772732add16a7b",0,""
"GetTable",0,0,0,4130207,3,4.13021e+06,135361,"","person_info","","","","38772732add16a7b",0,""
"GetTable",0,0,0,1399080,4,88380,62303,"","name","","","","38772732add16a7b",0,""
"GetTable",0,0,0,2775315,4,2.77532e+06,137177,"","name","","","","e32a6bc78a65a93d",0,""
"GetTable",0,0,0,1312273,2,1.31227e+06,68937,"","aka_name","","","","e32a6bc78a65a93d",0,""
"GetTable",0,0,0,4736508,2,4.73651e+06,184882,"","title","","","","e32a6bc78a65a93d",0,""
"GetTable",0,0,0,18,2,18,8032,"","link_type","","","","e32a6bc78a65a93d",0,""
"GetTable",0,0,0,2585150,2,2.58515e+06,115734,"","movie_link","","","","e32a6bc78a65a93d",0,""
"GetTable",0,0,0,63475835,2,6.34758e+07,2193507,"","cast_info","","","","e32a6bc78a65a93d",0,""
"GetTable",0,0,0,113,2,113,6915,"","info_type","","","","e32a6bc78a65a93d",0,""
"GetTable",0,0,0,4130207,4,4.13021e+06,192775,"","person_info","","","","e32a6bc78a65a93d",0,""
"GetTable",0,0,0,1312273,2,1.31227e+06,72709,"","aka_name","","","","84b04a9b4d61e7e8",0,""
"GetTable",0,0,0,4736508,2,4.73651e+06,146187,"","title","","","","84b04a9b4d61e7e8",0,""
"GetTable",0,0,0,362131,2,362131,28218,"","company_name","","","","84b04a9b4d61e7e8",0,""
"GetTable",0,0,0,12,2,12,16413,"","role_type","","","","84b04a9b4d61e7e8",0,""
"GetTable",0,0,0,62258250,4,6.22583e+07,2197418,"","cast_info","","","","84b04a9b4d61e7e8",0,""
"GetTable",0,0,0,6379740,2,6.37974e+06,181808,"","name","","","","84b04a9b4d61e7e8",0,""
"GetTable",0,0,0,4958296,3,4.9583e+06,195708,"","movie_companies","","","","84b04a9b4d61e7e8",0,""
"GetTable",0,0,0,1312273,2,1.31227e+06,66983,"","aka_name","","","","8ff84c0f435aeed4",0,""
"GetTable",0,0,0,362131,2,362131,16204,"","company_name","","","","8ff84c0f435aeed4",0,""
"GetTable",0,0,0,6379740,2,6.37974e+06,177757,"","name","","","","8ff84c0f435aeed4",0,""
"GetTable",0,0,0,12,2,12,14598,"","role_type","","","","8ff84c0f435aeed4",0,""
"GetTable",0,0,0,4736508,3,4.73651e+06,150309,"","title","","","","8ff84c0f435aeed4",0,""
"GetTable",0,0,0,62258250,4,6.22583e+07,2596168,"","cast_info","","","","8ff84c0f435aeed4",0,""
"GetTable",0,0,0,4958296,3,4.9583e+06,174615,"","movie_companies","","","","8ff84c0f435aeed4",0,""
"GetTable",0,0,0,4736508,2,4.73651e+06,177758,"","title","","","","1ea448f964dff1fa",0,""
"GetTable",0,0,0,6379740,1,6.37974e+06,163719,"","name","","","","1ea448f964dff1fa",0,""
"GetTable",0,0,0,1312273,2,1.31227e+06,84653,"","aka_name","","","","1ea448f964dff1fa",0,""
"GetTable",0,0,0,4958296,2,4.9583e+06,159947,"","movie_companies","","","","1ea448f964dff1fa",0,""
"GetTable",0,0,0,362131,2,362131,22281,"","company_name","","","","1ea448f964dff1fa",0,""
"GetTable",0,0,0,12,2,12,7544,"","role_type","","","","1ea448f964dff1fa",0,""
"GetTable",0,0,0,63475835,3,6.34758e+07,2333408,"","cast_info","","","","1ea448f964dff1fa",0,""
"GetTable",0,0,0,4736508,2,4.73651e+06,173846,"","title","","","","88ce7c090a2f28eb",0,""
"GetTable",0,0,0,6379740,1,6.37974e+06,165814,"","name","","","","88ce7c090a2f28eb",0,""
"GetTable",0,0,0,1312273,2,1.31227e+06,81929,"","aka_name","","","","88ce7c090a2f28eb",0,""
"GetTable",0,0,0,4958296,2,4.9583e+06,164138,"","movie_companies","","","","88ce7c090a2f28eb",0,""
"GetTable",0,0,0,362131,2,362131,20325,"","company_name","","","","88ce7c090a2f28eb",0,""
"GetTable",0,0,0,12,2,12,7543,"","role_type","","","","88ce7c090a2f28eb",0,""
"GetTable",0,0,0,63475835,3,6.34758e+07,2321814,"","cast_info","","","","88ce7c090a2f28eb",0,""
"GetTable",0,0,0,1312273,2,1.31227e+06,74386,"","aka_name","","","","168afa80c9d38a7f",0,""
"GetTable",0,0,0,3758340,3,3.75834e+06,130332,"","name","","","","168afa80c9d38a7f",0,""
"GetTable",0,0,0,362131,2,362131,18090,"","company_name","","","","168afa80c9d38a7f",0,""
"GetTable",0,0,0,4736508,3,4.73651e+06,167071,"","title","","","","168afa80c9d38a7f",0,""
"GetTable",0,0,0,4314863,2,4.31486e+06,145419,"","char_name","","","","168afa80c9d38a7f",0,""
"GetTable",0,0,0,12,2,12,14039,"","role_type","","","","168afa80c9d38a7f",0,""
"GetTable",0,0,0,4958296,3,4.9583e+06,212960,"","movie_companies","","","","168afa80c9d38a7f",0,""
"GetTable",0,0,0,63475835,5,6.34758e+07,2811362,"","cast_info","","","","168afa80c9d38a7f",0,""
"GetTable",0,0,0,1312273,2,1.31227e+06,71941,"","aka_name","","","","11326350d8cfa315",0,""
"GetTable",0,0,0,362131,2,362131,16623,"","company_name","","","","11326350d8cfa315",0,""
"GetTable",0,0,0,3758340,3,3.75834e+06,139901,"","name","","","","11326350d8cfa315",0,""
"GetTable",0,0,0,4736508,3,4.73651e+06,173776,"","title","","","","11326350d8cfa315",0,""
"GetTable",0,0,0,4314863,2,4.31486e+06,147793,"","char_name","","","","11326350d8cfa315",0,""
"GetTable",0,0,0,12,2,12,14458,"","role_type","","","","11326350d8cfa315",0,""
"GetTable",0,0,0,4958296,3,4.9583e+06,224694,"","movie_companies","","","","11326350d8cfa315",0,""
"GetTable",0,0,0,62258250,5,6.22583e+07,2374826,"","cast_info","","","","11326350d8cfa315",0,""
"GetTable",0,0,0,1312273,2,1.31227e+06,75014,"","aka_name","","","","712e09ec1c61c93",0,""
"GetTable",0,0,0,3758340,3,3.75834e+06,133475,"","name","","","","712e09ec1c61c93",0,""
"GetTable",0,0,0,4736508,2,4.73651e+06,167281,"","title","","","","712e09ec1c61c93",0,""
"GetTable",0,0,0,362131,2,362131,28288,"","company_name","","","","712e09ec1c61c93",0,""
"GetTable",0,0,0,4958296,2,4.9583e+06,177618,"","movie_companies","","","","712e09ec1c61c93",0,""
"GetTable",0,0,0,4314863,2,4.31486e+06,142067,"","char_name","","","","712e09ec1c61c93",0,""
"GetTable",0,0,0,12,2,12,14947,"","role_type","","","","712e09ec1c61c93",0,""
"GetTable",0,0,0,63475835,5,6.34758e+07,2757511,"","cast_info","","","","712e09ec1c61c93",0,""
"GetTable",0,0,0,1312273,2,1.31227e+06,78506,"","aka_name","","","","de9abe3084851f71",0,""
"GetTable",0,0,0,4736508,2,4.73651e+06,156315,"","title","","","","de9abe3084851f71",0,""
"GetTable",0,0,0,362131,2,362131,29615,"","company_name","","","","de9abe3084851f71",0,""
"GetTable",0,0,0,4958296,2,4.9583e+06,182088,"","movie_companies","","","","de9abe3084851f71",0,""
"GetTable",0,0,0,4314863,2,4.31486e+06,133615,"","char_name","","","","de9abe3084851f71",0,""
"GetTable",0,0,0,12,2,12,13271,"","role_type","","","","de9abe3084851f71",0,""
"GetTable",0,0,0,3758340,3,3.75834e+06,530968,"","name","","","","de9abe3084851f71",0,""
"GetTable",0,0,0,63475835,5,6.34758e+07,2783704,"","cast_info","","","","de9abe3084851f71",0,""
