0,"BuildSideMaterializing",148003
0,"ProbeSideMaterializing",383384
0,"Clustering",0
0,"Building",1937731
0,"Probing",537673
0,"OutputWriting",302292
1,"BuildSideMaterializing",19976
1,"ProbeSideMaterializing",423894
1,"Clustering",0
1,"Building",5448
1,"Probing",3003997
1,"OutputWriting",170075
2,"BuildSideMaterializing",22980
2,"ProbeSideMaterializing",433602
2,"Clustering",0
2,"Building",5239
2,"Probing",1146728
2,"OutputWriting",258709
3,"BuildSideMaterializing",481098
3,"ProbeSideMaterializing",951230
3,"Clustering",0
3,"Building",6561522
3,"Probing",713265
3,"OutputWriting",124745
4,"BuildSideMaterializing",121252
4,"ProbeSideMaterializing",2068483
4,"Clustering",0
4,"Building",81021
4,"Probing",691753
4,"OutputWriting",399518
5,"BuildSideMaterializing",24935
5,"ProbeSideMaterializing",315912
5,"Clustering",0
5,"Building",22141
5,"Probing",48124
5,"OutputWriting",65376
6,"BuildSideMaterializing",33176
6,"ProbeSideMaterializing",420682
6,"Clustering",0
6,"Building",9569
6,"Probing",230631
6,"OutputWriting",190959
7,"BuildSideMaterializing",1399849
7,"ProbeSideMaterializing",443870
7,"Clustering",0
7,"Building",525241
7,"Probing",32828
7,"OutputWriting",14528
8,"BuildSideMaterializing",39882
8,"ProbeSideMaterializing",10937779
8,"Clustering",0
8,"Building",15296
8,"Probing",225671
8,"OutputWriting",111754
9,"BuildSideMaterializing",67890
9,"ProbeSideMaterializing",2495939
9,"Clustering",0
9,"Building",152194
9,"Probing",85282
9,"OutputWriting",144721
10,"BuildSideMaterializing",1205259
10,"ProbeSideMaterializing",428434
10,"Clustering",0
10,"Building",2627319
10,"Probing",489619
10,"OutputWriting",968202
11,"BuildSideMaterializing",49032
11,"ProbeSideMaterializing",1933680
11,"Clustering",0
11,"Building",36040
11,"Probing",2817230
11,"OutputWriting",27799
12,"BuildSideMaterializing",467407
12,"ProbeSideMaterializing",1517679
12,"Clustering",0
12,"Building",7642595
12,"Probing",4659761
12,"OutputWriting",1705843
13,"BuildSideMaterializing",27170
13,"ProbeSideMaterializing",9930673
13,"Clustering",0
13,"Building",7683
13,"Probing",406991
13,"OutputWriting",240618
14,"BuildSideMaterializing",21443
14,"ProbeSideMaterializing",221481
14,"Clustering",0
14,"Building",4470
14,"Probing",6007
14,"OutputWriting",8102
15,"BuildSideMaterializing",1358221
15,"ProbeSideMaterializing",150657
15,"Clustering",0
15,"Building",1286978
15,"Probing",209467
15,"OutputWriting",160226
16,"BuildSideMaterializing",36529
16,"ProbeSideMaterializing",523634
16,"Clustering",0
16,"Building",51406
16,"Probing",86958
16,"OutputWriting",126211
17,"BuildSideMaterializing",2489723
17,"ProbeSideMaterializing",5978379
17,"Clustering",0
17,"Building",1541287
17,"Probing",238943
17,"OutputWriting",249210
18,"BuildSideMaterializing",31780
18,"ProbeSideMaterializing",12260658
18,"Clustering",0
18,"Building",35831
18,"Probing",6143285
18,"OutputWriting",6573046
19,"BuildSideMaterializing",24726
19,"ProbeSideMaterializing",57623
19,"Clustering",0
19,"Building",5797
19,"Probing",2794
19,"OutputWriting",12153
20,"BuildSideMaterializing",554156
20,"ProbeSideMaterializing",138993
20,"Clustering",0
20,"Building",14598
20,"Probing",16484
20,"OutputWriting",14039
21,"BuildSideMaterializing",33596
21,"ProbeSideMaterializing",30173
21,"Clustering",0
21,"Building",24726
21,"Probing",4749
21,"OutputWriting",14877
22,"BuildSideMaterializing",29825
22,"ProbeSideMaterializing",2235484
22,"Clustering",0
22,"Building",6566
22,"Probing",8382
22,"OutputWriting",31151
23,"BuildSideMaterializing",125304
23,"ProbeSideMaterializing",56156
23,"Clustering",0
23,"Building",106165
23,"Probing",29894
23,"OutputWriting",36669
24,"BuildSideMaterializing",24446
24,"ProbeSideMaterializing",10038375
24,"Clustering",0
24,"Building",14179
24,"Probing",1270704
24,"OutputWriting",398051
25,"BuildSideMaterializing",21583
25,"ProbeSideMaterializing",2018194
25,"Clustering",0
25,"Building",12223
25,"Probing",319195
25,"OutputWriting",100438
26,"BuildSideMaterializing",42675
26,"ProbeSideMaterializing",234193
26,"Clustering",0
26,"Building",35551
26,"Probing",11525
26,"OutputWriting",13201
27,"BuildSideMaterializing",184602
27,"ProbeSideMaterializing",6310357
27,"Clustering",0
27,"Building",110077
27,"Probing",73059
27,"OutputWriting",32758
28,"BuildSideMaterializing",122090
28,"ProbeSideMaterializing",519094
28,"Clustering",0
28,"Building",66004
28,"Probing",36040
28,"OutputWriting",15367
29,"BuildSideMaterializing",21722
29,"ProbeSideMaterializing",3888524
29,"Clustering",0
29,"Building",11804
29,"Probing",777243
29,"OutputWriting",186000
30,"BuildSideMaterializing",47006
30,"ProbeSideMaterializing",34993
30,"Clustering",0
30,"Building",15227
30,"Probing",5169
30,"OutputWriting",17881
31,"BuildSideMaterializing",46587
31,"ProbeSideMaterializing",92406
31,"Clustering",0
31,"Building",14877
31,"Probing",4959
31,"OutputWriting",16204
32,"BuildSideMaterializing",75852
32,"ProbeSideMaterializing",421310
32,"Clustering",0
32,"Building",61953
32,"Probing",14109
32,"OutputWriting",35831
33,"BuildSideMaterializing",1823743
33,"ProbeSideMaterializing",8106441
33,"Clustering",0
33,"Building",304738
33,"Probing",24446
33,"OutputWriting",20186
34,"BuildSideMaterializing",19976
34,"ProbeSideMaterializing",929577
34,"Clustering",0
34,"Building",5098
34,"Probing",119925
34,"OutputWriting",130542
35,"BuildSideMaterializing",159318
35,"ProbeSideMaterializing",1355427
35,"Clustering",0
35,"Building",2344444
35,"Probing",1199042
35,"OutputWriting",766348
36,"BuildSideMaterializing",42676
36,"ProbeSideMaterializing",6114439
36,"Clustering",0
36,"Building",58251
36,"Probing",387784
36,"OutputWriting",430180
37,"BuildSideMaterializing",4182156
37,"ProbeSideMaterializing",467896
37,"Clustering",0
37,"Building",3523859
37,"Probing",348461
37,"OutputWriting",96387
38,"BuildSideMaterializing",238593
38,"ProbeSideMaterializing",333514
38,"Clustering",0
38,"Building",627494
38,"Probing",1010878
38,"OutputWriting",1096299
39,"BuildSideMaterializing",304877
39,"ProbeSideMaterializing",322338
39,"Clustering",0
39,"Building",742670
39,"Probing",127817
39,"OutputWriting",85212
40,"BuildSideMaterializing",33526
40,"ProbeSideMaterializing",3757703
40,"Clustering",0
40,"Building",12293
40,"Probing",575460
40,"OutputWriting",208699
41,"BuildSideMaterializing",570710
41,"ProbeSideMaterializing",483682
41,"Clustering",0
41,"Building",2337528
41,"Probing",77529
41,"OutputWriting",19557
42,"BuildSideMaterializing",15506
42,"ProbeSideMaterializing",17461
42,"Clustering",0
42,"Building",3282
42,"Probing",4400
42,"OutputWriting",16483
43,"BuildSideMaterializing",19906
43,"ProbeSideMaterializing",68868
43,"Clustering",0
43,"Building",3771
43,"Probing",4330
43,"OutputWriting",4191
44,"BuildSideMaterializing",29336
44,"ProbeSideMaterializing",874678
44,"Clustering",0
44,"Building",29335
44,"Probing",93454
44,"OutputWriting",400495
45,"BuildSideMaterializing",238453
45,"ProbeSideMaterializing",1232289
45,"Clustering",0
45,"Building",696922
45,"Probing",1682165
45,"OutputWriting",3388079
46,"BuildSideMaterializing",32129
46,"ProbeSideMaterializing",540397
46,"Clustering",0
46,"Building",5308
46,"Probing",194730
46,"OutputWriting",292864
47,"BuildSideMaterializing",220084
47,"ProbeSideMaterializing",4361030
47,"Clustering",0
47,"Building",586704
47,"Probing",822085
47,"OutputWriting",365643
48,"BuildSideMaterializing",1462012
48,"ProbeSideMaterializing",2225985
48,"Clustering",0
48,"Building",2644710
48,"Probing",1778902
48,"OutputWriting",2062127
49,"BuildSideMaterializing",174684
49,"ProbeSideMaterializing",9960287
49,"Clustering",0
49,"Building",22420
49,"Probing",862735
49,"OutputWriting",814053
50,"BuildSideMaterializing",34434
50,"ProbeSideMaterializing",1523825
50,"Clustering",0
50,"Building",37787
50,"Probing",477884
50,"OutputWriting",305575
51,"BuildSideMaterializing",36949
51,"ProbeSideMaterializing",85491
51,"Clustering",0
51,"Building",170773
51,"Probing",34783
51,"OutputWriting",84792
52,"BuildSideMaterializing",47565
52,"ProbeSideMaterializing",132917
52,"Clustering",0
52,"Building",189910
52,"Probing",37298
52,"OutputWriting",70614
53,"BuildSideMaterializing",327297
53,"ProbeSideMaterializing",179574
53,"Clustering",0
53,"Building",188514
53,"Probing",25773
53,"OutputWriting",8172
54,"BuildSideMaterializing",17741
54,"ProbeSideMaterializing",284691
54,"Clustering",0
54,"Building",4121
54,"Probing",38764
54,"OutputWriting",58601
55,"BuildSideMaterializing",421030
55,"ProbeSideMaterializing",329113
55,"Clustering",0
55,"Building",193822
55,"Probing",26192
55,"OutputWriting",10128
56,"BuildSideMaterializing",26192
56,"ProbeSideMaterializing",144301
56,"Clustering",0
56,"Building",28218
56,"Probing",35901
56,"OutputWriting",45260
57,"BuildSideMaterializing",32898
57,"ProbeSideMaterializing",2228639
57,"Clustering",0
57,"Building",35691
57,"Probing",63071
57,"OutputWriting",75642
58,"BuildSideMaterializing",38624
58,"ProbeSideMaterializing",9103490
58,"Clustering",0
58,"Building",6425
58,"Probing",948785
58,"OutputWriting",717596
59,"BuildSideMaterializing",111264
59,"ProbeSideMaterializing",48124
59,"Clustering",0
59,"Building",81859
59,"Probing",48193
59,"OutputWriting",172938
60,"BuildSideMaterializing",35622
60,"ProbeSideMaterializing",151914
60,"Clustering",0
60,"Building",200109
60,"Probing",48543
60,"OutputWriting",100508
61,"BuildSideMaterializing",112521
61,"ProbeSideMaterializing",586286
61,"Clustering",0
61,"Building",129844
61,"Probing",31221
61,"OutputWriting",37297
62,"BuildSideMaterializing",20395
62,"ProbeSideMaterializing",297892
62,"Clustering",0
62,"Building",5448
62,"Probing",87866
62,"OutputWriting",142555
63,"BuildSideMaterializing",72221
63,"ProbeSideMaterializing",5378683
63,"Clustering",0
63,"Building",35203
63,"Probing",2368540
63,"OutputWriting",909951
64,"BuildSideMaterializing",162881
64,"ProbeSideMaterializing",98203
64,"Clustering",0
64,"Building",223926
64,"Probing",31430
64,"OutputWriting",11734
65,"BuildSideMaterializing",709703
65,"ProbeSideMaterializing",1038257
65,"Clustering",0
65,"Building",1522638
65,"Probing",615411
65,"OutputWriting",803715
66,"BuildSideMaterializing",100229
66,"ProbeSideMaterializing",8992574
66,"Clustering",0
66,"Building",6216
66,"Probing",390577
66,"OutputWriting",342943
67,"BuildSideMaterializing",101416
67,"ProbeSideMaterializing",1420105
67,"Clustering",0
67,"Building",18369
67,"Probing",368576
67,"OutputWriting",199409
68,"BuildSideMaterializing",296007
68,"ProbeSideMaterializing",121392
68,"Clustering",0
68,"Building",588171
68,"Probing",119017
68,"OutputWriting",86958
69,"BuildSideMaterializing",33247
69,"ProbeSideMaterializing",153661
69,"Clustering",0
69,"Building",28777
69,"Probing",42327
69,"OutputWriting",57833
70,"BuildSideMaterializing",2443485
70,"ProbeSideMaterializing",1416821
70,"Clustering",0
70,"Building",1144981
70,"Probing",101625
70,"OutputWriting",79206
71,"BuildSideMaterializing",29755
71,"ProbeSideMaterializing",4992087
71,"Clustering",0
71,"Building",35063
71,"Probing",2649809
71,"OutputWriting",3384447
72,"BuildSideMaterializing",15366
72,"ProbeSideMaterializing",16623
72,"Clustering",0
72,"Building",3074
72,"Probing",2305
72,"OutputWriting",17602
73,"BuildSideMaterializing",25634
73,"ProbeSideMaterializing",18928
73,"Clustering",0
73,"Building",3562
73,"Probing",2305
73,"OutputWriting",16553
74,"BuildSideMaterializing",17392
74,"ProbeSideMaterializing",70404
74,"Clustering",0
74,"Building",3423
74,"Probing",3842
74,"OutputWriting",3981
75,"BuildSideMaterializing",46238
75,"ProbeSideMaterializing",1593881
75,"Clustering",0
75,"Building",5308
75,"Probing",4121
75,"OutputWriting",69357
76,"BuildSideMaterializing",65934
76,"ProbeSideMaterializing",9453137
76,"Clustering",0
76,"Building",13969
76,"Probing",686235
76,"OutputWriting",605702
77,"BuildSideMaterializing",356702
77,"ProbeSideMaterializing",1137578
77,"Clustering",0
77,"Building",2308333
77,"Probing",3350921
77,"OutputWriting",2705267
78,"BuildSideMaterializing",42047
78,"ProbeSideMaterializing",1438195
78,"Clustering",0
78,"Building",14388
78,"Probing",216242
78,"OutputWriting",140181
79,"BuildSideMaterializing",61743
79,"ProbeSideMaterializing",2016238
79,"Clustering",0
79,"Building",133755
79,"Probing",1290820
79,"OutputWriting",1218599
80,"BuildSideMaterializing",969110
80,"ProbeSideMaterializing",6546924
80,"Clustering",0
80,"Building",2595050
80,"Probing",3077405
80,"OutputWriting",1196808
81,"BuildSideMaterializing",63211
81,"ProbeSideMaterializing",162391
81,"Clustering",0
81,"Building",112941
81,"Probing",41488
81,"OutputWriting",42676
82,"BuildSideMaterializing",465732
82,"ProbeSideMaterializing",253121
82,"Clustering",0
82,"Building",550734
82,"Probing",205346
82,"OutputWriting",58810
83,"BuildSideMaterializing",76132
83,"ProbeSideMaterializing",144301
83,"Clustering",0
83,"Building",139203
83,"Probing",44911
83,"OutputWriting",21931
84,"BuildSideMaterializing",360963
84,"ProbeSideMaterializing",244670
84,"Clustering",0
84,"Building",632174
84,"Probing",201854
84,"OutputWriting",25354
85,"BuildSideMaterializing",128237
85,"ProbeSideMaterializing",125512
85,"Clustering",0
85,"Building",228046
85,"Probing",62023
85,"OutputWriting",13550
86,"BuildSideMaterializing",122300
86,"ProbeSideMaterializing",950252
86,"Clustering",0
86,"Building",796661
86,"Probing",1592344
86,"OutputWriting",2393126
87,"BuildSideMaterializing",51058
87,"ProbeSideMaterializing",362779
87,"Clustering",0
87,"Building",360963
87,"Probing",656201
87,"OutputWriting",964570
88,"BuildSideMaterializing",118948
88,"ProbeSideMaterializing",1509088
88,"Clustering",0
88,"Building",1369885
88,"Probing",2907260
88,"OutputWriting",3915345
89,"BuildSideMaterializing",104490
89,"ProbeSideMaterializing",868881
89,"Clustering",0
89,"Building",833680
89,"Probing",1528784
89,"OutputWriting",2224937
90,"BuildSideMaterializing",26542
90,"ProbeSideMaterializing",1028968
90,"Clustering",0
90,"Building",11245
90,"Probing",1669175
90,"OutputWriting",1516073
91,"BuildSideMaterializing",42676
91,"ProbeSideMaterializing",229932
91,"Clustering",0
91,"Building",203111
91,"Probing",358867
91,"OutputWriting",587264
92,"BuildSideMaterializing",41978
92,"ProbeSideMaterializing",234402
92,"Clustering",0
92,"Building",206744
92,"Probing",374722
92,"OutputWriting",617158
93,"BuildSideMaterializing",21233
93,"ProbeSideMaterializing",460493
93,"Clustering",0
93,"Building",10826
93,"Probing",534041
93,"OutputWriting",648308
94,"BuildSideMaterializing",21862
94,"ProbeSideMaterializing",1705634
94,"Clustering",0
94,"Building",11105
94,"Probing",2363721
94,"OutputWriting",2556146
95,"BuildSideMaterializing",25633
95,"ProbeSideMaterializing",1409698
95,"Clustering",0
95,"Building",11106
95,"Probing",1315615
95,"OutputWriting",1437636
96,"BuildSideMaterializing",1938919
96,"ProbeSideMaterializing",386526
96,"Clustering",0
96,"Building",5260575
96,"Probing",936493
96,"OutputWriting",25005
97,"BuildSideMaterializing",21023
97,"ProbeSideMaterializing",250816
97,"Clustering",0
97,"Building",11035
97,"Probing",311443
97,"OutputWriting",365922
98,"BuildSideMaterializing",20535
98,"ProbeSideMaterializing",218757
98,"Clustering",0
98,"Building",10756
98,"Probing",309556
98,"OutputWriting",385968
99,"BuildSideMaterializing",507290
99,"ProbeSideMaterializing",182787
99,"Clustering",0
99,"Building",1956520
99,"Probing",53990
99,"OutputWriting",13411
100,"BuildSideMaterializing",3453804
100,"ProbeSideMaterializing",478513
100,"Clustering",1109990
100,"Building",4656548
100,"Probing",896192
100,"OutputWriting",40092
101,"BuildSideMaterializing",1943389
101,"ProbeSideMaterializing",721576
101,"Clustering",0
101,"Building",5323715
101,"Probing",900102
101,"OutputWriting",24166
102,"BuildSideMaterializing",27100
102,"ProbeSideMaterializing",8978046
102,"Clustering",0
102,"Building",14598
102,"Probing",830885
102,"OutputWriting",435279
103,"BuildSideMaterializing",544308
103,"ProbeSideMaterializing",168119
103,"Clustering",0
103,"Building",1075276
103,"Probing",34434
103,"OutputWriting",9150
104,"BuildSideMaterializing",389530
104,"ProbeSideMaterializing",161902
104,"Clustering",0
104,"Building",785626
104,"Probing",35691
104,"OutputWriting",9569
105,"BuildSideMaterializing",24237
105,"ProbeSideMaterializing",1739369
105,"Clustering",0
105,"Building",11035
105,"Probing",359147
105,"OutputWriting",181669
106,"BuildSideMaterializing",33945
106,"ProbeSideMaterializing",9363665
106,"Clustering",0
106,"Building",14737
106,"Probing",1535349
106,"OutputWriting",708376
107,"BuildSideMaterializing",48054
107,"ProbeSideMaterializing",9183113
107,"Clustering",0
107,"Building",21512
107,"Probing",878869
107,"OutputWriting",435209
108,"BuildSideMaterializing",25354
108,"ProbeSideMaterializing",1846793
108,"Clustering",0
108,"Building",14318
108,"Probing",210725
108,"OutputWriting",108471
109,"BuildSideMaterializing",23468
109,"ProbeSideMaterializing",1640887
109,"Clustering",0
109,"Building",11176
109,"Probing",206953
109,"OutputWriting",112522
110,"BuildSideMaterializing",37787
110,"ProbeSideMaterializing",20395
110,"Clustering",0
110,"Building",54479
110,"Probing",16344
110,"OutputWriting",15506
111,"BuildSideMaterializing",29684
111,"ProbeSideMaterializing",312351
111,"Clustering",0
111,"Building",47146
111,"Probing",12782
111,"OutputWriting",7264
112,"BuildSideMaterializing",23398
112,"ProbeSideMaterializing",1154411
112,"Clustering",0
112,"Building",4540
112,"Probing",529780
112,"OutputWriting",464195
113,"BuildSideMaterializing",50149
113,"ProbeSideMaterializing",3705458
113,"Clustering",0
113,"Building",86190
113,"Probing",527126
113,"OutputWriting",570640
114,"BuildSideMaterializing",38764
114,"ProbeSideMaterializing",11073909
114,"Clustering",0
114,"Building",43165
114,"Probing",4484798
114,"OutputWriting",2809128
115,"BuildSideMaterializing",3928895
115,"ProbeSideMaterializing",1511183
115,"Clustering",500095
115,"Building",1716041
115,"Probing",383034
115,"OutputWriting",285320
116,"BuildSideMaterializing",1084635
116,"ProbeSideMaterializing",739947
116,"Clustering",0
116,"Building",4489337
116,"Probing",117411
116,"OutputWriting",319614
117,"BuildSideMaterializing",1619304
117,"ProbeSideMaterializing",1116904
117,"Clustering",1239274
117,"Building",4381565
117,"Probing",1625521
117,"OutputWriting",738340
118,"BuildSideMaterializing",27519
118,"ProbeSideMaterializing",10734388
118,"Clustering",0
118,"Building",30313
118,"Probing",3136984
118,"OutputWriting",967155
119,"BuildSideMaterializing",379891
119,"ProbeSideMaterializing",1253802
119,"Clustering",0
119,"Building",5298571
119,"Probing",3403794
119,"OutputWriting",2429515
120,"BuildSideMaterializing",2270198
120,"ProbeSideMaterializing",1642982
120,"Clustering",0
120,"Building",17959933
120,"Probing",4519720
120,"OutputWriting",2231433
121,"BuildSideMaterializing",29474
121,"ProbeSideMaterializing",2157886
121,"Clustering",0
121,"Building",35761
121,"Probing",824180
121,"OutputWriting",246765
122,"BuildSideMaterializing",27379
122,"ProbeSideMaterializing",4919518
122,"Clustering",0
122,"Building",26262
122,"Probing",1624543
122,"OutputWriting",495975
123,"BuildSideMaterializing",2500409
123,"ProbeSideMaterializing",9191216
123,"Clustering",0
123,"Building",15523154
123,"Probing",4986849
123,"OutputWriting",889067
124,"BuildSideMaterializing",145349
124,"ProbeSideMaterializing",93104
124,"Clustering",0
124,"Building",305785
124,"Probing",37647
124,"OutputWriting",66563
125,"BuildSideMaterializing",25005
125,"ProbeSideMaterializing",1241718
125,"Clustering",0
125,"Building",5029
125,"Probing",2545111
125,"OutputWriting",6724472
126,"BuildSideMaterializing",23119
126,"ProbeSideMaterializing",1236689
126,"Clustering",0
126,"Building",4610
126,"Probing",2515147
126,"OutputWriting",5916776
127,"BuildSideMaterializing",155267
127,"ProbeSideMaterializing",1634252
127,"Clustering",0
127,"Building",1425902
127,"Probing",4877470
127,"OutputWriting",5337685
128,"BuildSideMaterializing",206674
128,"ProbeSideMaterializing",1331819
128,"Clustering",0
128,"Building",1636487
128,"Probing",4291954
128,"OutputWriting",4381566
129,"BuildSideMaterializing",36040
129,"ProbeSideMaterializing",1801253
129,"Clustering",0
129,"Building",5238
129,"Probing",3509960
129,"OutputWriting",3298118
130,"BuildSideMaterializing",31221
130,"ProbeSideMaterializing",1492186
130,"Clustering",0
130,"Building",5168
130,"Probing",3494943
130,"OutputWriting",2984650
131,"BuildSideMaterializing",53152
131,"ProbeSideMaterializing",28794900
131,"Clustering",0
131,"Building",11734
131,"Probing",2537986
131,"OutputWriting",1245909
132,"BuildSideMaterializing",140949
132,"ProbeSideMaterializing",27959614
132,"Clustering",0
132,"Building",15925
132,"Probing",2580522
132,"OutputWriting",1273428
133,"BuildSideMaterializing",75503
133,"ProbeSideMaterializing",79625
133,"Clustering",0
133,"Building",28916
133,"Probing",9499
133,"OutputWriting",26472
134,"BuildSideMaterializing",25774
134,"ProbeSideMaterializing",1252334
134,"Clustering",0
134,"Building",4261
134,"Probing",2472471
134,"OutputWriting",5996051
135,"BuildSideMaterializing",21164
135,"ProbeSideMaterializing",1258551
135,"Clustering",0
135,"Building",4959
135,"Probing",2393266
135,"OutputWriting",6060029
136,"BuildSideMaterializing",181739
136,"ProbeSideMaterializing",1297245
136,"Clustering",0
136,"Building",1510206
136,"Probing",4233702
136,"OutputWriting",4560300
137,"BuildSideMaterializing",187466
137,"ProbeSideMaterializing",1281390
137,"Clustering",0
137,"Building",1394052
137,"Probing",4060903
137,"OutputWriting",4761247
138,"BuildSideMaterializing",28357
138,"ProbeSideMaterializing",1448602
138,"Clustering",0
138,"Building",5098
138,"Probing",3495432
138,"OutputWriting",2977735
139,"BuildSideMaterializing",44771
139,"ProbeSideMaterializing",2890847
139,"Clustering",0
139,"Building",5308
139,"Probing",3291413
139,"OutputWriting",3296092
140,"BuildSideMaterializing",80672
140,"ProbeSideMaterializing",28157347
140,"Clustering",0
140,"Building",14248
140,"Probing",2184986
140,"OutputWriting",1320225
141,"BuildSideMaterializing",48753
141,"ProbeSideMaterializing",27837244
141,"Clustering",0
141,"Building",10616
141,"Probing",2464159
141,"OutputWriting",1302554
142,"BuildSideMaterializing",19766
142,"ProbeSideMaterializing",109169
142,"Clustering",0
142,"Building",5587
142,"Probing",26402
142,"OutputWriting",59928
143,"BuildSideMaterializing",27240
143,"ProbeSideMaterializing",204159
143,"Clustering",0
143,"Building",29754
143,"Probing",50917
143,"OutputWriting",42048
144,"BuildSideMaterializing",62791
144,"ProbeSideMaterializing",2511445
144,"Clustering",0
144,"Building",36181
144,"Probing",67611
144,"OutputWriting",66842
145,"BuildSideMaterializing",59718
145,"ProbeSideMaterializing",9511109
145,"Clustering",0
145,"Building",11874
145,"Probing",1061097
145,"OutputWriting",461960
146,"BuildSideMaterializing",39882
146,"ProbeSideMaterializing",5371210
146,"Clustering",0
146,"Building",9778
146,"Probing",9965736
146,"OutputWriting",14370000
147,"BuildSideMaterializing",31082
147,"ProbeSideMaterializing",6243165
147,"Clustering",0
147,"Building",36389
147,"Probing",9626564
147,"OutputWriting",9995210
148,"BuildSideMaterializing",28357
148,"ProbeSideMaterializing",12118033
148,"Clustering",0
148,"Building",35761
148,"Probing",5968322
148,"OutputWriting",2502993
149,"BuildSideMaterializing",73268
149,"ProbeSideMaterializing",5657089
149,"Clustering",0
149,"Building",20884
149,"Probing",19417
149,"OutputWriting",37997
150,"BuildSideMaterializing",91777
150,"ProbeSideMaterializing",350905
150,"Clustering",0
150,"Building",1002497
150,"Probing",608426
150,"OutputWriting",959890
151,"BuildSideMaterializing",119506
151,"ProbeSideMaterializing",270583
151,"Clustering",0
151,"Building",232307
151,"Probing",453020
151,"OutputWriting",697061
152,"BuildSideMaterializing",233355
152,"ProbeSideMaterializing",206394
152,"Clustering",0
152,"Building",274005
152,"Probing",59927
152,"OutputWriting",43933
153,"BuildSideMaterializing",1132550
153,"ProbeSideMaterializing",185091
153,"Clustering",0
153,"Building",1770521
153,"Probing",218128
153,"OutputWriting",32758
154,"BuildSideMaterializing",49939
154,"ProbeSideMaterializing",2171086
154,"Clustering",0
154,"Building",25703
154,"Probing",246835
154,"OutputWriting",168817
155,"BuildSideMaterializing",642372
155,"ProbeSideMaterializing",368087
155,"Clustering",0
155,"Building",1326860
155,"Probing",42257
155,"OutputWriting",12083
156,"BuildSideMaterializing",134942
156,"ProbeSideMaterializing",1693690
156,"Clustering",0
156,"Building",166373
156,"Probing",64188
156,"OutputWriting",116223
157,"BuildSideMaterializing",4806018
157,"ProbeSideMaterializing",13131356
157,"Clustering",0
157,"Building",2016588
157,"Probing",58391
157,"OutputWriting",34084
158,"BuildSideMaterializing",24796
158,"ProbeSideMaterializing",2767359
158,"Clustering",0
158,"Building",6147
158,"Probing",563586
158,"OutputWriting",617716
159,"BuildSideMaterializing",448829
159,"ProbeSideMaterializing",5128357
159,"Clustering",0
159,"Building",1845674
159,"Probing",3559760
159,"OutputWriting",3565347
160,"BuildSideMaterializing",61954
160,"ProbeSideMaterializing",15935034
160,"Clustering",0
160,"Building",64258
160,"Probing",6541196
160,"OutputWriting",6710084
161,"BuildSideMaterializing",18928
161,"ProbeSideMaterializing",376399
161,"Clustering",0
161,"Building",4819
161,"Probing",55109
161,"OutputWriting",84234
162,"BuildSideMaterializing",20325
162,"ProbeSideMaterializing",164627
162,"Clustering",0
162,"Building",17531
162,"Probing",57483
162,"OutputWriting",116293
163,"BuildSideMaterializing",435628
163,"ProbeSideMaterializing",469154
163,"Clustering",0
163,"Building",92546
163,"Probing",7264
163,"OutputWriting",5657
164,"BuildSideMaterializing",95619
164,"ProbeSideMaterializing",468456
164,"Clustering",0
164,"Building",417747
164,"Probing",654245
164,"OutputWriting",796661
165,"BuildSideMaterializing",395746
165,"ProbeSideMaterializing",7259421
165,"Clustering",0
165,"Building",570431
165,"Probing",500166
165,"OutputWriting",327716
166,"BuildSideMaterializing",26891
166,"ProbeSideMaterializing",1120815
166,"Clustering",0
166,"Building",7054
166,"Probing",43095
166,"OutputWriting",28148
167,"BuildSideMaterializing",18859
167,"ProbeSideMaterializing",112801
167,"Clustering",0
167,"Building",5797
167,"Probing",26052
167,"OutputWriting",61324
168,"BuildSideMaterializing",25983
168,"ProbeSideMaterializing",142904
168,"Clustering",0
168,"Building",28707
168,"Probing",38345
168,"OutputWriting",42606
169,"BuildSideMaterializing",62023
169,"ProbeSideMaterializing",2191900
169,"Clustering",0
169,"Building",38974
169,"Probing",68868
169,"OutputWriting",64677
170,"BuildSideMaterializing",24376
170,"ProbeSideMaterializing",9180250
170,"Clustering",0
170,"Building",7473
170,"Probing",992159
170,"OutputWriting",455254
171,"BuildSideMaterializing",24586
171,"ProbeSideMaterializing",153102
171,"Clustering",0
171,"Building",33387
171,"Probing",37926
171,"OutputWriting",47006
172,"BuildSideMaterializing",40580
172,"ProbeSideMaterializing",1258691
172,"Clustering",0
172,"Building",32827
172,"Probing",65376
172,"OutputWriting",64677
173,"BuildSideMaterializing",24097
173,"ProbeSideMaterializing",8396440
173,"Clustering",0
173,"Building",6636
173,"Probing",883270
173,"OutputWriting",444708
174,"BuildSideMaterializing",21443
174,"ProbeSideMaterializing",1300109
174,"Clustering",0
174,"Building",6426
174,"Probing",2591837
174,"OutputWriting",6956570
175,"BuildSideMaterializing",22630
175,"ProbeSideMaterializing",1372190
175,"Clustering",0
175,"Building",7683
175,"Probing",2707712
175,"OutputWriting",5483312
176,"BuildSideMaterializing",21093
176,"ProbeSideMaterializing",1799647
176,"Clustering",0
176,"Building",4819
176,"Probing",4242223
176,"OutputWriting",4171330
177,"BuildSideMaterializing",27659
177,"ProbeSideMaterializing",3653703
177,"Clustering",0
177,"Building",36669
177,"Probing",1796433
177,"OutputWriting",1227121
178,"BuildSideMaterializing",16484
178,"ProbeSideMaterializing",390089
178,"Clustering",0
178,"Building",4261
178,"Probing",1115367
178,"OutputWriting",1537446
179,"BuildSideMaterializing",148003
179,"ProbeSideMaterializing",383663
179,"Clustering",0
179,"Building",1681188
179,"Probing",1530670
179,"OutputWriting",1461313
180,"BuildSideMaterializing",53292
180,"ProbeSideMaterializing",513646
180,"Clustering",0
180,"Building",13550
180,"Probing",860011
180,"OutputWriting",746302
181,"BuildSideMaterializing",30871
181,"ProbeSideMaterializing",13948132
181,"Clustering",0
181,"Building",42536
181,"Probing",6665941
181,"OutputWriting",3264731
182,"BuildSideMaterializing",147375
182,"ProbeSideMaterializing",853725
182,"Clustering",0
182,"Building",85771
182,"Probing",33456
182,"OutputWriting",39114
183,"BuildSideMaterializing",452042
183,"ProbeSideMaterializing",45609
183,"Clustering",0
183,"Building",15157
183,"Probing",14108
183,"OutputWriting",10896
184,"BuildSideMaterializing",673733
184,"ProbeSideMaterializing",7230504
184,"Clustering",0
184,"Building",1361085
184,"Probing",522237
184,"OutputWriting",151216
185,"BuildSideMaterializing",192355
185,"ProbeSideMaterializing",85911
185,"Clustering",0
185,"Building",23468
185,"Probing",18719
185,"OutputWriting",13201
186,"BuildSideMaterializing",19277
186,"ProbeSideMaterializing",1849377
186,"Clustering",0
186,"Building",10896
186,"Probing",205487
186,"OutputWriting",183974
187,"BuildSideMaterializing",1995983
187,"ProbeSideMaterializing",649286
187,"Clustering",0
187,"Building",404127
187,"Probing",155197
187,"OutputWriting",21862
188,"BuildSideMaterializing",19696
188,"ProbeSideMaterializing",3569538
188,"Clustering",0
188,"Building",11804
188,"Probing",434650
188,"OutputWriting",372138
189,"BuildSideMaterializing",217360
189,"ProbeSideMaterializing",692590
189,"Clustering",0
189,"Building",718573
189,"Probing",176500
189,"OutputWriting",49311
190,"BuildSideMaterializing",31291
190,"ProbeSideMaterializing",9292282
190,"Clustering",0
190,"Building",19906
190,"Probing",890115
190,"OutputWriting",292934
191,"BuildSideMaterializing",18788
191,"ProbeSideMaterializing",16484
191,"Clustering",0
191,"Building",3702
191,"Probing",2934
191,"OutputWriting",9220
192,"BuildSideMaterializing",20046
192,"ProbeSideMaterializing",275751
192,"Clustering",0
192,"Building",4191
192,"Probing",5657
192,"OutputWriting",5238
193,"BuildSideMaterializing",18789
193,"ProbeSideMaterializing",559185
193,"Clustering",0
193,"Building",4750
193,"Probing",156245
193,"OutputWriting",150797
194,"BuildSideMaterializing",47285
194,"ProbeSideMaterializing",2154184
194,"Clustering",0
194,"Building",104908
194,"Probing",181460
194,"OutputWriting",238523
195,"BuildSideMaterializing",38625
195,"ProbeSideMaterializing",8821033
195,"Clustering",0
195,"Building",15157
195,"Probing",1267771
195,"OutputWriting",866577
196,"BuildSideMaterializing",122580
196,"ProbeSideMaterializing",72988
196,"Clustering",0
196,"Building",762576
196,"Probing",260804
196,"OutputWriting",138784
197,"BuildSideMaterializing",94222
197,"ProbeSideMaterializing",399867
197,"Clustering",0
197,"Building",837870
197,"Probing",133056
197,"OutputWriting",37368
198,"BuildSideMaterializing",25424
198,"ProbeSideMaterializing",1608269
198,"Clustering",0
198,"Building",4610
198,"Probing",1225305
198,"OutputWriting",1502871
199,"BuildSideMaterializing",91218
199,"ProbeSideMaterializing",3179869
199,"Clustering",0
199,"Building",316122
199,"Probing",1247795
199,"OutputWriting",1092597
200,"BuildSideMaterializing",32268
200,"ProbeSideMaterializing",9530876
200,"Clustering",0
200,"Building",21443
200,"Probing",2723776
200,"OutputWriting",2836577
201,"BuildSideMaterializing",88774
201,"ProbeSideMaterializing",47635
201,"Clustering",0
201,"Building",71033
201,"Probing",10827
201,"OutputWriting",27380
202,"BuildSideMaterializing",33106
202,"ProbeSideMaterializing",2342418
202,"Clustering",0
202,"Building",28148
202,"Probing",2657562
202,"OutputWriting",35831
203,"BuildSideMaterializing",45120
203,"ProbeSideMaterializing",46866
203,"Clustering",0
203,"Building",467338
203,"Probing",33316
203,"OutputWriting",35831
204,"BuildSideMaterializing",53013
204,"ProbeSideMaterializing",334561
204,"Clustering",0
204,"Building",190330
204,"Probing",27589
204,"OutputWriting",28287
205,"BuildSideMaterializing",173148
205,"ProbeSideMaterializing",315004
205,"Clustering",0
205,"Building",2409261
205,"Probing",923082
205,"OutputWriting",560792
206,"BuildSideMaterializing",220014
206,"ProbeSideMaterializing",658646
206,"Clustering",0
206,"Building",2896295
206,"Probing",473066
206,"OutputWriting",217290
207,"BuildSideMaterializing",702579
207,"ProbeSideMaterializing",470621
207,"Clustering",0
207,"Building",3411058
207,"Probing",361591
207,"OutputWriting",378494
208,"BuildSideMaterializing",24027
208,"ProbeSideMaterializing",621767
208,"Clustering",0
208,"Building",32967
208,"Probing",296146
208,"OutputWriting",175033
209,"BuildSideMaterializing",76830
209,"ProbeSideMaterializing",83745
209,"Clustering",0
209,"Building",37088
209,"Probing",6077
209,"OutputWriting",11524
210,"BuildSideMaterializing",297334
210,"ProbeSideMaterializing",239850
210,"Clustering",0
210,"Building",239641
210,"Probing",44492
210,"OutputWriting",9569
211,"BuildSideMaterializing",96807
211,"ProbeSideMaterializing",69845
211,"Clustering",0
211,"Building",92755
211,"Probing",22351
211,"OutputWriting",19696
212,"BuildSideMaterializing",326180
212,"ProbeSideMaterializing",107911
212,"Clustering",0
212,"Building",388272
212,"Probing",69077
212,"OutputWriting",57902
213,"BuildSideMaterializing",104839
213,"ProbeSideMaterializing",80672
213,"Clustering",0
213,"Building",175383
213,"Probing",36530
213,"OutputWriting",30732
214,"BuildSideMaterializing",17741
214,"ProbeSideMaterializing",224484
214,"Clustering",0
214,"Building",5518
214,"Probing",16414
214,"OutputWriting",15995
215,"BuildSideMaterializing",21653
215,"ProbeSideMaterializing",161902
215,"Clustering",0
215,"Building",10547
215,"Probing",5168
215,"OutputWriting",6495
216,"BuildSideMaterializing",18929
216,"ProbeSideMaterializing",1049153
216,"Clustering",0
216,"Building",5937
216,"Probing",59229
216,"OutputWriting",21722
217,"BuildSideMaterializing",20255
217,"ProbeSideMaterializing",402102
217,"Clustering",0
217,"Building",6217
217,"Probing",29126
217,"OutputWriting",14737
218,"BuildSideMaterializing",26751
218,"ProbeSideMaterializing",8806086
218,"Clustering",0
218,"Building",12502
218,"Probing",8382
218,"OutputWriting",10128
219,"BuildSideMaterializing",521608
219,"ProbeSideMaterializing",231399
219,"Clustering",0
219,"Building",3544184
219,"Probing",41419
219,"OutputWriting",15576
220,"BuildSideMaterializing",23399
220,"ProbeSideMaterializing",172938
220,"Clustering",0
220,"Building",4331
220,"Probing",4540
220,"OutputWriting",8591
221,"BuildSideMaterializing",25424
221,"ProbeSideMaterializing",252772
221,"Clustering",0
221,"Building",4191
221,"Probing",5448
221,"OutputWriting",6426
222,"BuildSideMaterializing",27589
222,"ProbeSideMaterializing",299498
222,"Clustering",0
222,"Building",22560
222,"Probing",9918
222,"OutputWriting",36878
223,"BuildSideMaterializing",32339
223,"ProbeSideMaterializing",150029
223,"Clustering",0
223,"Building",24516
223,"Probing",6706
223,"OutputWriting",26890
224,"BuildSideMaterializing",771796
224,"ProbeSideMaterializing",237336
224,"Clustering",0
224,"Building",27379
224,"Probing",21164
224,"OutputWriting",22909
225,"BuildSideMaterializing",21722
225,"ProbeSideMaterializing",1365485
225,"Clustering",0
225,"Building",10617
225,"Probing",1518517
225,"OutputWriting",1537376
226,"BuildSideMaterializing",244530
226,"ProbeSideMaterializing",4805739
226,"Clustering",0
226,"Building",181529
226,"Probing",81719
226,"OutputWriting",55039
227,"BuildSideMaterializing",77808
227,"ProbeSideMaterializing",222389
227,"Clustering",0
227,"Building",173567
227,"Probing",27380
227,"OutputWriting",58181
228,"BuildSideMaterializing",35830
228,"ProbeSideMaterializing",2642825
228,"Clustering",0
228,"Building",35412
228,"Probing",1366603
228,"OutputWriting",1458799
229,"BuildSideMaterializing",21583
229,"ProbeSideMaterializing",143323
229,"Clustering",0
229,"Building",7403
229,"Probing",25634
229,"OutputWriting",46657
230,"BuildSideMaterializing",706839
230,"ProbeSideMaterializing",6067992
230,"Clustering",0
230,"Building",708446
230,"Probing",108750
230,"OutputWriting",69427
231,"BuildSideMaterializing",304178
231,"ProbeSideMaterializing",646353
231,"Clustering",0
231,"Building",1245699
231,"Probing",258639
231,"OutputWriting",163439
232,"BuildSideMaterializing",62442
232,"ProbeSideMaterializing",487594
232,"Clustering",0
232,"Building",74525
232,"Probing",44352
232,"OutputWriting",48962
233,"BuildSideMaterializing",63629
233,"ProbeSideMaterializing",731565
233,"Clustering",0
233,"Building",90520
233,"Probing",86329
233,"OutputWriting",78646
234,"BuildSideMaterializing",62791
234,"ProbeSideMaterializing",834168
234,"Clustering",0
234,"Building",84095
234,"Probing",78577
234,"OutputWriting",81720
235,"BuildSideMaterializing",18579
235,"ProbeSideMaterializing",470551
235,"Clustering",0
235,"Building",3632
235,"Probing",121951
235,"OutputWriting",160924
236,"BuildSideMaterializing",63351
236,"ProbeSideMaterializing",721367
236,"Clustering",0
236,"Building",110147
236,"Probing",121671
236,"OutputWriting",139552
237,"BuildSideMaterializing",62442
237,"ProbeSideMaterializing",662068
237,"Clustering",0
237,"Building",118948
237,"Probing",120833
237,"OutputWriting",134802
238,"BuildSideMaterializing",18160
238,"ProbeSideMaterializing",677574
238,"Clustering",0
238,"Building",3842
238,"Probing",208070
238,"OutputWriting",261572
239,"BuildSideMaterializing",69636
239,"ProbeSideMaterializing",765230
239,"Clustering",0
239,"Building",85980
239,"Probing",66702
239,"OutputWriting",70545
240,"BuildSideMaterializing",18090
240,"ProbeSideMaterializing",822225
240,"Clustering",0
240,"Building",3702
240,"Probing",208280
240,"OutputWriting",276590
241,"BuildSideMaterializing",37018
241,"ProbeSideMaterializing",8253326
241,"Clustering",0
241,"Building",127748
241,"Probing",599626
241,"OutputWriting",377028
242,"BuildSideMaterializing",18300
242,"ProbeSideMaterializing",975047
242,"Clustering",0
242,"Building",3771
242,"Probing",306134
242,"OutputWriting",371929
243,"BuildSideMaterializing",18440
243,"ProbeSideMaterializing",919729
243,"Clustering",0
243,"Building",3841
243,"Probing",300965
243,"OutputWriting",360544
244,"BuildSideMaterializing",36808
244,"ProbeSideMaterializing",8603603
244,"Clustering",0
244,"Building",157432
244,"Probing",1132550
244,"OutputWriting",697689
245,"BuildSideMaterializing",74176
245,"ProbeSideMaterializing",892000
245,"Clustering",0
245,"Building",103233
245,"Probing",70264
245,"OutputWriting",77459
246,"BuildSideMaterializing",67122
246,"ProbeSideMaterializing",911277
246,"Clustering",0
246,"Building",85421
246,"Probing",77738
246,"OutputWriting",79554
247,"BuildSideMaterializing",18090
247,"ProbeSideMaterializing",822504
247,"Clustering",0
247,"Building",3632
247,"Probing",182297
247,"OutputWriting",233913
248,"BuildSideMaterializing",40161
248,"ProbeSideMaterializing",8662483
248,"Clustering",0
248,"Building",135151
248,"Probing",1120326
248,"OutputWriting",710122
249,"BuildSideMaterializing",37786
249,"ProbeSideMaterializing",9275590
249,"Clustering",0
249,"Building",124186
249,"Probing",1583334
249,"OutputWriting",1032950
250,"BuildSideMaterializing",37158
250,"ProbeSideMaterializing",8996206
250,"Clustering",0
250,"Building",149260
250,"Probing",1583474
250,"OutputWriting",1050899
251,"BuildSideMaterializing",23957
251,"ProbeSideMaterializing",1496516
251,"Clustering",0
251,"Building",4121
251,"Probing",408179
251,"OutputWriting",271072
252,"BuildSideMaterializing",18230
252,"ProbeSideMaterializing",1270355
252,"Clustering",0
252,"Building",3772
252,"Probing",206673
252,"OutputWriting",262690
253,"BuildSideMaterializing",38415
253,"ProbeSideMaterializing",8619388
253,"Clustering",0
253,"Building",127259
253,"Probing",965198
253,"OutputWriting",612547
254,"BuildSideMaterializing",56086
254,"ProbeSideMaterializing",9830653
254,"Clustering",0
254,"Building",165535
254,"Probing",1131013
254,"OutputWriting",646772
255,"BuildSideMaterializing",37717
255,"ProbeSideMaterializing",8675544
255,"Clustering",0
255,"Building",122719
255,"Probing",1111106
255,"OutputWriting",689727
256,"BuildSideMaterializing",19417
256,"ProbeSideMaterializing",15017
256,"Clustering",0
256,"Building",3353
256,"Probing",2445
256,"OutputWriting",13411
257,"BuildSideMaterializing",17252
257,"ProbeSideMaterializing",20884
257,"Clustering",0
257,"Building",3562
257,"Probing",2444
257,"OutputWriting",11804
258,"BuildSideMaterializing",48682
258,"ProbeSideMaterializing",44562
258,"Clustering",0
258,"Building",19627
258,"Probing",9708
258,"OutputWriting",16972
259,"BuildSideMaterializing",48822
259,"ProbeSideMaterializing",73478
259,"Clustering",0
259,"Building",7544
259,"Probing",2794
259,"OutputWriting",6635
260,"BuildSideMaterializing",244041
260,"ProbeSideMaterializing",6990166
260,"Clustering",0
260,"Building",84094
260,"Probing",10198
260,"OutputWriting",11315
261,"BuildSideMaterializing",21302
261,"ProbeSideMaterializing",427387
261,"Clustering",0
261,"Building",6146
261,"Probing",26611
261,"OutputWriting",18091
262,"BuildSideMaterializing",35622
262,"ProbeSideMaterializing",177967
262,"Clustering",0
262,"Building",107004
262,"Probing",27309
262,"OutputWriting",26052
263,"BuildSideMaterializing",147095
263,"ProbeSideMaterializing",673453
263,"Clustering",0
263,"Building",609055
263,"Probing",163789
263,"OutputWriting",69427
264,"BuildSideMaterializing",58391
264,"ProbeSideMaterializing",16010678
264,"Clustering",0
264,"Building",14318
264,"Probing",153032
264,"OutputWriting",710960
265,"BuildSideMaterializing",3072306
265,"ProbeSideMaterializing",33085456
265,"Clustering",70128444
265,"Building",29399974
265,"Probing",320399766
265,"OutputWriting",45886231
266,"BuildSideMaterializing",69217
266,"ProbeSideMaterializing",30663
266,"Clustering",0
266,"Building",127609
266,"Probing",19068
266,"OutputWriting",22910
267,"BuildSideMaterializing",28147
267,"ProbeSideMaterializing",564843
267,"Clustering",0
267,"Building",44841
267,"Probing",27799
267,"OutputWriting",29125
268,"BuildSideMaterializing",48054
268,"ProbeSideMaterializing",1048455
268,"Clustering",0
268,"Building",4261
268,"Probing",178037
268,"OutputWriting",177269
269,"BuildSideMaterializing",58880
269,"ProbeSideMaterializing",9442660
269,"Clustering",0
269,"Building",154010
269,"Probing",734079
269,"OutputWriting",326041
271,"BuildSideMaterializing",32618
271,"ProbeSideMaterializing",12483536
271,"Clustering",0
271,"Building",47915
271,"Probing",5630758
271,"OutputWriting",2502156
272,"BuildSideMaterializing",90310
272,"ProbeSideMaterializing",4971483
272,"Clustering",0
272,"Building",55667
272,"Probing",2828335
272,"OutputWriting",1395728
273,"BuildSideMaterializing",67541
273,"ProbeSideMaterializing",1985786
273,"Clustering",0
273,"Building",4749
273,"Probing",4677153
273,"OutputWriting",12006001
274,"BuildSideMaterializing",25843
274,"ProbeSideMaterializing",2146640
274,"Clustering",0
274,"Building",6915
274,"Probing",4379400
274,"OutputWriting",9458166
275,"BuildSideMaterializing",79415
275,"ProbeSideMaterializing",2845028
275,"Clustering",0
275,"Building",4750
275,"Probing",7385423
275,"OutputWriting",6608039
276,"BuildSideMaterializing",63211
276,"ProbeSideMaterializing",5625169
276,"Clustering",0
276,"Building",45539
276,"Probing",3380187
276,"OutputWriting",2130715
