"TableScan",12,2,12,12,2,12,21023,"REFERENCE","store","s_state","ColumnVsValue","No","62abd1717043ab45",1,"Equals"
"Aggregate",50441,3,1268.28,7,2,1268.28,1195201,"REFERENCE","store_returns","sr_store_sk","AggregateHash","No","62abd1717043ab45",1,""
"GetTable",0,0,0,100000,2,100000,9220,"","customer","","","","62abd1717043ab45",0,""
"Aggregate",55820,4,1268.28,50441,3,1268.28,24778770,"REFERENCE","store_returns","sr_customer_sk","AggregateHash","No","62abd1717043ab45",5,""
"Aggregate",55820,4,1268.28,50441,3,1268.28,24778770,"REFERENCE","store_returns","sr_store_sk","AggregateHash","No","62abd1717043ab45",5,""
"GetTable",0,0,0,12,2,12,7333,"","store","","","","62abd1717043ab45",0,""
"GetTable",0,0,0,287514,4,287514,30453,"","store_returns","","","","62abd1717043ab45",0,""
"TableScan",65535,2,65535,366,2,333.86,213099,"DATA","date_dim","d_year","ColumnVsValue","No","62abd1717043ab45",1,"Equals"
"GetTable",0,0,0,65535,2,65535,7334,"","date_dim","","","","62abd1717043ab45",0,""
"Aggregate",975,10,411.743,89,4,411.743,972463,"REFERENCE","date_dim","d_year","AggregateHash","No","48102a81fee54f33",2,""
"Aggregate",975,10,411.743,89,4,411.743,972463,"REFERENCE","item","i_brand","AggregateHash","No","48102a81fee54f33",2,""
"Aggregate",975,10,411.743,89,4,411.743,972463,"REFERENCE","item","i_brand_id","AggregateHash","No","48102a81fee54f33",2,""
"TableScan",1675,3,1823,149,3,149.735,46447,"REFERENCE","date_dim","d_moy","ColumnVsValue","No","48102a81fee54f33",1,"Equals"
"TableScan",18000,4,18000,39,4,32.808,61255,"DATA","item","i_manufact_id","ColumnVsValue","No","48102a81fee54f33",1,"Equals"
"GetTable",0,0,0,73049,3,73049,12153,"","date_dim","","","","48102a81fee54f33",0,""
"GetTable",0,0,0,2880404,3,2.8804e+06,116783,"","store_sales","","","","48102a81fee54f33",0,""
"GetTable",0,0,0,18000,4,18000,5448,"","item","","","","48102a81fee54f33",0,""
"TableScan",51,2,31026.5,45,2,31026.5,45819,"REFERENCE","customer","COUNT(*)","ColumnVsValue","No","43e0ae6c5f21fc66",1,"GreaterThanEquals"
"Aggregate",2858,10,31026.5,51,2,31026.5,293282,"REFERENCE","customer_address","ca_state","AggregateHash","No","43e0ae6c5f21fc66",2,""
"GetTable",0,0,0,18000,3,18000,10337,"","item","","","","43e0ae6c5f21fc66",0,""
"Aggregate",18000,3,18000,11,2,18000,2108854,"REFERENCE","item","i_category","AggregateHash","No","43e0ae6c5f21fc66",1,""
"GetTable",0,0,0,2880404,3,2.8804e+06,70405,"","store_sales","","","","43e0ae6c5f21fc66",0,""
"GetTable",0,0,0,100000,2,100000,9150,"","customer","","","","43e0ae6c5f21fc66",0,""
"GetTable",0,0,0,50000,2,50000,5937,"","customer_address","","","","43e0ae6c5f21fc66",0,""
"GetTable",0,0,0,73049,2,73049,6216,"","date_dim","","","","43e0ae6c5f21fc66",0,""
"Aggregate",31,3,28.3362,1,1,28.3362,71243,"REFERENCE","date_dim","d_month_seq","AggregateHash","No","43e0ae6c5f21fc66",1,""
"TableScan",365,3,333.86,31,3,28.3362,14598,"REFERENCE","date_dim","d_moy","ColumnVsValue","No","43e0ae6c5f21fc66",1,"Equals"
"TableScan",65535,3,65535,365,3,333.86,115944,"DATA","date_dim","d_year","ColumnVsValue","No","43e0ae6c5f21fc66",1,"Equals"
"GetTable",0,0,0,65535,3,65535,5239,"","date_dim","","","","43e0ae6c5f21fc66",0,""
"Aggregate",7747,10,11475.3,5149,5,11475.3,11459109,"REFERENCE","item","i_item_id","AggregateHash","No","a5ed8e369e84a26a",1,""
"GetTable",0,0,0,18000,2,18000,7893,"","item","","","","a5ed8e369e84a26a",0,""
"TableScan",300,3,300,295,3,300,28567,"REFERENCE","promotion","p_channel_email","ColumnVsValue","No","a5ed8e369e84a26a",1,"Equals"
"TableScan",300,3,300,296,3,300,13201,"REFERENCE","promotion","p_channel_event","ColumnVsValue","No","a5ed8e369e84a26a",1,"Equals"
"GetTable",0,0,0,2880404,8,2.8804e+06,125234,"","store_sales","","","","a5ed8e369e84a26a",0,""
"TableScan",54880,4,54880,27440,4,27440,1065847,"REFERENCE","customer_demographics","cd_gender","ColumnVsValue","No","a5ed8e369e84a26a",30,"Equals"
"TableScan",65535,2,65535,366,2,333.86,97086,"DATA","date_dim","d_year","ColumnVsValue","No","a5ed8e369e84a26a",1,"Equals"
"TableScan",274400,4,274400,54880,4,54880,1639350,"REFERENCE","customer_demographics","cd_marital_status","ColumnVsValue","No","a5ed8e369e84a26a",30,"Equals"
"GetTable",0,0,0,300,3,300,13410,"","promotion","","","","a5ed8e369e84a26a",0,""
"GetTable",0,0,0,65535,2,65535,4680,"","date_dim","","","","a5ed8e369e84a26a",0,""
"TableScan",1920800,4,1.9208e+06,274400,4,274400,3582739,"DATA","customer_demographics","cd_education_status","ColumnVsValue","No","a5ed8e369e84a26a",30,"Equals"
"GetTable",0,0,0,1920800,4,1.9208e+06,69846,"","customer_demographics","","","","a5ed8e369e84a26a",0,""
"TableScan",35,1,35,1,1,1,17391,"DATA","reason","r_reason_sk","ColumnVsValue","No","77eb7251971f23d",1,"Equals"
"GetTable",0,0,0,35,1,35,331838,"","reason","","","","77eb7251971f23d",0,""
"Aggregate",5,12,299.343,5,9,299.343,203740,"REFERENCE","customer_demographics","cd_gender","AggregateHash","No","2e0ad00e44492b13",1,""
"Aggregate",5,12,299.343,5,9,299.343,203740,"REFERENCE","customer_demographics","cd_marital_status","AggregateHash","No","2e0ad00e44492b13",1,""
"Aggregate",5,12,299.343,5,9,299.343,203740,"REFERENCE","customer_demographics","cd_education_status","AggregateHash","No","2e0ad00e44492b13",1,""
"Aggregate",5,12,299.343,5,9,299.343,203740,"REFERENCE","customer_demographics","cd_purchase_estimate","AggregateHash","No","2e0ad00e44492b13",1,""
"Aggregate",5,12,299.343,5,9,299.343,203740,"REFERENCE","customer_demographics","cd_credit_rating","AggregateHash","No","2e0ad00e44492b13",1,""
"Aggregate",5,12,299.343,5,9,299.343,203740,"REFERENCE","customer_demographics","cd_dep_count","AggregateHash","No","2e0ad00e44492b13",1,""
"Aggregate",5,12,299.343,5,9,299.343,203740,"REFERENCE","customer_demographics","cd_dep_employed_count","AggregateHash","No","2e0ad00e44492b13",1,""
"Aggregate",5,12,299.343,5,9,299.343,203740,"REFERENCE","customer_demographics","cd_dep_college_count","AggregateHash","No","2e0ad00e44492b13",1,""
"GetTable",0,0,0,2880404,2,2.8804e+06,73059,"","store_sales","","","","2e0ad00e44492b13",0,""
"GetTable",0,0,0,719384,2,719384,30733,"","web_sales","","","","2e0ad00e44492b13",0,""
"TableScan",365,3,333.708,120,3,109.862,32967,"REFERENCE","date_dim","d_moy","ColumnBetween","No","2e0ad00e44492b13",1,"BetweenInclusive"
"GetTable",0,0,0,1920800,9,1.9208e+06,41000,"","customer_demographics","","","","2e0ad00e44492b13",0,""
"GetTable",0,0,0,100000,3,100000,8311,"","customer","","","","2e0ad00e44492b13",0,""
"GetTable",0,0,0,1441548,2,1.44155e+06,48543,"","catalog_sales","","","","2e0ad00e44492b13",0,""
"TableScan",65535,3,65535,365,3,333.708,102045,"DATA","date_dim","d_year","ColumnVsValue","No","2e0ad00e44492b13",1,"Equals"
"TableScan",50000,2,50000,459,2,134.342,8290066,"DATA","customer_address","ca_county","ExpressionEvaluator","No","2e0ad00e44492b13",1,"In"
"GetTable",0,0,0,65535,3,65535,5518,"","date_dim","","","","2e0ad00e44492b13",0,""
"GetTable",0,0,0,50000,2,50000,5308,"","customer_address","","","","2e0ad00e44492b13",0,""
"TableScan",4,18,0,4,18,0,19348,"REFERENCE","store_sales","ss_sales_price","ColumnBetween","No","e9628864b4c79dc2",1,"BetweenInclusive"
"TableScan",74,18,0,4,18,0,16973,"REFERENCE","household_demographics","hd_dep_count","ColumnVsValue","No","e9628864b4c79dc2",1,"Equals"
"TableScan",0,18,0,0,18,0,4889,"REFERENCE","store_sales","ss_sales_price","ColumnBetween","Ascending","e9628864b4c79dc2",0,"BetweenInclusive"
"TableScan",2,18,0,2,18,0,16832,"REFERENCE","store_sales","ss_sales_price","ColumnBetween","No","e9628864b4c79dc2",1,"BetweenInclusive"
"TableScan",74,18,0,74,18,0,38485,"REFERENCE","customer_demographics","cd_education_status","ColumnVsValue","No","e9628864b4c79dc2",1,"Equals"
"TableScan",0,18,0,0,18,0,4540,"REFERENCE","household_demographics","hd_dep_count","ColumnVsValue","Ascending","e9628864b4c79dc2",0,"Equals"
"TableScan",18,18,0,2,18,0,13480,"REFERENCE","household_demographics","hd_dep_count","ColumnVsValue","No","e9628864b4c79dc2",1,"Equals"
"TableScan",92,18,0,74,18,0,53782,"REFERENCE","customer_demographics","cd_marital_status","ColumnVsValue","No","e9628864b4c79dc2",1,"Equals"
"TableScan",0,18,0,0,18,0,6007,"REFERENCE","customer_demographics","cd_education_status","ColumnVsValue","Ascending","e9628864b4c79dc2",0,"Equals"
"TableScan",18,18,0,18,18,0,25075,"REFERENCE","customer_demographics","cd_education_status","ColumnVsValue","No","e9628864b4c79dc2",1,"Equals"
"TableScan",92,18,0,0,18,0,36599,"REFERENCE","customer_demographics","cd_marital_status","ColumnVsValue","No","e9628864b4c79dc2",1,"Equals"
"TableScan",92,18,0,18,18,0,41139,"REFERENCE","customer_demographics","cd_marital_status","ColumnVsValue","No","e9628864b4c79dc2",1,"Equals"
"GetTable",0,0,0,7200,2,7200,9919,"","household_demographics","","","","e9628864b4c79dc2",0,""
"TableScan",189,16,0,18,16,0,140599,"REFERENCE","store_sales","ss_sales_price","ColumnBetween","No","e9628864b4c79dc2",1,"BetweenInclusive"
"TableScan",189,16,0,189,16,0,83465,"REFERENCE","customer_demographics","cd_education_status","ColumnVsValue","No","e9628864b4c79dc2",1,"Equals"
"TableScan",191,16,0,74,16,0,92615,"REFERENCE","store_sales","ss_sales_price","ColumnBetween","No","e9628864b4c79dc2",1,"BetweenInclusive"
"TableScan",0,16,3,0,16,382204,4819,"REFERENCE","customer_demographics","cd_education_status","ColumnVsValue","Ascending","e9628864b4c79dc2",0,"Equals"
"TableScan",554,16,0.00346151,189,16,0,140599,"REFERENCE","customer_demographics","cd_marital_status","ColumnVsValue","No","e9628864b4c79dc2",1,"Equals"
"TableScan",191,16,0,191,16,0,52734,"REFERENCE","customer_demographics","cd_education_status","ColumnVsValue","No","e9628864b4c79dc2",1,"Equals"
"TableScan",3,16,2.35476e-05,0,16,3,16763,"REFERENCE","customer_demographics","cd_marital_status","ColumnVsValue","No","e9628864b4c79dc2",1,"Equals"
"TableScan",554,16,0.00346151,191,16,0,62931,"REFERENCE","customer_demographics","cd_marital_status","ColumnVsValue","No","e9628864b4c79dc2",1,"Equals"
"TableScan",554,16,0.00346151,3,16,2.35476e-05,87168,"REFERENCE","store_sales","ss_sales_price","ColumnBetween","No","e9628864b4c79dc2",1,"BetweenInclusive"
"TableScan",274400,3,274400,54880,3,54880,1552462,"REFERENCE","customer_demographics","cd_marital_status","ColumnVsValue","No","e9628864b4c79dc2",30,"Equals"
"TableScan",2403,13,4.97709,1136,13,2.1489,542213,"REFERENCE","store_sales","ss_net_profit","ColumnBetween","No","e9628864b4c79dc2",12,"BetweenInclusive"
"GetTable",0,0,0,12,1,12,7892,"","store","","","","e9628864b4c79dc2",0,""
"TableScan",1920800,3,1.9208e+06,274400,3,274400,5516559,"REFERENCE","customer_demographics","cd_education_status","ColumnVsValue","No","e9628864b4c79dc2",30,"Equals"
"TableScan",274400,3,274400,54880,3,54880,986083,"REFERENCE","customer_demographics","cd_marital_status","ColumnVsValue","No","e9628864b4c79dc2",30,"Equals"
"TableScan",274400,3,274400,54880,3,54880,982520,"REFERENCE","customer_demographics","cd_marital_status","ColumnVsValue","No","e9628864b4c79dc2",30,"Equals"
"TableScan",5856,13,8.0966,5093,13,8.0966,707328,"REFERENCE","store_sales","ss_net_profit","ColumnBetween","No","e9628864b4c79dc2",12,"BetweenInclusive"
"TableScan",4253,13,6.26781,1796,13,6.26781,392952,"REFERENCE","store_sales","ss_net_profit","ColumnBetween","No","e9628864b4c79dc2",8,"BetweenInclusive"
"TableScan",1920800,3,1.9208e+06,274400,3,274400,4028495,"REFERENCE","customer_demographics","cd_education_status","ColumnVsValue","No","e9628864b4c79dc2",30,"Equals"
"TableScan",1920800,3,1.9208e+06,274400,3,274400,3997134,"REFERENCE","customer_demographics","cd_education_status","ColumnVsValue","No","e9628864b4c79dc2",30,"Equals"
"TableScan",38743,13,87.3384,443,13,1.45113,125723,"REFERENCE","customer_address","ca_state","ColumnVsValue","No","e9628864b4c79dc2",4,"Equals"
"GetTable",0,0,0,1920800,3,1.9208e+06,50359,"","customer_demographics","","","","e9628864b4c79dc2",0,""
"TableScan",38743,13,87.3384,1570,13,2.49397,193124,"REFERENCE","customer_address","ca_state","ColumnVsValue","No","e9628864b4c79dc2",4,"Equals"
"TableScan",38743,13,87.3384,390,13,1.03199,127818,"REFERENCE","customer_address","ca_state","ColumnVsValue","No","e9628864b4c79dc2",4,"Equals"
"TableScan",38743,13,87.3384,1664,13,2.13975,160296,"REFERENCE","customer_address","ca_state","ColumnVsValue","No","e9628864b4c79dc2",4,"Equals"
"TableScan",38743,13,87.3384,1057,13,2.30379,143114,"REFERENCE","customer_address","ca_state","ColumnVsValue","No","e9628864b4c79dc2",4,"Equals"
"TableScan",38743,13,87.3384,3196,13,3.96403,205068,"REFERENCE","customer_address","ca_state","ColumnVsValue","No","e9628864b4c79dc2",4,"Equals"
"TableScan",21130,3,87.3384,20510,3,87.3384,239502,"REFERENCE","customer_address","ca_country","ColumnVsValue","No","e9628864b4c79dc2",1,"Equals"
"TableScan",38743,13,87.3384,996,13,1.99283,155686,"REFERENCE","customer_address","ca_state","ColumnVsValue","No","e9628864b4c79dc2",4,"Equals"
"TableScan",2880404,10,2.8804e+06,85529,10,90055.2,5690615,"REFERENCE","store_sales","ss_net_profit","ColumnBetween","No","e9628864b4c79dc2",44,"BetweenInclusive"
"TableScan",65535,2,65535,365,2,333.86,100298,"DATA","date_dim","d_year","ColumnVsValue","No","e9628864b4c79dc2",1,"Equals"
"GetTable",0,0,0,50000,3,50000,7753,"","customer_address","","","","e9628864b4c79dc2",0,""
"TableScan",2880404,10,2.8804e+06,99216,10,103718,5249749,"REFERENCE","store_sales","ss_net_profit","ColumnBetween","No","e9628864b4c79dc2",44,"BetweenInclusive"
"TableScan",2880404,10,2.8804e+06,180043,10,193533,6592045,"REFERENCE","store_sales","ss_net_profit","ColumnBetween","No","e9628864b4c79dc2",44,"BetweenInclusive"
"GetTable",0,0,0,65535,2,65535,10127,"","date_dim","","","","e9628864b4c79dc2",0,""
"GetTable",0,0,0,2880404,10,2.8804e+06,149610,"","store_sales","","","","e9628864b4c79dc2",0,""
"Aggregate",3343,8,1733.47,202,2,1733.47,651311,"REFERENCE","customer_address","ca_zip","AggregateHash","No","747848d0ca9ebfbb",6,""
"TableScan",41265,8,1627.41,774,8,19.3476,113989,"REFERENCE","customer_address","ca_state","ColumnVsValue","No","747848d0ca9ebfbb",2,"Equals"
"TableScan",41265,8,1627.41,0,8,0,12014,"REFERENCE","catalog_sales","cs_sales_price","ColumnVsValue","No","747848d0ca9ebfbb",2,"GreaterThan"
"TableScan",41265,8,1627.41,0,8,1627.41,8919516,"REFERENCE","customer_address","ca_zip","ExpressionEvaluator","No","747848d0ca9ebfbb",2,"In"
"TableScan",41265,8,1627.41,2076,8,58.5298,177967,"REFERENCE","customer_address","ca_state","ColumnVsValue","No","747848d0ca9ebfbb",2,"Equals"
"TableScan",41265,8,1627.41,493,8,28.1816,106096,"REFERENCE","customer_address","ca_state","ColumnVsValue","No","747848d0ca9ebfbb",2,"Equals"
"GetTable",0,0,0,1441548,3,1.44155e+06,59090,"","catalog_sales","","","","747848d0ca9ebfbb",0,""
"GetTable",0,0,0,50000,3,50000,6356,"","customer_address","","","","747848d0ca9ebfbb",0,""
"TableScan",365,3,333.86,91,3,83.1805,16833,"REFERENCE","date_dim","d_qoy","ColumnVsValue","No","747848d0ca9ebfbb",1,"Equals"
"GetTable",0,0,0,100000,2,100000,8382,"","customer","","","","747848d0ca9ebfbb",0,""
"TableScan",65535,3,65535,365,3,333.86,121392,"DATA","date_dim","d_year","ColumnVsValue","No","747848d0ca9ebfbb",1,"Equals"
"GetTable",0,0,0,65535,3,65535,5168,"","date_dim","","","","747848d0ca9ebfbb",0,""
"Aggregate",1,20,7.02756,1,12,7.02756,226650,"REFERENCE","item","i_item_id","AggregateHash","No","76277e5ed4da0819",1,""
"Aggregate",1,20,7.02756,1,12,7.02756,226650,"REFERENCE","item","i_item_desc","AggregateHash","No","76277e5ed4da0819",1,""
"Aggregate",1,20,7.02756,1,12,7.02756,226650,"REFERENCE","store","s_state","AggregateHash","No","76277e5ed4da0819",1,""
"TableScan",9322,17,7.06771,1,17,7.02756,758455,"REFERENCE","store_returns","sr_item_sk","ColumnVsColumn","No","76277e5ed4da0819",3,"Equals"
"TableScan",9322,17,7.06771,1,17,7.02756,758455,"REFERENCE","catalog_sales","cs_item_sk","ColumnVsColumn","No","76277e5ed4da0819",3,"Equals"
"GetTable",0,0,0,18000,3,18000,22770,"","item","","","","76277e5ed4da0819",0,""
"TableScan",74599,11,332.375,5958,11,330.023,8910018,"REFERENCE","store_sales","ss_item_sk","ColumnVsColumn","No","76277e5ed4da0819",44,"Equals"
"TableScan",74599,11,332.375,5958,11,330.023,8910018,"REFERENCE","store_returns","sr_item_sk","ColumnVsColumn","No","76277e5ed4da0819",44,"Equals"
"TableScan",73049,2,73049,91,2,91.3182,89263,"DATA","date_dim","d_quarter_name","ColumnVsValue","No","76277e5ed4da0819",2,"Equals"
"GetTable",0,0,0,1441548,4,1.44155e+06,65724,"","catalog_sales","","","","76277e5ed4da0819",0,""
"TableScan",106367,11,334.779,74599,11,332.375,8245644,"REFERENCE","store_sales","ss_ticket_number","ColumnVsColumn","No","76277e5ed4da0819",44,"Equals"
"TableScan",106367,11,334.779,74599,11,332.375,8245644,"REFERENCE","store_returns","sr_ticket_number","ColumnVsColumn","No","76277e5ed4da0819",44,"Equals"
"GetTable",0,0,0,12,2,12,9918,"","store","","","","76277e5ed4da0819",0,""
"TableScan",73049,2,73049,92,2,91.3182,97226,"DATA","date_dim","d_quarter_name","ColumnVsValue","No","76277e5ed4da0819",2,"Equals"
"TableScan",73049,2,73049,91,2,91.3182,89123,"DATA","date_dim","d_quarter_name","ColumnVsValue","No","76277e5ed4da0819",2,"Equals"
"GetTable",0,0,0,73049,2,73049,5099,"","date_dim","","","","76277e5ed4da0819",0,""
"GetTable",0,0,0,2880404,6,2.8804e+06,149679,"","store_sales","","","","76277e5ed4da0819",0,""
"GetTable",0,0,0,287514,5,287514,22490,"","store_returns","","","","76277e5ed4da0819",0,""
"TableScan",65535,2,65535,91,2,82.3407,139063,"DATA","date_dim","d_quarter_name","ColumnVsValue","No","76277e5ed4da0819",1,"Equals"
"GetTable",0,0,0,65535,2,65535,4680,"","date_dim","","","","76277e5ed4da0819",0,""
"Aggregate",1447,17,299.463,160,5,299.463,1231241,"REFERENCE","item","i_brand","AggregateHash","No","7ee6cff3a8c3d580",2,""
"Aggregate",1447,17,299.463,160,5,299.463,1231241,"REFERENCE","item","i_brand_id","AggregateHash","No","7ee6cff3a8c3d580",2,""
"Aggregate",1447,17,299.463,160,5,299.463,1231241,"REFERENCE","item","i_manufact_id","AggregateHash","No","7ee6cff3a8c3d580",2,""
"Aggregate",1447,17,299.463,160,5,299.463,1231241,"REFERENCE","item","i_manufact","AggregateHash","No","7ee6cff3a8c3d580",2,""
"TableScan",1492,17,299.463,1447,17,299.463,739667,"REFERENCE","customer_address","ca_zip","ExpressionEvaluator","No","7ee6cff3a8c3d580",2,"NotEquals"
"TableScan",1492,17,299.463,1447,17,299.463,739667,"REFERENCE","store","s_zip","ExpressionEvaluator","No","7ee6cff3a8c3d580",2,"NotEquals"
"GetTable",0,0,0,50000,2,50000,9918,"","customer_address","","","","7ee6cff3a8c3d580",0,""
"GetTable",0,0,0,100000,2,100000,7264,"","customer","","","","7ee6cff3a8c3d580",0,""
"GetTable",0,0,0,12,2,12,6356,"","store","","","","7ee6cff3a8c3d580",0,""
"TableScan",18000,6,18000,321,6,328.415,35761,"DATA","item","i_manager_id","ColumnVsValue","No","7ee6cff3a8c3d580",1,"Equals"
"GetTable",0,0,0,18000,6,18000,6985,"","item","","","","7ee6cff3a8c3d580",0,""
"GetTable",0,0,0,2880404,5,2.8804e+06,92127,"","store_sales","","","","7ee6cff3a8c3d580",0,""
"TableScan",365,3,333.86,30,3,27.4221,17601,"REFERENCE","date_dim","d_moy","ColumnVsValue","No","7ee6cff3a8c3d580",1,"Equals"
"TableScan",65535,3,65535,365,3,333.86,118249,"DATA","date_dim","d_year","ColumnVsValue","No","7ee6cff3a8c3d580",1,"Equals"
"GetTable",0,0,0,65535,3,65535,5098,"","date_dim","","","","7ee6cff3a8c3d580",0,""
"Aggregate",1,21,665.956,1,7,665.956,152893,"REFERENCE","item","i_item_id","AggregateHash","No","5a7fd39201e63d24",1,""
"Aggregate",1,21,665.956,1,7,665.956,152893,"REFERENCE","item","i_item_desc","AggregateHash","No","5a7fd39201e63d24",1,""
"Aggregate",1,21,665.956,1,7,665.956,152893,"REFERENCE","store","s_store_id","AggregateHash","No","5a7fd39201e63d24",1,""
"Aggregate",1,21,665.956,1,7,665.956,152893,"REFERENCE","store","s_store_name","AggregateHash","No","5a7fd39201e63d24",1,""
"TableScan",2817,21,669.762,1,21,665.956,360125,"REFERENCE","store_returns","sr_item_sk","ColumnVsColumn","No","5a7fd39201e63d24",4,"Equals"
"TableScan",2817,21,669.762,1,21,665.956,360125,"REFERENCE","catalog_sales","cs_item_sk","ColumnVsColumn","No","5a7fd39201e63d24",4,"Equals"
"TableScan",24193,11,706.574,1948,11,701.574,1743631,"REFERENCE","store_sales","ss_item_sk","ColumnVsColumn","No","5a7fd39201e63d24",43,"Equals"
"TableScan",24193,11,706.574,1948,11,701.574,1743631,"REFERENCE","store_returns","sr_item_sk","ColumnVsColumn","No","5a7fd39201e63d24",43,"Equals"
"GetTable",0,0,0,1441548,4,1.44155e+06,84793,"","catalog_sales","","","","5a7fd39201e63d24",0,""
"TableScan",31706,11,743.097,24193,11,706.574,1688312,"REFERENCE","store_sales","ss_customer_sk","ColumnVsColumn","No","5a7fd39201e63d24",43,"Equals"
"TableScan",31706,11,743.097,24193,11,706.574,1688312,"REFERENCE","store_returns","sr_customer_sk","ColumnVsColumn","No","5a7fd39201e63d24",43,"Equals"
"GetTable",0,0,0,12,3,12,8800,"","store","","","","5a7fd39201e63d24",0,""
"GetTable",0,0,0,18000,3,18000,8451,"","item","","","","5a7fd39201e63d24",0,""
"TableScan",365,3,333.86,214,3,195.611,30103,"REFERENCE","date_dim","d_moy","ColumnBetween","No","5a7fd39201e63d24",1,"BetweenInclusive"
"TableScan",65535,3,65535,365,3,333.86,126770,"DATA","date_dim","d_year","ColumnVsValue","No","5a7fd39201e63d24",1,"Equals"
"GetTable",0,0,0,65535,3,65535,6286,"","date_dim","","","","5a7fd39201e63d24",0,""
"GetTable",0,0,0,2880404,6,2.8804e+06,153871,"","store_sales","","","","5a7fd39201e63d24",0,""
"GetTable",0,0,0,287514,5,287514,21303,"","store_returns","","","","5a7fd39201e63d24",0,""
"TableScan",365,3,333.86,30,3,27.4221,19627,"REFERENCE","date_dim","d_moy","ColumnVsValue","No","5a7fd39201e63d24",1,"Equals"
"Aggregate",4032,10,6498.59,3207,5,6498.59,6083707,"REFERENCE","item","i_item_id","AggregateHash","No","10dbdaceb474245a",1,""
"GetTable",0,0,0,18000,2,18000,8172,"","item","","","","10dbdaceb474245a",0,""
"TableScan",300,3,300,295,3,300,22560,"REFERENCE","promotion","p_channel_email","ColumnVsValue","No","10dbdaceb474245a",1,"Equals"
"TableScan",300,3,300,296,3,300,12014,"REFERENCE","promotion","p_channel_event","ColumnVsValue","No","10dbdaceb474245a",1,"Equals"
"GetTable",0,0,0,1441548,8,1.44155e+06,67052,"","catalog_sales","","","","10dbdaceb474245a",0,""
"TableScan",54880,4,54880,27440,4,27440,1078139,"REFERENCE","customer_demographics","cd_gender","ColumnVsValue","No","10dbdaceb474245a",30,"Equals"
"TableScan",65535,2,65535,366,2,333.86,97086,"DATA","date_dim","d_year","ColumnVsValue","No","10dbdaceb474245a",1,"Equals"
"TableScan",274400,4,274400,54880,4,54880,1529623,"REFERENCE","customer_demographics","cd_marital_status","ColumnVsValue","No","10dbdaceb474245a",30,"Equals"
"GetTable",0,0,0,300,3,300,8242,"","promotion","","","","10dbdaceb474245a",0,""
"GetTable",0,0,0,65535,2,65535,4400,"","date_dim","","","","10dbdaceb474245a",0,""
"TableScan",1920800,4,1.9208e+06,274400,4,274400,3357417,"DATA","customer_demographics","cd_education_status","ColumnVsValue","No","10dbdaceb474245a",30,"Equals"
"GetTable",0,0,0,1920800,4,1.9208e+06,64398,"","customer_demographics","","","","10dbdaceb474245a",0,""
"TableScan",852983,4,929035,36475,4,46449.9,11570233,"REFERENCE","store_sales","ss_quantity","ColumnBetween","No","33a6c8baa243ee1a",14,"BetweenInclusive"
"TableScan",750414,4,808299,36491,4,40367.8,9887718,"REFERENCE","store_sales","ss_quantity","ColumnBetween","No","33a6c8baa243ee1a",12,"BetweenInclusive"
"TableScan",747923,4,811861,35529,4,40592.6,10798857,"REFERENCE","store_sales","ss_quantity","ColumnBetween","No","33a6c8baa243ee1a",12,"BetweenInclusive"
"TableScan",621092,4,650137,30097,4,32436.8,9341245,"REFERENCE","store_sales","ss_quantity","ColumnBetween","No","33a6c8baa243ee1a",10,"BetweenInclusive"
"TableScan",656081,4,687288,31768,4,34468.5,8711446,"REFERENCE","store_sales","ss_quantity","ColumnBetween","No","33a6c8baa243ee1a",11,"BetweenInclusive"
"TableScan",581643,4,672911,28226,4,33526.1,8237333,"REFERENCE","store_sales","ss_quantity","ColumnBetween","No","33a6c8baa243ee1a",9,"BetweenInclusive"
"TableScan",2880404,4,2.8804e+06,138864,4,145353,6530232,"REFERENCE","store_sales","ss_coupon_amt","ColumnBetween","No","33a6c8baa243ee1a",44,"BetweenInclusive"
"TableScan",2880404,4,2.8804e+06,90936,4,95212.3,5802369,"REFERENCE","store_sales","ss_coupon_amt","ColumnBetween","No","33a6c8baa243ee1a",44,"BetweenInclusive"
"TableScan",2880404,4,2.8804e+06,28679,4,30043.4,5058790,"REFERENCE","store_sales","ss_coupon_amt","ColumnBetween","No","33a6c8baa243ee1a",44,"BetweenInclusive"
"TableScan",2880404,4,2.8804e+06,1889,4,1872.82,4590126,"REFERENCE","store_sales","ss_coupon_amt","ColumnBetween","No","33a6c8baa243ee1a",44,"BetweenInclusive"
"TableScan",2880404,4,2.8804e+06,555833,4,581819,13838196,"REFERENCE","store_sales","ss_wholesale_cost","ColumnBetween","No","33a6c8baa243ee1a",44,"BetweenInclusive"
"TableScan",2880404,4,2.8804e+06,192980,4,201864,7428868,"REFERENCE","store_sales","ss_list_price","ColumnBetween","No","33a6c8baa243ee1a",44,"BetweenInclusive"
"TableScan",2880404,4,2.8804e+06,3604,4,3707.51,5496654,"REFERENCE","store_sales","ss_coupon_amt","ColumnBetween","No","33a6c8baa243ee1a",44,"BetweenInclusive"
"TableScan",2880404,4,2.8804e+06,97,4,246.492,4295655,"REFERENCE","store_sales","ss_coupon_amt","ColumnBetween","No","33a6c8baa243ee1a",44,"BetweenInclusive"
"TableScan",2880404,4,2.8804e+06,555032,4,581137,13640114,"REFERENCE","store_sales","ss_wholesale_cost","ColumnBetween","No","33a6c8baa243ee1a",44,"BetweenInclusive"
"TableScan",2880404,4,2.8804e+06,126215,4,131950,6094673,"REFERENCE","store_sales","ss_list_price","ColumnBetween","No","33a6c8baa243ee1a",44,"BetweenInclusive"
"TableScan",2880404,4,2.8804e+06,554728,4,580656,13475137,"REFERENCE","store_sales","ss_wholesale_cost","ColumnBetween","No","33a6c8baa243ee1a",44,"BetweenInclusive"
"TableScan",2880404,4,2.8804e+06,192315,4,201162,7661105,"REFERENCE","store_sales","ss_list_price","ColumnBetween","No","33a6c8baa243ee1a",44,"BetweenInclusive"
"TableScan",2880404,4,2.8804e+06,555695,4,581698,13617833,"REFERENCE","store_sales","ss_wholesale_cost","ColumnBetween","No","33a6c8baa243ee1a",44,"BetweenInclusive"
"TableScan",2880404,4,2.8804e+06,63710,4,66566.4,5130243,"REFERENCE","store_sales","ss_list_price","ColumnBetween","No","33a6c8baa243ee1a",44,"BetweenInclusive"
"GetTable",0,0,0,2880404,4,2.8804e+06,138574,"","store_sales","","","","33a6c8baa243ee1a",0,""
"TableScan",2880404,4,2.8804e+06,554357,4,580214,13723929,"REFERENCE","store_sales","ss_wholesale_cost","ColumnBetween","No","33a6c8baa243ee1a",44,"BetweenInclusive"
"TableScan",2880404,4,2.8804e+06,98784,4,103366,5765700,"REFERENCE","store_sales","ss_list_price","ColumnBetween","No","33a6c8baa243ee1a",44,"BetweenInclusive"
"TableScan",2880404,4,2.8804e+06,556858,4,583011,13807394,"REFERENCE","store_sales","ss_wholesale_cost","ColumnBetween","No","33a6c8baa243ee1a",44,"BetweenInclusive"
"TableScan",2880404,4,2.8804e+06,85591,4,89653.6,5370443,"REFERENCE","store_sales","ss_list_price","ColumnBetween","No","33a6c8baa243ee1a",44,"BetweenInclusive"
"Aggregate",1,21,32.9765,1,7,32.9765,154568,"REFERENCE","item","i_item_id","AggregateHash","No","d226deafa3236031",1,""
"Aggregate",1,21,32.9765,1,7,32.9765,154568,"REFERENCE","item","i_item_desc","AggregateHash","No","d226deafa3236031",1,""
"Aggregate",1,21,32.9765,1,7,32.9765,154568,"REFERENCE","store","s_store_id","AggregateHash","No","d226deafa3236031",1,""
"Aggregate",1,21,32.9765,1,7,32.9765,154568,"REFERENCE","store","s_store_name","AggregateHash","No","d226deafa3236031",1,""
"TableScan",15,15,34.7013,1,15,34.5356,15087,"REFERENCE","store_sales","ss_item_sk","ColumnVsColumn","No","d226deafa3236031",1,"Equals"
"TableScan",15,15,34.7013,1,15,34.5356,15087,"REFERENCE","store_returns","sr_item_sk","ColumnVsColumn","No","d226deafa3236031",1,"Equals"
"TableScan",15,15,36.3884,15,15,34.7013,25144,"REFERENCE","store_sales","ss_customer_sk","ColumnVsColumn","No","d226deafa3236031",1,"Equals"
"TableScan",15,15,36.3884,15,15,34.7013,25144,"REFERENCE","store_returns","sr_customer_sk","ColumnVsColumn","No","d226deafa3236031",1,"Equals"
"GetTable",0,0,0,12,3,12,9639,"","store","","","","d226deafa3236031",0,""
"GetTable",0,0,0,18000,3,18000,8172,"","item","","","","d226deafa3236031",0,""
"TableScan",148428,9,36.6878,11,9,36.3884,9367437,"REFERENCE","store_returns","sr_item_sk","ColumnVsColumn","No","d226deafa3236031",14,"Equals"
"TableScan",148428,9,36.6878,11,9,36.3884,9367437,"REFERENCE","catalog_sales","cs_item_sk","ColumnVsColumn","No","d226deafa3236031",14,"Equals"
"GetTable",0,0,0,2880404,6,2.8804e+06,167211,"","store_sales","","","","d226deafa3236031",0,""
"TableScan",365,3,333.86,30,3,27.4221,22770,"REFERENCE","date_dim","d_moy","ColumnVsValue","No","d226deafa3236031",1,"Equals"
"TableScan",65535,3,65535,365,3,333.86,141088,"DATA","date_dim","d_year","ColumnVsValue","No","d226deafa3236031",1,"Equals"
"GetTable",0,0,0,287514,5,287514,21722,"","store_returns","","","","d226deafa3236031",0,""
"GetTable",0,0,0,65535,3,65535,6706,"","date_dim","","","","d226deafa3236031",0,""
"TableScan",365,3,333.86,122,3,111.517,25983,"REFERENCE","date_dim","d_moy","ColumnBetween","No","d226deafa3236031",1,"BetweenInclusive"
"GetTable",0,0,0,1441548,4,1.44155e+06,61115,"","catalog_sales","","","","d226deafa3236031",0,""
"TableScan",73049,2,73049,365,2,365.333,88075,"REFERENCE","date_dim","d_year","ColumnVsValue","No","d226deafa3236031",2,"Equals"
"TableScan",73049,2,73049,365,2,365.333,103721,"REFERENCE","date_dim","d_year","ColumnVsValue","No","d226deafa3236031",2,"Equals"
"TableScan",73049,2,73049,366,2,365.333,88354,"REFERENCE","date_dim","d_year","ColumnVsValue","No","d226deafa3236031",2,"Equals"
"GetTable",0,0,0,73049,2,73049,9359,"","date_dim","","","","d226deafa3236031",0,""
"TableScan",181,24,1.50885e+19,51,24,1.50885e+19,68379,"REFERENCE","web_sales","ws_ext_sales_price","ExpressionEvaluator","No","b3cb9453eb547241",1,"GreaterThan"
"TableScan",181,24,1.50885e+19,51,24,1.50885e+19,68379,"REFERENCE","web_sales","ws_ext_sales_price","ExpressionEvaluator","No","b3cb9453eb547241",1,"GreaterThan"
"TableScan",181,24,1.50885e+19,51,24,1.50885e+19,68379,"REFERENCE","web_sales","ws_ext_sales_price","ExpressionEvaluator","No","b3cb9453eb547241",1,"GreaterThan"
"TableScan",181,24,1.50885e+19,51,24,1.50885e+19,68379,"REFERENCE","store_sales","ss_ext_sales_price","ExpressionEvaluator","No","b3cb9453eb547241",1,"GreaterThan"
"TableScan",181,24,1.50885e+19,51,24,1.50885e+19,68379,"REFERENCE","store_sales","ss_ext_sales_price","ExpressionEvaluator","No","b3cb9453eb547241",1,"GreaterThan"
"TableScan",181,24,1.50885e+19,51,24,1.50885e+19,68379,"REFERENCE","store_sales","ss_ext_sales_price","ExpressionEvaluator","No","b3cb9453eb547241",1,"GreaterThan"
"TableScan",354,24,1.50885e+19,181,24,1.50885e+19,161344,"REFERENCE","web_sales","ws_ext_sales_price","ExpressionEvaluator","No","b3cb9453eb547241",1,"GreaterThan"
"TableScan",354,24,1.50885e+19,181,24,1.50885e+19,161344,"REFERENCE","web_sales","ws_ext_sales_price","ExpressionEvaluator","No","b3cb9453eb547241",1,"GreaterThan"
"TableScan",354,24,1.50885e+19,181,24,1.50885e+19,161344,"REFERENCE","web_sales","ws_ext_sales_price","ExpressionEvaluator","No","b3cb9453eb547241",1,"GreaterThan"
"TableScan",354,24,1.50885e+19,181,24,1.50885e+19,161344,"REFERENCE","store_sales","ss_ext_sales_price","ExpressionEvaluator","No","b3cb9453eb547241",1,"GreaterThan"
"TableScan",354,24,1.50885e+19,181,24,1.50885e+19,161344,"REFERENCE","store_sales","ss_ext_sales_price","ExpressionEvaluator","No","b3cb9453eb547241",1,"GreaterThan"
"TableScan",354,24,1.50885e+19,181,24,1.50885e+19,161344,"REFERENCE","store_sales","ss_ext_sales_price","ExpressionEvaluator","No","b3cb9453eb547241",1,"GreaterThan"
"Aggregate",82209,8,2993.15,1686,4,2993.15,25593521,"REFERENCE","customer_address","ca_county","AggregateHash","No","b3cb9453eb547241",44,""
"Aggregate",82209,8,2993.15,1686,4,2993.15,25593521,"REFERENCE","date_dim","d_qoy","AggregateHash","No","b3cb9453eb547241",44,""
"Aggregate",82209,8,2993.15,1686,4,2993.15,25593521,"REFERENCE","date_dim","d_year","AggregateHash","No","b3cb9453eb547241",44,""
"Aggregate",37599,8,828.567,1261,4,828.567,8254165,"REFERENCE","customer_address","ca_county","AggregateHash","No","b3cb9453eb547241",11,""
"Aggregate",37599,8,828.567,1261,4,828.567,8254165,"REFERENCE","date_dim","d_qoy","AggregateHash","No","b3cb9453eb547241",11,""
"Aggregate",37599,8,828.567,1261,4,828.567,8254165,"REFERENCE","date_dim","d_year","AggregateHash","No","b3cb9453eb547241",11,""
"Aggregate",143944,8,3026.21,1809,4,3026.21,39755802,"REFERENCE","customer_address","ca_county","AggregateHash","No","b3cb9453eb547241",44,""
"Aggregate",143944,8,3026.21,1809,4,3026.21,39755802,"REFERENCE","date_dim","d_qoy","AggregateHash","No","b3cb9453eb547241",44,""
"Aggregate",143944,8,3026.21,1809,4,3026.21,39755802,"REFERENCE","date_dim","d_year","AggregateHash","No","b3cb9453eb547241",44,""
"Aggregate",77668,8,2993.32,1657,4,2993.32,25177729,"REFERENCE","customer_address","ca_county","AggregateHash","No","b3cb9453eb547241",44,""
"Aggregate",77668,8,2993.32,1657,4,2993.32,25177729,"REFERENCE","date_dim","d_qoy","AggregateHash","No","b3cb9453eb547241",44,""
"Aggregate",77668,8,2993.32,1657,4,2993.32,25177729,"REFERENCE","date_dim","d_year","AggregateHash","No","b3cb9453eb547241",44,""
"Aggregate",20824,8,819.561,935,4,819.561,6209290,"REFERENCE","customer_address","ca_county","AggregateHash","No","b3cb9453eb547241",11,""
"Aggregate",20824,8,819.561,935,4,819.561,6209290,"REFERENCE","date_dim","d_qoy","AggregateHash","No","b3cb9453eb547241",11,""
"Aggregate",20824,8,819.561,935,4,819.561,6209290,"REFERENCE","date_dim","d_year","AggregateHash","No","b3cb9453eb547241",11,""
"Aggregate",21648,8,819.515,942,4,819.515,5438891,"REFERENCE","customer_address","ca_county","AggregateHash","No","b3cb9453eb547241",11,""
"Aggregate",21648,8,819.515,942,4,819.515,5438891,"REFERENCE","date_dim","d_qoy","AggregateHash","No","b3cb9453eb547241",11,""
"Aggregate",21648,8,819.515,942,4,819.515,5438891,"REFERENCE","date_dim","d_year","AggregateHash","No","b3cb9453eb547241",11,""
"TableScan",366,3,333.86,91,3,83.1759,40651,"REFERENCE","date_dim","d_qoy","ColumnVsValue","No","b3cb9453eb547241",1,"Equals"
"GetTable",0,0,0,50000,2,50000,8452,"","customer_address","","","","b3cb9453eb547241",0,""
"TableScan",366,3,333.86,92,3,84.0945,15576,"REFERENCE","date_dim","d_qoy","ColumnVsValue","No","b3cb9453eb547241",1,"Equals"
"TableScan",366,3,333.86,91,3,83.1805,47146,"REFERENCE","date_dim","d_qoy","ColumnVsValue","No","b3cb9453eb547241",1,"Equals"
"GetTable",0,0,0,2880404,3,2.8804e+06,91079,"","store_sales","","","","b3cb9453eb547241",0,""
"TableScan",65535,3,65535,366,3,333.86,96248,"DATA","date_dim","d_year","ColumnVsValue","No","b3cb9453eb547241",1,"Equals"
"GetTable",0,0,0,719384,3,719384,42397,"","web_sales","","","","b3cb9453eb547241",0,""
"GetTable",0,0,0,65535,3,65535,4819,"","date_dim","","","","b3cb9453eb547241",0,""
"TableScan",3896,3,763.885,350,3,763.885,51895,"REFERENCE","date_dim","COUNT(*)","ColumnBetween","No","1f3f852eeffeb3fb",1,"BetweenInclusive"
"Aggregate",40538,5,763.885,3896,3,763.885,5463128,"REFERENCE","store_sales","ss_ticket_number","AggregateHash","No","1f3f852eeffeb3fb",44,""
"Aggregate",40538,5,763.885,3896,3,763.885,5463128,"REFERENCE","store_sales","ss_customer_sk","AggregateHash","No","1f3f852eeffeb3fb",44,""
"GetTable",0,0,0,100000,5,100000,13759,"","customer","","","","1f3f852eeffeb3fb",0,""
"TableScan",12,2,12,12,2,12,17392,"REFERENCE","store","s_county","ColumnVsValue","No","1f3f852eeffeb3fb",1,"Equals"
"TableScan",1600,4,1600,800,4,1600,181530,"REFERENCE","household_demographics","hd_vehicle_count","ExpressionEvaluator","No","1f3f852eeffeb3fb",1,"GreaterThan"
"TableScan",1600,4,1600,800,4,1600,181530,"REFERENCE","household_demographics","hd_dep_count","ExpressionEvaluator","No","1f3f852eeffeb3fb",1,"GreaterThan"
"TableScan",1600,4,1600,800,4,1600,181530,"REFERENCE","household_demographics","hd_vehicle_count","ExpressionEvaluator","No","1f3f852eeffeb3fb",1,"GreaterThan"
"GetTable",0,0,0,2880404,5,2.8804e+06,122649,"","store_sales","","","","1f3f852eeffeb3fb",0,""
"GetTable",0,0,0,12,2,12,8661,"","store","","","","1f3f852eeffeb3fb",0,""
"TableScan",1096,3,1096,108,3,108.026,33875,"REFERENCE","date_dim","d_dom","ColumnBetween","No","1f3f852eeffeb3fb",3,"BetweenInclusive"
"TableScan",1096,3,1096,144,3,144.035,20395,"REFERENCE","date_dim","d_dom","ColumnBetween","No","1f3f852eeffeb3fb",3,"BetweenInclusive"
"TableScan",4800,4,4800,800,4,800,37437,"REFERENCE","household_demographics","hd_buy_potential","ColumnVsValue","No","1f3f852eeffeb3fb",1,"Equals"
"TableScan",4800,4,4800,800,4,800,26122,"REFERENCE","household_demographics","hd_buy_potential","ColumnVsValue","No","1f3f852eeffeb3fb",1,"Equals"
"TableScan",7200,4,7200,4800,4,4800,51895,"DATA","household_demographics","hd_vehicle_count","ColumnVsValue","No","1f3f852eeffeb3fb",1,"GreaterThan"
"TableScan",73049,3,73049,365,3,365.333,87167,"DATA","date_dim","d_year","ColumnVsValue","No","1f3f852eeffeb3fb",2,"Equals"
"GetTable",0,0,0,7200,4,7200,11036,"","household_demographics","","","","1f3f852eeffeb3fb",0,""
"TableScan",73049,3,73049,365,3,365.333,113848,"DATA","date_dim","d_year","ColumnVsValue","No","1f3f852eeffeb3fb",2,"Equals"
"TableScan",73049,3,73049,366,3,365.333,87586,"DATA","date_dim","d_year","ColumnVsValue","No","1f3f852eeffeb3fb",2,"Equals"
"GetTable",0,0,0,73049,3,73049,8521,"","date_dim","","","","1f3f852eeffeb3fb",0,""
"Aggregate",4968,11,2466.25,4873,16,2466.25,36405649,"REFERENCE","customer_address","ca_state","AggregateHash","No","f2542843ada8b55c",4,""
"Aggregate",4968,11,2466.25,4873,16,2466.25,36405649,"REFERENCE","customer_demographics","cd_gender","AggregateHash","No","f2542843ada8b55c",4,""
"Aggregate",4968,11,2466.25,4873,16,2466.25,36405649,"REFERENCE","customer_demographics","cd_marital_status","AggregateHash","No","f2542843ada8b55c",4,""
"Aggregate",4968,11,2466.25,4873,16,2466.25,36405649,"REFERENCE","customer_demographics","cd_dep_count","AggregateHash","No","f2542843ada8b55c",4,""
"Aggregate",4968,11,2466.25,4873,16,2466.25,36405649,"REFERENCE","customer_demographics","cd_dep_employed_count","AggregateHash","No","f2542843ada8b55c",4,""
"Aggregate",4968,11,2466.25,4873,16,2466.25,36405649,"REFERENCE","customer_demographics","cd_dep_college_count","AggregateHash","No","f2542843ada8b55c",4,""
"GetTable",0,0,0,2880404,2,2.8804e+06,95200,"","store_sales","","","","f2542843ada8b55c",0,""
"TableScan",365,3,333.708,274,3,250.337,38834,"REFERENCE","date_dim","d_qoy","ColumnVsValue","No","f2542843ada8b55c",1,"LessThan"
"GetTable",0,0,0,50000,2,50000,14528,"","customer_address","","","","f2542843ada8b55c",0,""
"GetTable",0,0,0,719384,2,719384,35063,"","web_sales","","","","f2542843ada8b55c",0,""
"GetTable",0,0,0,1441548,2,1.44155e+06,52943,"","catalog_sales","","","","f2542843ada8b55c",0,""
"TableScan",65535,3,65535,365,3,333.708,125164,"DATA","date_dim","d_year","ColumnVsValue","No","f2542843ada8b55c",1,"Equals"
"GetTable",0,0,0,100000,3,100000,5797,"","customer","","","","f2542843ada8b55c",0,""
"GetTable",0,0,0,65535,3,65535,9988,"","date_dim","","","","f2542843ada8b55c",0,""
"GetTable",0,0,0,1920800,6,1.9208e+06,85631,"","customer_demographics","","","","f2542843ada8b55c",0,""
"TableScan",1099,14,23220.7,243,14,23220.7,116573,"REFERENCE","warehouse","w_warehouse_sk","ColumnVsColumn","No","c472acfef2176cba",1,"Equals"
"TableScan",1099,14,23220.7,243,14,23220.7,116573,"REFERENCE","warehouse","w_warehouse_sk","ColumnVsColumn","No","c472acfef2176cba",1,"Equals"
"TableScan",45000,6,21418.2,3080,6,21418.2,1594510,"REFERENCE","inventory","inv_quantity_on_hand","ExpressionEvaluator","No","c472acfef2176cba",1,"GreaterThan"
"TableScan",45000,6,21418.2,3080,6,21418.2,1594510,"REFERENCE","inventory","inv_quantity_on_hand","ExpressionEvaluator","No","c472acfef2176cba",1,"GreaterThan"
"TableScan",45000,6,21418.2,3080,6,21418.2,1594510,"REFERENCE","inventory","inv_quantity_on_hand","ExpressionEvaluator","No","c472acfef2176cba",1,"GreaterThan"
"TableScan",45000,6,19514.8,3170,6,19514.8,1549320,"REFERENCE","inventory","inv_quantity_on_hand","ExpressionEvaluator","No","c472acfef2176cba",1,"GreaterThan"
"TableScan",45000,6,19514.8,3170,6,19514.8,1549320,"REFERENCE","inventory","inv_quantity_on_hand","ExpressionEvaluator","No","c472acfef2176cba",1,"GreaterThan"
"TableScan",45000,6,19514.8,3170,6,19514.8,1549320,"REFERENCE","inventory","inv_quantity_on_hand","ExpressionEvaluator","No","c472acfef2176cba",1,"GreaterThan"
"Aggregate",180000,10,21418.2,45000,6,21418.2,95760527,"REFERENCE","warehouse","w_warehouse_sk","AggregateHash","No","c472acfef2176cba",4,""
"Aggregate",180000,10,21418.2,45000,6,21418.2,95760527,"REFERENCE","item","i_item_sk","AggregateHash","No","c472acfef2176cba",4,""
"Aggregate",180000,10,21418.2,45000,6,21418.2,95760527,"REFERENCE","date_dim","d_moy","AggregateHash","No","c472acfef2176cba",4,""
"Aggregate",180000,10,19514.8,45000,6,19514.8,91886671,"REFERENCE","warehouse","w_warehouse_sk","AggregateHash","No","c472acfef2176cba",4,""
"Aggregate",180000,10,19514.8,45000,6,19514.8,91886671,"REFERENCE","item","i_item_sk","AggregateHash","No","c472acfef2176cba",4,""
"Aggregate",180000,10,19514.8,45000,6,19514.8,91886671,"REFERENCE","date_dim","d_moy","AggregateHash","No","c472acfef2176cba",4,""
"GetTable",0,0,0,5,2,5,9429,"","warehouse","","","","c472acfef2176cba",0,""
"GetTable",0,0,0,18000,1,18000,11804,"","item","","","","c472acfef2176cba",0,""
"TableScan",365,3,333.86,31,3,28.3362,19208,"REFERENCE","date_dim","d_moy","ColumnVsValue","No","c472acfef2176cba",1,"Equals"
"TableScan",365,3,333.86,28,3,25.8179,32758,"REFERENCE","date_dim","d_moy","ColumnVsValue","No","c472acfef2176cba",1,"Equals"
"GetTable",0,0,0,11745000,4,1.1745e+07,196755,"","inventory","","","","c472acfef2176cba",0,""
"TableScan",65535,3,65535,365,3,333.86,118109,"DATA","date_dim","d_year","ColumnVsValue","No","c472acfef2176cba",1,"Equals"
"GetTable",0,0,0,65535,3,65535,8661,"","date_dim","","","","c472acfef2176cba",0,""
"TableScan",53,14,23220.7,14,14,23220.7,30383,"REFERENCE","warehouse","w_warehouse_sk","ColumnVsColumn","No","ea189fd9834a0c7c",1,"Equals"
"TableScan",53,14,23220.7,14,14,23220.7,30383,"REFERENCE","warehouse","w_warehouse_sk","ColumnVsColumn","No","ea189fd9834a0c7c",1,"Equals"
"TableScan",3080,6,21418.2,122,6,21418.2,182996,"REFERENCE","inventory","inv_quantity_on_hand","ExpressionEvaluator","No","ea189fd9834a0c7c",1,"GreaterThan"
"TableScan",3080,6,21418.2,122,6,21418.2,182996,"REFERENCE","inventory","inv_quantity_on_hand","ExpressionEvaluator","No","ea189fd9834a0c7c",1,"GreaterThan"
"TableScan",3080,6,21418.2,122,6,21418.2,182996,"REFERENCE","inventory","inv_quantity_on_hand","ExpressionEvaluator","No","ea189fd9834a0c7c",1,"GreaterThan"
"TableScan",45000,6,19514.8,3170,6,19514.8,1572368,"REFERENCE","inventory","inv_quantity_on_hand","ExpressionEvaluator","No","ea189fd9834a0c7c",1,"GreaterThan"
"TableScan",45000,6,19514.8,3170,6,19514.8,1572368,"REFERENCE","inventory","inv_quantity_on_hand","ExpressionEvaluator","No","ea189fd9834a0c7c",1,"GreaterThan"
"TableScan",45000,6,19514.8,3170,6,19514.8,1572368,"REFERENCE","inventory","inv_quantity_on_hand","ExpressionEvaluator","No","ea189fd9834a0c7c",1,"GreaterThan"
"TableScan",45000,6,21418.2,3080,6,21418.2,1556095,"REFERENCE","inventory","inv_quantity_on_hand","ExpressionEvaluator","No","ea189fd9834a0c7c",1,"GreaterThan"
"TableScan",45000,6,21418.2,3080,6,21418.2,1556095,"REFERENCE","inventory","inv_quantity_on_hand","ExpressionEvaluator","No","ea189fd9834a0c7c",1,"GreaterThan"
"TableScan",45000,6,21418.2,3080,6,21418.2,1556095,"REFERENCE","inventory","inv_quantity_on_hand","ExpressionEvaluator","No","ea189fd9834a0c7c",1,"GreaterThan"
"Aggregate",180000,10,19514.8,45000,6,19514.8,96139091,"REFERENCE","warehouse","w_warehouse_sk","AggregateHash","No","ea189fd9834a0c7c",4,""
"Aggregate",180000,10,19514.8,45000,6,19514.8,96139091,"REFERENCE","item","i_item_sk","AggregateHash","No","ea189fd9834a0c7c",4,""
"Aggregate",180000,10,19514.8,45000,6,19514.8,96139091,"REFERENCE","date_dim","d_moy","AggregateHash","No","ea189fd9834a0c7c",4,""
"Aggregate",180000,10,21418.2,45000,6,21418.2,88410516,"REFERENCE","warehouse","w_warehouse_sk","AggregateHash","No","ea189fd9834a0c7c",4,""
"Aggregate",180000,10,21418.2,45000,6,21418.2,88410516,"REFERENCE","item","i_item_sk","AggregateHash","No","ea189fd9834a0c7c",4,""
"Aggregate",180000,10,21418.2,45000,6,21418.2,88410516,"REFERENCE","date_dim","d_moy","AggregateHash","No","ea189fd9834a0c7c",4,""
"GetTable",0,0,0,5,2,5,10197,"","warehouse","","","","ea189fd9834a0c7c",0,""
"GetTable",0,0,0,18000,1,18000,9918,"","item","","","","ea189fd9834a0c7c",0,""
"TableScan",365,3,333.86,28,3,25.8179,28217,"REFERENCE","date_dim","d_moy","ColumnVsValue","No","ea189fd9834a0c7c",1,"Equals"
"TableScan",365,3,333.86,31,3,28.3362,17252,"REFERENCE","date_dim","d_moy","ColumnVsValue","No","ea189fd9834a0c7c",1,"Equals"
"GetTable",0,0,0,11745000,4,1.1745e+07,162182,"","inventory","","","","ea189fd9834a0c7c",0,""
"TableScan",65535,3,65535,365,3,333.86,114408,"DATA","date_dim","d_year","ColumnVsValue","No","ea189fd9834a0c7c",1,"Equals"
"GetTable",0,0,0,65535,3,65535,8452,"","date_dim","","","","ea189fd9834a0c7c",0,""
"Aggregate",4,3,236.721,4,1,236.721,49730,"REFERENCE","item","i_product_name","AggregateHash","No","c3eb0f228a4c62a1",1,""
"TableScan",239,3,236.721,4,3,236.721,58040520,"REFERENCE","item","i_manufact","ExpressionEvaluator","","c3eb0f228a4c62a1",1,"GreaterThan"
"TableScan",18000,3,18000,239,3,236.721,55807,"DATA","item","i_manufact_id","ColumnBetween","No","c3eb0f228a4c62a1",1,"BetweenInclusive"
"GetTable",0,0,0,18000,3,18000,14668,"","item","","","","c3eb0f228a4c62a1",0,""
"Aggregate",1503,10,328.415,10,4,328.415,894795,"REFERENCE","date_dim","d_year","AggregateHash","No","2f68c8df87906c39",3,""
"Aggregate",1503,10,328.415,10,4,328.415,894795,"REFERENCE","item","i_category_id","AggregateHash","No","2f68c8df87906c39",3,""
"Aggregate",1503,10,328.415,10,4,328.415,894795,"REFERENCE","item","i_category","AggregateHash","No","2f68c8df87906c39",3,""
"TableScan",366,3,333.86,30,3,27.4221,16763,"REFERENCE","date_dim","d_moy","ColumnVsValue","No","2f68c8df87906c39",1,"Equals"
"TableScan",18000,4,18000,321,4,328.415,36739,"DATA","item","i_manager_id","ColumnVsValue","No","2f68c8df87906c39",1,"Equals"
"TableScan",65535,3,65535,366,3,333.86,106375,"DATA","date_dim","d_year","ColumnVsValue","No","2f68c8df87906c39",1,"Equals"
"GetTable",0,0,0,18000,4,18000,7194,"","item","","","","2f68c8df87906c39",0,""
"GetTable",0,0,0,65535,3,65535,5099,"","date_dim","","","","2f68c8df87906c39",0,""
"GetTable",0,0,0,2880404,3,2.8804e+06,110915,"","store_sales","","","","2f68c8df87906c39",0,""
"Aggregate",540754,9,12014,6,9,12014,183522664,"REFERENCE","store","s_store_name","AggregateHash","No","ac2f9c4228030d9d",44,""
"Aggregate",540754,9,12014,6,9,12014,183522664,"REFERENCE","store","s_store_id","AggregateHash","No","ac2f9c4228030d9d",44,""
"TableScan",12,4,12,12,4,12,34993,"REFERENCE","store","s_gmt_offset","ColumnVsValue","No","ac2f9c4228030d9d",1,"Equals"
"TableScan",65535,3,65535,366,3,333.86,93384,"DATA","date_dim","d_year","ColumnVsValue","No","ac2f9c4228030d9d",1,"Equals"
"GetTable",0,0,0,12,4,12,13481,"","store","","","","ac2f9c4228030d9d",0,""
"GetTable",0,0,0,2880404,3,2.8804e+06,80393,"","store_sales","","","","ac2f9c4228030d9d",0,""
"GetTable",0,0,0,65535,3,65535,4889,"","date_dim","","","","ac2f9c4228030d9d",0,""
"Aggregate",19,11,1639.13,19,3,1639.13,118807,"REFERENCE","customer_address","ca_zip","AggregateHash","No","c1558ce7f598faf2",1,""
"Aggregate",19,11,1639.13,19,3,1639.13,118807,"REFERENCE","customer_address","ca_city","AggregateHash","No","c1558ce7f598faf2",1,""
"TableScan",21362,11,819.567,0,11,819.567,4172098,"REFERENCE","customer_address","ca_zip","ExpressionEvaluator","No","c1558ce7f598faf2",11,"In"
"TableScan",18000,2,18000,10,2,10,252493,"DATA","item","i_item_sk","ExpressionEvaluator","No","c1558ce7f598faf2",1,"In"
"GetTable",0,0,0,18000,2,18000,6775,"","item","","","","c1558ce7f598faf2",0,""
"GetTable",0,0,0,719384,4,719384,42676,"","web_sales","","","","c1558ce7f598faf2",0,""
"GetTable",0,0,0,50000,3,50000,7334,"","customer_address","","","","c1558ce7f598faf2",0,""
"TableScan",365,3,333.86,91,3,83.1805,20604,"REFERENCE","date_dim","d_qoy","ColumnVsValue","No","c1558ce7f598faf2",1,"Equals"
"GetTable",0,0,0,100000,2,100000,9010,"","customer","","","","c1558ce7f598faf2",0,""
"TableScan",65535,3,65535,365,3,333.86,124396,"DATA","date_dim","d_year","ColumnVsValue","No","c1558ce7f598faf2",1,"Equals"
"GetTable",0,0,0,65535,3,65535,5798,"","date_dim","","","","c1558ce7f598faf2",0,""
"TableScan",799,13,0,331,13,0,189352,"REFERENCE","store_sales","ss_sales_price","ColumnBetween","No","c49841c711905e98",1,"BetweenInclusive"
"TableScan",799,13,0,799,13,0,109798,"REFERENCE","customer_demographics","cd_education_status","ColumnVsValue","No","c49841c711905e98",1,"Equals"
"TableScan",969,13,0,19,13,0,138923,"REFERENCE","store_sales","ss_sales_price","ColumnBetween","No","c49841c711905e98",1,"BetweenInclusive"
"TableScan",169,13,0,169,13,0,56016,"REFERENCE","customer_demographics","cd_education_status","ColumnVsValue","No","c49841c711905e98",1,"Equals"
"TableScan",2619,13,0,799,13,0,199619,"REFERENCE","customer_demographics","cd_marital_status","ColumnVsValue","No","c49841c711905e98",1,"Equals"
"TableScan",969,13,0,969,13,0,91009,"REFERENCE","customer_demographics","cd_education_status","ColumnVsValue","No","c49841c711905e98",1,"Equals"
"TableScan",548,13,0,169,13,0,65236,"REFERENCE","customer_demographics","cd_marital_status","ColumnVsValue","No","c49841c711905e98",1,"Equals"
"TableScan",2619,13,0,969,13,0,113779,"REFERENCE","customer_demographics","cd_marital_status","ColumnVsValue","No","c49841c711905e98",1,"Equals"
"TableScan",2619,13,0,548,13,0,166163,"REFERENCE","store_sales","ss_sales_price","ColumnBetween","No","c49841c711905e98",1,"BetweenInclusive"
"TableScan",274400,3,274400,54880,3,54880,1517748,"REFERENCE","customer_demographics","cd_marital_status","ColumnVsValue","No","c49841c711905e98",30,"Equals"
"TableScan",40218,10,0,6711,10,0,1711152,"REFERENCE","store_sales","ss_net_profit","ColumnBetween","No","c49841c711905e98",132,"BetweenInclusive"
"GetTable",0,0,0,12,1,12,12991,"","store","","","","c49841c711905e98",0,""
"TableScan",1920800,3,1.9208e+06,274400,3,274400,4422285,"REFERENCE","customer_demographics","cd_education_status","ColumnVsValue","No","c49841c711905e98",30,"Equals"
"TableScan",274400,3,274400,54880,3,54880,1016814,"REFERENCE","customer_demographics","cd_marital_status","ColumnVsValue","No","c49841c711905e98",30,"Equals"
"TableScan",274400,3,274400,54880,3,54880,1005989,"REFERENCE","customer_demographics","cd_marital_status","ColumnVsValue","No","c49841c711905e98",30,"Equals"
"TableScan",48045,10,0,10615,10,0,1683773,"REFERENCE","store_sales","ss_net_profit","ColumnBetween","No","c49841c711905e98",132,"BetweenInclusive"
"TableScan",66212,10,2269.35,15106,10,532.974,1998078,"REFERENCE","store_sales","ss_net_profit","ColumnBetween","No","c49841c711905e98",132,"BetweenInclusive"
"TableScan",1920800,3,1.9208e+06,274400,3,274400,3982048,"REFERENCE","customer_demographics","cd_education_status","ColumnVsValue","No","c49841c711905e98",30,"Equals"
"TableScan",1920800,3,1.9208e+06,274400,3,274400,3976321,"REFERENCE","customer_demographics","cd_education_status","ColumnVsValue","No","c49841c711905e98",30,"Equals"
"TableScan",154475,10,2269.35,6116,10,0,674222,"REFERENCE","customer_address","ca_state","ColumnVsValue","No","c49841c711905e98",44,"Equals"
"GetTable",0,0,0,1920800,3,1.9208e+06,67192,"","customer_demographics","","","","c49841c711905e98",0,""
"TableScan",154475,10,2269.35,20116,10,0,991182,"REFERENCE","customer_address","ca_state","ColumnVsValue","No","c49841c711905e98",44,"Equals"
"TableScan",154475,10,2269.35,13986,10,0,887949,"REFERENCE","customer_address","ca_state","ColumnVsValue","No","c49841c711905e98",44,"Equals"
"TableScan",154475,10,2269.35,24490,10,0,917075,"REFERENCE","customer_address","ca_state","ColumnVsValue","No","c49841c711905e98",44,"Equals"
"TableScan",154475,10,2269.35,9989,10,0,679180,"REFERENCE","customer_address","ca_state","ColumnVsValue","No","c49841c711905e98",44,"Equals"
"TableScan",154475,10,2269.35,14344,10,0,737711,"REFERENCE","customer_address","ca_state","ColumnVsValue","No","c49841c711905e98",44,"Equals"
"TableScan",154475,10,2269.35,9211,10,0,693568,"REFERENCE","customer_address","ca_state","ColumnVsValue","No","c49841c711905e98",44,"Equals"
"TableScan",154475,10,2269.35,41893,10,2269.35,1239134,"REFERENCE","customer_address","ca_state","ColumnVsValue","No","c49841c711905e98",44,"Equals"
"TableScan",154475,10,2269.35,14330,10,0,726816,"REFERENCE","customer_address","ca_state","ColumnVsValue","No","c49841c711905e98",44,"Equals"
"TableScan",48475,3,50000,971,3,572.239,114826,"REFERENCE","customer_address","ca_state","ColumnVsValue","No","c49841c711905e98",1,"Equals"
"GetTable",0,0,0,2880404,7,2.8804e+06,144022,"","store_sales","","","","c49841c711905e98",0,""
"TableScan",48475,3,50000,3901,3,2269.35,181319,"REFERENCE","customer_address","ca_state","ColumnVsValue","No","c49841c711905e98",1,"Equals"
"TableScan",48475,3,50000,1330,3,1318.89,123347,"REFERENCE","customer_address","ca_state","ColumnVsValue","No","c49841c711905e98",1,"Equals"
"TableScan",50000,3,50000,48475,3,50000,455674,"REFERENCE","customer_address","ca_country","ColumnVsValue","No","c49841c711905e98",1,"Equals"
"TableScan",48475,3,50000,564,3,830.753,102673,"REFERENCE","customer_address","ca_state","ColumnVsValue","No","c49841c711905e98",1,"Equals"
"TableScan",48475,3,50000,2134,3,1224.97,137945,"REFERENCE","customer_address","ca_state","ColumnVsValue","No","c49841c711905e98",1,"Equals"
"TableScan",65535,2,65535,366,2,333.86,91567,"DATA","date_dim","d_year","ColumnVsValue","No","c49841c711905e98",1,"Equals"
"TableScan",48475,3,50000,1911,3,1427.76,130822,"REFERENCE","customer_address","ca_state","ColumnVsValue","No","c49841c711905e98",1,"Equals"
"TableScan",48475,3,50000,1306,3,1524.25,122300,"REFERENCE","customer_address","ca_state","ColumnVsValue","No","c49841c711905e98",1,"Equals"
"TableScan",48475,3,50000,1278,3,1140.87,120763,"REFERENCE","customer_address","ca_state","ColumnVsValue","No","c49841c711905e98",1,"Equals"
"TableScan",48475,3,50000,922,3,594.427,111265,"REFERENCE","customer_address","ca_state","ColumnVsValue","No","c49841c711905e98",1,"Equals"
"GetTable",0,0,0,65535,2,65535,4680,"","date_dim","","","","c49841c711905e98",0,""
"GetTable",0,0,0,50000,3,50000,7823,"","customer_address","","","","c49841c711905e98",0,""
"Aggregate",2105,15,1112.08,6,15,1112.08,2219839,"REFERENCE","store","s_store_name","AggregateHash","No","9ba0ff608aba8792",4,""
"Aggregate",2105,15,1112.08,6,15,1112.08,2219839,"REFERENCE","store","s_company_id","AggregateHash","No","9ba0ff608aba8792",4,""
"Aggregate",2105,15,1112.08,6,15,1112.08,2219839,"REFERENCE","store","s_street_number","AggregateHash","No","9ba0ff608aba8792",4,""
"Aggregate",2105,15,1112.08,6,15,1112.08,2219839,"REFERENCE","store","s_street_name","AggregateHash","No","9ba0ff608aba8792",4,""
"Aggregate",2105,15,1112.08,6,15,1112.08,2219839,"REFERENCE","store","s_street_type","AggregateHash","No","9ba0ff608aba8792",4,""
"Aggregate",2105,15,1112.08,6,15,1112.08,2219839,"REFERENCE","store","s_suite_number","AggregateHash","No","9ba0ff608aba8792",4,""
"Aggregate",2105,15,1112.08,6,15,1112.08,2219839,"REFERENCE","store","s_city","AggregateHash","No","9ba0ff608aba8792",4,""
"Aggregate",2105,15,1112.08,6,15,1112.08,2219839,"REFERENCE","store","s_county","AggregateHash","No","9ba0ff608aba8792",4,""
"Aggregate",2105,15,1112.08,6,15,1112.08,2219839,"REFERENCE","store","s_state","AggregateHash","No","9ba0ff608aba8792",4,""
"Aggregate",2105,15,1112.08,6,15,1112.08,2219839,"REFERENCE","store","s_zip","AggregateHash","No","9ba0ff608aba8792",4,""
"TableScan",27428,9,1228.44,2196,9,1219.75,2008974,"REFERENCE","store_sales","ss_item_sk","ColumnVsColumn","No","9ba0ff608aba8792",44,"Equals"
"TableScan",27428,9,1228.44,2196,9,1219.75,2008974,"REFERENCE","store_returns","sr_item_sk","ColumnVsColumn","No","9ba0ff608aba8792",44,"Equals"
"GetTable",0,0,0,12,11,12,10267,"","store","","","","9ba0ff608aba8792",0,""
"TableScan",37114,9,1291.94,27428,9,1228.44,1916150,"REFERENCE","store_sales","ss_customer_sk","ColumnVsColumn","No","9ba0ff608aba8792",44,"Equals"
"TableScan",37114,9,1291.94,27428,9,1228.44,1916150,"REFERENCE","store_returns","sr_customer_sk","ColumnVsColumn","No","9ba0ff608aba8792",44,"Equals"
"GetTable",0,0,0,73049,1,73049,8660,"","date_dim","","","","9ba0ff608aba8792",0,""
"GetTable",0,0,0,2880404,5,2.8804e+06,123906,"","store_sales","","","","9ba0ff608aba8792",0,""
"GetTable",0,0,0,287514,4,287514,17182,"","store_returns","","","","9ba0ff608aba8792",0,""
"TableScan",365,3,333.86,31,3,28.3362,14947,"REFERENCE","date_dim","d_moy","ColumnVsValue","No","9ba0ff608aba8792",1,"Equals"
"TableScan",65535,3,65535,365,3,333.86,106375,"DATA","date_dim","d_year","ColumnVsValue","No","9ba0ff608aba8792",1,"Equals"
"GetTable",0,0,0,65535,3,65535,5867,"","date_dim","","","","9ba0ff608aba8792",0,""
"Aggregate",1503,10,328.415,109,4,328.415,1029597,"REFERENCE","date_dim","d_year","AggregateHash","No","dfd5d73db008470",3,""
"Aggregate",1503,10,328.415,109,4,328.415,1029597,"REFERENCE","item","i_brand","AggregateHash","No","dfd5d73db008470",3,""
"Aggregate",1503,10,328.415,109,4,328.415,1029597,"REFERENCE","item","i_brand_id","AggregateHash","No","dfd5d73db008470",3,""
"TableScan",366,3,333.86,30,3,27.4221,14108,"REFERENCE","date_dim","d_moy","ColumnVsValue","No","dfd5d73db008470",1,"Equals"
"TableScan",18000,4,18000,321,4,328.415,37507,"DATA","item","i_manager_id","ColumnVsValue","No","dfd5d73db008470",1,"Equals"
"TableScan",65535,3,65535,366,3,333.86,93873,"DATA","date_dim","d_year","ColumnVsValue","No","dfd5d73db008470",1,"Equals"
"GetTable",0,0,0,18000,4,18000,8312,"","item","","","","dfd5d73db008470",0,""
"GetTable",0,0,0,65535,3,65535,4540,"","date_dim","","","","dfd5d73db008470",0,""
"GetTable",0,0,0,2880404,3,2.8804e+06,70614,"","store_sales","","","","dfd5d73db008470",0,""
"Aggregate",1708,7,309.068,104,3,309.068,934257,"REFERENCE","item","i_brand","AggregateHash","No","24cc61038fcacf93",4,""
"Aggregate",1708,7,309.068,104,3,309.068,934257,"REFERENCE","item","i_brand_id","AggregateHash","No","24cc61038fcacf93",4,""
"TableScan",18000,4,18000,339,4,309.068,32408,"DATA","item","i_manager_id","ColumnVsValue","No","24cc61038fcacf93",1,"Equals"
"GetTable",0,0,0,18000,4,18000,6356,"","item","","","","24cc61038fcacf93",0,""
"GetTable",0,0,0,2880404,3,2.8804e+06,64468,"","store_sales","","","","24cc61038fcacf93",0,""
"TableScan",365,3,333.86,30,3,27.4221,15017,"REFERENCE","date_dim","d_moy","ColumnVsValue","No","24cc61038fcacf93",1,"Equals"
"TableScan",65535,3,65535,365,3,333.86,107074,"DATA","date_dim","d_year","ColumnVsValue","No","24cc61038fcacf93",1,"Equals"
"GetTable",0,0,0,65535,3,65535,4819,"","date_dim","","","","24cc61038fcacf93",0,""
"Aggregate",143099,8,3256.27,150,8,3256.27,63031840,"REFERENCE","ship_mode","sm_type","AggregateHash","No","a203e0bb1c413813",11,""
"Aggregate",143099,8,3256.27,150,8,3256.27,63031840,"REFERENCE","web_site","web_name","AggregateHash","No","a203e0bb1c413813",11,""
"GetTable",0,0,0,20,2,20,6775,"","ship_mode","","","","a203e0bb1c413813",0,""
"GetTable",0,0,0,30,2,30,7543,"","web_site","","","","a203e0bb1c413813",0,""
"GetTable",0,0,0,719384,5,719384,37926,"","web_sales","","","","a203e0bb1c413813",0,""
"TableScan",65535,2,65535,366,2,330.984,134104,"DATA","date_dim","d_month_seq","ColumnBetween","No","a203e0bb1c413813",1,"BetweenInclusive"
"GetTable",0,0,0,5,14,5,6496,"","warehouse","","","","a203e0bb1c413813",0,""
"GetTable",0,0,0,65535,2,65535,4121,"","date_dim","","","","a203e0bb1c413813",0,""
"TableScan",53996,12,2.41053e+07,115,12,2.41053e+07,854005,"REFERENCE","store_sales","ss_sales_price","ExpressionEvaluator","No","901db9dd2feb2d10",1,"LessThanEquals"
"TableScan",53996,12,2.41053e+07,115,12,2.41053e+07,854005,"REFERENCE","store_sales","ss_sales_price","ExpressionEvaluator","No","901db9dd2feb2d10",1,"LessThanEquals"
"Aggregate",60871,3,12594.9,7,2,12594.9,1320225,"REFERENCE","store_sales","ss_store_sk","AggregateHash","No","901db9dd2feb2d10",1,""
"GetTable",0,0,0,18000,5,18000,12642,"","item","","","","901db9dd2feb2d10",0,""
"Aggregate",550596,4,12594.9,60871,3,12594.9,88186311,"REFERENCE","store_sales","ss_store_sk","AggregateHash","No","901db9dd2feb2d10",44,""
"Aggregate",550596,4,12594.9,60871,3,12594.9,88186311,"REFERENCE","store_sales","ss_item_sk","AggregateHash","No","901db9dd2feb2d10",44,""
"GetTable",0,0,0,12,2,12,13830,"","store","","","","901db9dd2feb2d10",0,""
"GetTable",0,0,0,2880404,4,2.8804e+06,125443,"","store_sales","","","","901db9dd2feb2d10",0,""
"TableScan",65535,2,65535,365,2,334.202,121462,"DATA","date_dim","d_month_seq","ColumnBetween","No","901db9dd2feb2d10",1,"BetweenInclusive"
"GetTable",0,0,0,65535,2,65535,4959,"","date_dim","","","","901db9dd2feb2d10",0,""
"Aggregate",579,9,944.961,550,6,944.961,1478496,"REFERENCE","customer_demographics","cd_gender","AggregateHash","No","105285333f5ba7f4",2,""
"Aggregate",579,9,944.961,550,6,944.961,1478496,"REFERENCE","customer_demographics","cd_marital_status","AggregateHash","No","105285333f5ba7f4",2,""
"Aggregate",579,9,944.961,550,6,944.961,1478496,"REFERENCE","customer_demographics","cd_education_status","AggregateHash","No","105285333f5ba7f4",2,""
"Aggregate",579,9,944.961,550,6,944.961,1478496,"REFERENCE","customer_demographics","cd_purchase_estimate","AggregateHash","No","105285333f5ba7f4",2,""
"Aggregate",579,9,944.961,550,6,944.961,1478496,"REFERENCE","customer_demographics","cd_credit_rating","AggregateHash","No","105285333f5ba7f4",2,""
"GetTable",0,0,0,1920800,6,1.9208e+06,78227,"","customer_demographics","","","","105285333f5ba7f4",0,""
"TableScan",365,3,333.86,91,3,83.1805,15716,"REFERENCE","date_dim","d_moy","ColumnBetween","No","105285333f5ba7f4",1,"BetweenInclusive"
"GetTable",0,0,0,719384,2,719384,28777,"","web_sales","","","","105285333f5ba7f4",0,""
"TableScan",65535,3,65535,365,3,333.86,96876,"REFERENCE","date_dim","d_year","ColumnVsValue","No","105285333f5ba7f4",1,"Equals"
"GetTable",0,0,0,100000,3,100000,7753,"","customer","","","","105285333f5ba7f4",0,""
"GetTable",0,0,0,1441548,2,1.44155e+06,49451,"","catalog_sales","","","","105285333f5ba7f4",0,""
"GetTable",0,0,0,2880404,2,2.8804e+06,91219,"","store_sales","","","","105285333f5ba7f4",0,""
"GetTable",0,0,0,65535,3,65535,5378,"","date_dim","","","","105285333f5ba7f4",0,""
"TableScan",50000,2,50000,1945,2,1427.76,78856,"DATA","customer_address","ca_state","ColumnVsValue","No","105285333f5ba7f4",1,"Equals"
"TableScan",365,3,333.86,91,3,83.1805,23818,"REFERENCE","date_dim","d_moy","ColumnBetween","No","105285333f5ba7f4",1,"BetweenInclusive"
"TableScan",50000,2,50000,500,2,423.633,84373,"DATA","customer_address","ca_state","ColumnVsValue","No","105285333f5ba7f4",1,"Equals"
"TableScan",50000,2,50000,2446,2,1798.25,97644,"DATA","customer_address","ca_state","ColumnVsValue","No","105285333f5ba7f4",1,"Equals"
"GetTable",0,0,0,50000,2,50000,5308,"","customer_address","","","","105285333f5ba7f4",0,""
"TableScan",65535,3,65535,365,3,333.86,102604,"DATA","date_dim","d_year","ColumnVsValue","No","105285333f5ba7f4",1,"Equals"
"TableScan",1095,3,763.885,71,3,763.885,22700,"REFERENCE","date_dim","COUNT(*)","ColumnBetween","No","2b7e6ed9df8e2f99",1,"BetweenInclusive"
"Aggregate",11555,5,763.885,1095,3,763.885,2055352,"REFERENCE","store_sales","ss_ticket_number","AggregateHash","No","2b7e6ed9df8e2f99",19,""
"Aggregate",11555,5,763.885,1095,3,763.885,2055352,"REFERENCE","store_sales","ss_customer_sk","AggregateHash","No","2b7e6ed9df8e2f99",19,""
"GetTable",0,0,0,100000,5,100000,9149,"","customer","","","","2b7e6ed9df8e2f99",0,""
"TableScan",12,2,12,12,2,12,31850,"REFERENCE","store","s_county","ExpressionEvaluator","No","2b7e6ed9df8e2f99",1,"In"
"TableScan",1600,4,1600,800,4,1600,144791,"REFERENCE","household_demographics","hd_vehicle_count","ExpressionEvaluator","No","2b7e6ed9df8e2f99",1,"GreaterThan"
"TableScan",1600,4,1600,800,4,1600,144791,"REFERENCE","household_demographics","hd_dep_count","ExpressionEvaluator","No","2b7e6ed9df8e2f99",1,"GreaterThan"
"TableScan",1600,4,1600,800,4,1600,144791,"REFERENCE","household_demographics","hd_vehicle_count","ExpressionEvaluator","No","2b7e6ed9df8e2f99",1,"GreaterThan"
"GetTable",0,0,0,2880404,5,2.8804e+06,98762,"","store_sales","","","","2b7e6ed9df8e2f99",0,""
"GetTable",0,0,0,12,2,12,7403,"","store","","","","2b7e6ed9df8e2f99",0,""
"TableScan",1096,3,1096,72,3,72.0174,25284,"REFERENCE","date_dim","d_dom","ColumnBetween","No","2b7e6ed9df8e2f99",3,"BetweenInclusive"
"TableScan",4800,4,4800,800,4,800,34504,"REFERENCE","household_demographics","hd_buy_potential","ColumnVsValue","No","2b7e6ed9df8e2f99",1,"Equals"
"TableScan",4800,4,4800,800,4,800,27379,"REFERENCE","household_demographics","hd_buy_potential","ColumnVsValue","No","2b7e6ed9df8e2f99",1,"Equals"
"TableScan",73049,3,73049,365,3,365.333,86539,"DATA","date_dim","d_year","ColumnVsValue","No","2b7e6ed9df8e2f99",2,"Equals"
"TableScan",7200,4,7200,4800,4,4800,45959,"DATA","household_demographics","hd_vehicle_count","ColumnVsValue","No","2b7e6ed9df8e2f99",1,"GreaterThan"
"TableScan",73049,3,73049,365,3,365.333,96318,"DATA","date_dim","d_year","ColumnVsValue","No","2b7e6ed9df8e2f99",2,"Equals"
"TableScan",73049,3,73049,366,3,365.333,87237,"DATA","date_dim","d_year","ColumnVsValue","No","2b7e6ed9df8e2f99",2,"Equals"
"GetTable",0,0,0,73049,3,73049,7264,"","date_dim","","","","2b7e6ed9df8e2f99",0,""
"GetTable",0,0,0,7200,4,7200,7613,"","household_demographics","","","","2b7e6ed9df8e2f99",0,""
"Aggregate",75163,11,630.205,7468,6,630.205,40517120,"REFERENCE","store_sales","ss_ticket_number","AggregateHash","No","741bc3f2dfb09756",44,""
"Aggregate",75163,11,630.205,7468,6,630.205,40517120,"REFERENCE","store_sales","ss_customer_sk","AggregateHash","No","741bc3f2dfb09756",44,""
"Aggregate",75163,11,630.205,7468,6,630.205,40517120,"REFERENCE","store_sales","ss_addr_sk","AggregateHash","No","741bc3f2dfb09756",44,""
"Aggregate",75163,11,630.205,7468,6,630.205,40517120,"REFERENCE","store","s_city","AggregateHash","No","741bc3f2dfb09756",44,""
"GetTable",0,0,0,100000,3,100000,12433,"","customer","","","","741bc3f2dfb09756",0,""
"TableScan",12,3,12,11,3,11,16973,"DATA","store","s_number_employees","ColumnBetween","No","741bc3f2dfb09756",1,"BetweenInclusive"
"GetTable",0,0,0,12,3,12,7404,"","store","","","","741bc3f2dfb09756",0,""
"GetTable",0,0,0,2880404,8,2.8804e+06,107633,"","store_sales","","","","741bc3f2dfb09756",0,""
"TableScan",7200,3,7200,720,3,720,27379,"REFERENCE","household_demographics","hd_dep_count","ColumnVsValue","No","741bc3f2dfb09756",1,"Equals"
"TableScan",7200,3,7200,2400,3,2400,38765,"REFERENCE","household_demographics","hd_vehicle_count","ColumnVsValue","No","741bc3f2dfb09756",1,"GreaterThan"
"TableScan",1096,3,1096,157,3,156.578,23678,"REFERENCE","date_dim","d_dow","ColumnVsValue","No","741bc3f2dfb09756",3,"Equals"
"GetTable",0,0,0,7200,3,7200,5937,"","household_demographics","","","","741bc3f2dfb09756",0,""
"TableScan",73049,3,73049,365,3,365.333,86678,"DATA","date_dim","d_year","ColumnVsValue","No","741bc3f2dfb09756",2,"Equals"
"TableScan",73049,3,73049,365,3,365.333,95409,"DATA","date_dim","d_year","ColumnVsValue","No","741bc3f2dfb09756",2,"Equals"
"TableScan",73049,3,73049,366,3,365.333,87517,"DATA","date_dim","d_year","ColumnVsValue","No","741bc3f2dfb09756",2,"Equals"
"GetTable",0,0,0,73049,3,73049,5867,"","date_dim","","","","741bc3f2dfb09756",0,""
"Aggregate",28260,16,645.746,27796,3,645.746,11396457,"REFERENCE","catalog_returns","cr_returning_customer_sk","AggregateHash","No","1c41ac70227eb819",2,""
"Aggregate",28260,16,645.746,27796,3,645.746,11396457,"REFERENCE","customer_address","ca_state","AggregateHash","No","1c41ac70227eb819",2,""
"Aggregate",27796,3,645.746,52,2,645.746,1190941,"REFERENCE","customer_address","ca_state","AggregateHash","No","1c41ac70227eb819",1,""
"TableScan",50000,12,50000,2446,12,1798.25,97714,"DATA","customer_address","ca_state","ColumnVsValue","No","1c41ac70227eb819",1,"Equals"
"GetTable",0,0,0,50000,12,50000,12292,"","customer_address","","","","1c41ac70227eb819",0,""
"GetTable",0,0,0,100000,6,100000,9639,"","customer","","","","1c41ac70227eb819",0,""
"GetTable",0,0,0,144067,4,144067,13410,"","catalog_returns","","","","1c41ac70227eb819",0,""
"TableScan",65535,2,65535,366,2,333.86,108959,"DATA","date_dim","d_year","ColumnVsValue","No","1c41ac70227eb819",1,"Equals"
"GetTable",0,0,0,65535,2,65535,5169,"","date_dim","","","","1c41ac70227eb819",0,""
"Aggregate",712,5,68636,682,2,68636,543190,"REFERENCE","item","i_item_id","AggregateHash","No","ec84b20b69353252",1,""
"Aggregate",2619,5,277502,2276,2,277502,2356806,"REFERENCE","item","i_item_id","AggregateHash","No","ec84b20b69353252",1,""
"Aggregate",1367,5,144067,1292,2,144067,946061,"REFERENCE","item","i_item_id","AggregateHash","No","ec84b20b69353252",1,""
"GetTable",0,0,0,18000,2,18000,6914,"","item","","","","ec84b20b69353252",0,""
"GetTable",0,0,0,71763,3,71763,10128,"","web_returns","","","","ec84b20b69353252",0,""
"GetTable",0,0,0,287514,3,287514,21372,"","store_returns","","","","ec84b20b69353252",0,""
"GetTable",0,0,0,144067,3,144067,10827,"","catalog_returns","","","","ec84b20b69353252",0,""
"GetTable",0,0,0,73049,3,73049,6985,"","date_dim","","","","ec84b20b69353252",0,""
"TableScan",73049,3,73049,1,3,1,91359,"REFERENCE","date_dim","d_date","ColumnVsValue","No","ec84b20b69353252",2,"Equals"
"TableScan",73049,3,73049,1,3,1,103441,"REFERENCE","date_dim","d_date","ColumnVsValue","No","ec84b20b69353252",2,"Equals"
"TableScan",73049,3,73049,1,3,1,92057,"REFERENCE","date_dim","d_date","ColumnVsValue","No","ec84b20b69353252",2,"Equals"
"TableScan",73049,3,73049,1,3,1,90241,"DATA","date_dim","d_date","ColumnVsValue","No","ec84b20b69353252",2,"Equals"
"TableScan",73049,3,73049,1,3,1,123417,"DATA","date_dim","d_date","ColumnVsValue","No","ec84b20b69353252",2,"Equals"
"TableScan",73049,3,73049,1,3,1,89612,"DATA","date_dim","d_date","ColumnVsValue","No","ec84b20b69353252",2,"Equals"
"Aggregate",7,26,0,6,4,0,127748,"REFERENCE","reason","r_reason_desc","AggregateHash","No","aecea1dd577191a6",1,""
"TableScan",142,26,110.488,7,26,0,329812,"REFERENCE","web_sales","ws_item_sk","ExpressionEvaluator","No","aecea1dd577191a6",1,""
"TableScan",142,26,110.488,7,26,0,329812,"REFERENCE","web_returns","wr_item_sk","ExpressionEvaluator","No","aecea1dd577191a6",1,""
"TableScan",142,26,110.488,7,26,0,329812,"REFERENCE","customer_demographics","cd_marital_status","ExpressionEvaluator","No","aecea1dd577191a6",1,""
"TableScan",142,26,110.488,7,26,0,329812,"REFERENCE","customer_demographics","cd_education_status","ExpressionEvaluator","No","aecea1dd577191a6",1,""
"TableScan",142,26,110.488,7,26,0,329812,"REFERENCE","web_sales","ws_sales_price","ExpressionEvaluator","No","aecea1dd577191a6",1,""
"TableScan",142,26,110.488,7,26,0,329812,"REFERENCE","customer_demographics","cd_marital_status","ExpressionEvaluator","No","aecea1dd577191a6",1,""
"TableScan",142,26,110.488,7,26,0,329812,"REFERENCE","web_sales","ws_sales_price","ExpressionEvaluator","No","aecea1dd577191a6",1,""
"TableScan",142,26,110.488,7,26,0,329812,"REFERENCE","customer_demographics","cd_education_status","ExpressionEvaluator","No","aecea1dd577191a6",1,""
"TableScan",142,26,110.488,7,26,0,329812,"REFERENCE","web_sales","ws_sales_price","ExpressionEvaluator","No","aecea1dd577191a6",1,""
"TableScan",142,26,110.488,7,26,0,329812,"REFERENCE","customer_demographics","cd_marital_status","ExpressionEvaluator","No","aecea1dd577191a6",1,""
"TableScan",142,26,110.488,7,26,0,329812,"REFERENCE","customer_demographics","cd_education_status","ExpressionEvaluator","No","aecea1dd577191a6",1,""
"TableScan",74,26,0,36,26,0,71313,"REFERENCE","web_sales","ws_net_profit","ColumnBetween","No","aecea1dd577191a6",3,"BetweenInclusive"
"TableScan",78,26,0,71,26,0,68169,"REFERENCE","web_sales","ws_net_profit","ColumnBetween","No","aecea1dd577191a6",3,"BetweenInclusive"
"TableScan",77,26,110.488,35,26,110.488,68659,"REFERENCE","web_sales","ws_net_profit","ColumnBetween","No","aecea1dd577191a6",3,"BetweenInclusive"
"TableScan",229,26,110.488,26,26,0,20744,"REFERENCE","customer_address","ca_state","ColumnVsValue","No","aecea1dd577191a6",1,"Equals"
"TableScan",229,26,110.488,41,26,0,35971,"REFERENCE","customer_address","ca_state","ColumnVsValue","No","aecea1dd577191a6",1,"Equals"
"TableScan",229,26,110.488,7,26,0,19906,"REFERENCE","customer_address","ca_state","ColumnVsValue","No","aecea1dd577191a6",1,"Equals"
"TableScan",229,26,110.488,15,26,0,17881,"REFERENCE","customer_address","ca_state","ColumnVsValue","No","aecea1dd577191a6",1,"Equals"
"TableScan",229,26,110.488,31,26,0,18649,"REFERENCE","customer_address","ca_state","ColumnVsValue","No","aecea1dd577191a6",1,"Equals"
"TableScan",139,19,110.488,139,19,110.488,97085,"REFERENCE","customer_demographics","cd_education_status","ColumnVsColumn","No","aecea1dd577191a6",1,"Equals"
"TableScan",139,19,110.488,139,19,110.488,97085,"REFERENCE","customer_demographics","cd_education_status","ColumnVsColumn","No","aecea1dd577191a6",1,"Equals"
"TableScan",229,26,110.488,27,26,0,20604,"REFERENCE","customer_address","ca_state","ColumnVsValue","No","aecea1dd577191a6",1,"Equals"
"TableScan",229,26,110.488,36,26,0,18090,"REFERENCE","customer_address","ca_state","ColumnVsValue","No","aecea1dd577191a6",1,"Equals"
"TableScan",229,26,110.488,9,26,110.488,19976,"REFERENCE","customer_address","ca_state","ColumnVsValue","No","aecea1dd577191a6",1,"Equals"
"TableScan",229,26,110.488,37,26,0,17741,"REFERENCE","customer_address","ca_state","ColumnVsValue","No","aecea1dd577191a6",1,"Equals"
"TableScan",139,19,110.488,139,19,110.488,176500,"REFERENCE","customer_demographics","cd_marital_status","ColumnVsColumn","No","aecea1dd577191a6",1,"Equals"
"TableScan",139,19,110.488,139,19,110.488,176500,"REFERENCE","customer_demographics","cd_marital_status","ColumnVsColumn","No","aecea1dd577191a6",1,"Equals"
"TableScan",142166,7,3289.38,4963,7,115.707,859662,"REFERENCE","web_sales","ws_net_profit","ColumnBetween","No","aecea1dd577191a6",11,"BetweenInclusive"
"TableScan",142166,7,3289.38,6110,7,138.885,484660,"REFERENCE","web_sales","ws_net_profit","ColumnBetween","No","aecea1dd577191a6",11,"BetweenInclusive"
"TableScan",142166,7,3289.38,10435,7,241.128,577625,"REFERENCE","web_sales","ws_net_profit","ColumnBetween","No","aecea1dd577191a6",11,"BetweenInclusive"
"GetTable",0,0,0,1920800,3,1.9208e+06,84234,"","customer_demographics","","","","aecea1dd577191a6",0,""
"GetTable",0,0,0,719384,7,719384,48053,"","web_sales","","","","aecea1dd577191a6",0,""
"GetTable",0,0,0,60,1,60,7403,"","web_page","","","","aecea1dd577191a6",0,""
"TableScan",65535,2,65535,366,2,333.86,106655,"DATA","date_dim","d_year","ColumnVsValue","No","aecea1dd577191a6",1,"Equals"
"GetTable",0,0,0,35,2,35,8381,"","reason","","","","aecea1dd577191a6",0,""
"TableScan",48475,3,50000,1372,3,1595.98,124326,"REFERENCE","customer_address","ca_state","ColumnVsValue","No","aecea1dd577191a6",1,"Equals"
"GetTable",0,0,0,65535,2,65535,6356,"","date_dim","","","","aecea1dd577191a6",0,""
"TableScan",274400,3,274400,54880,3,54880,1603031,"REFERENCE","customer_demographics","cd_marital_status","ColumnVsValue","No","aecea1dd577191a6",30,"Equals"
"TableScan",48475,3,50000,317,3,423.633,103233,"REFERENCE","customer_address","ca_state","ColumnVsValue","No","aecea1dd577191a6",1,"Equals"
"TableScan",48475,3,50000,1330,3,1318.89,123557,"REFERENCE","customer_address","ca_state","ColumnVsValue","No","aecea1dd577191a6",1,"Equals"
"TableScan",50000,3,50000,48475,3,50000,693359,"REFERENCE","customer_address","ca_country","ColumnVsValue","No","aecea1dd577191a6",1,"Equals"
"TableScan",48475,3,50000,1034,3,865.841,115944,"REFERENCE","customer_address","ca_state","ColumnVsValue","No","aecea1dd577191a6",1,"Equals"
"TableScan",48475,3,50000,802,3,1427.76,109029,"REFERENCE","customer_address","ca_state","ColumnVsValue","No","aecea1dd577191a6",1,"Equals"
"TableScan",1920800,3,1.9208e+06,274400,3,274400,5307860,"REFERENCE","customer_demographics","cd_education_status","ColumnVsValue","No","aecea1dd577191a6",30,"Equals"
"TableScan",274400,3,274400,54880,3,54880,1060329,"REFERENCE","customer_demographics","cd_marital_status","ColumnVsValue","No","aecea1dd577191a6",30,"Equals"
"TableScan",274400,3,274400,54880,3,54880,1079047,"REFERENCE","customer_demographics","cd_marital_status","ColumnVsValue","No","aecea1dd577191a6",30,"Equals"
"GetTable",0,0,0,71763,8,71763,17252,"","web_returns","","","","aecea1dd577191a6",0,""
"TableScan",48475,3,50000,1911,3,1427.76,130681,"REFERENCE","customer_address","ca_state","ColumnVsValue","No","aecea1dd577191a6",1,"Equals"
"TableScan",48475,3,50000,126,3,572.239,94083,"REFERENCE","customer_address","ca_state","ColumnVsValue","No","aecea1dd577191a6",1,"Equals"
"TableScan",48475,3,50000,1535,3,835.913,127189,"REFERENCE","customer_address","ca_state","ColumnVsValue","No","aecea1dd577191a6",1,"Equals"
"TableScan",48475,3,50000,1121,3,865.153,114897,"REFERENCE","customer_address","ca_state","ColumnVsValue","No","aecea1dd577191a6",1,"Equals"
"TableScan",1920800,3,1.9208e+06,274400,3,274400,4350205,"REFERENCE","customer_demographics","cd_education_status","ColumnVsValue","No","aecea1dd577191a6",30,"Equals"
"TableScan",1920800,3,1.9208e+06,274400,3,274400,4349017,"REFERENCE","customer_demographics","cd_education_status","ColumnVsValue","No","aecea1dd577191a6",30,"Equals"
"GetTable",0,0,0,50000,3,50000,4890,"","customer_address","","","","aecea1dd577191a6",0,""
"TableScan",12,2,12,1,2,1,17182,"REFERENCE","store","s_store_name","ColumnVsValue","No","b5449accdea88518",1,"Equals"
"TableScan",720,3,720,720,3,720,15506,"REFERENCE","household_demographics","hd_vehicle_count","ColumnVsValue","No","b5449accdea88518",1,"LessThanEquals"
"GetTable",0,0,0,2880404,4,2.8804e+06,117061,"","store_sales","","","","b5449accdea88518",0,""
"TableScan",7200,3,7200,720,3,720,28357,"REFERENCE","household_demographics","hd_dep_count","ColumnVsValue","No","b5449accdea88518",1,"Equals"
"TableScan",720,3,720,480,3,480,16065,"REFERENCE","household_demographics","hd_vehicle_count","ColumnVsValue","No","b5449accdea88518",1,"LessThanEquals"
"TableScan",720,3,720,720,3,720,11315,"REFERENCE","household_demographics","hd_vehicle_count","ColumnVsValue","No","b5449accdea88518",1,"LessThanEquals"
"TableScan",3600,3,3600,1800,3,1800,32479,"REFERENCE","time_dim","t_minute","ColumnVsValue","No","b5449accdea88518",1,"GreaterThanEquals"
"GetTable",0,0,0,12,2,12,6635,"","store","","","","b5449accdea88518",0,""
"TableScan",7200,3,7200,720,3,720,17880,"REFERENCE","household_demographics","hd_dep_count","ColumnVsValue","No","b5449accdea88518",1,"Equals"
"TableScan",7200,3,7200,720,3,720,18020,"REFERENCE","household_demographics","hd_dep_count","ColumnVsValue","No","b5449accdea88518",1,"Equals"
"TableScan",3600,3,3600,1800,3,1800,37158,"REFERENCE","time_dim","t_minute","ColumnVsValue","No","b5449accdea88518",1,"GreaterThanEquals"
"TableScan",3600,3,3600,1800,3,1800,31290,"REFERENCE","time_dim","t_minute","ColumnVsValue","No","b5449accdea88518",1,"LessThan"
"TableScan",65535,3,65535,3600,3,3600,91637,"DATA","time_dim","t_hour","ColumnVsValue","No","b5449accdea88518",1,"Equals"
"GetTable",0,0,0,7200,3,7200,7683,"","household_demographics","","","","b5449accdea88518",0,""
"TableScan",3600,3,3600,1800,3,1800,31082,"REFERENCE","time_dim","t_minute","ColumnVsValue","No","b5449accdea88518",1,"GreaterThanEquals"
"TableScan",3600,3,3600,1800,3,1800,36250,"REFERENCE","time_dim","t_minute","ColumnVsValue","No","b5449accdea88518",1,"LessThan"
"TableScan",65535,3,65535,3600,3,3600,94361,"DATA","time_dim","t_hour","ColumnVsValue","No","b5449accdea88518",1,"Equals"
"TableScan",3600,3,3600,1800,3,1800,34364,"REFERENCE","time_dim","t_minute","ColumnVsValue","No","b5449accdea88518",1,"LessThan"
"GetTable",0,0,0,65535,3,65535,5448,"","time_dim","","","","b5449accdea88518",0,""
"TableScan",65535,3,65535,3600,3,3600,97225,"DATA","time_dim","t_hour","ColumnVsValue","No","b5449accdea88518",1,"Equals"
"TableScan",3600,3,3600,1800,3,1800,59997,"REFERENCE","time_dim","t_minute","ColumnVsValue","No","b5449accdea88518",1,"GreaterThanEquals"
"TableScan",3600,3,3600,1800,3,1800,29195,"REFERENCE","time_dim","t_minute","ColumnVsValue","No","b5449accdea88518",1,"LessThan"
"TableScan",65535,3,65535,3600,3,3600,126700,"DATA","time_dim","t_hour","ColumnVsValue","No","b5449accdea88518",1,"Equals"
"TableScan",65535,3,65535,3600,3,3600,105048,"DATA","time_dim","t_hour","ColumnVsValue","No","b5449accdea88518",1,"Equals"
"Aggregate",1,15,52.0016,1,6,52.0016,105676,"REFERENCE","call_center","cc_call_center_id","AggregateHash","No","c86892b6d2937a1c",1,""
"Aggregate",1,15,52.0016,1,6,52.0016,105676,"REFERENCE","call_center","cc_name","AggregateHash","No","c86892b6d2937a1c",1,""
"Aggregate",1,15,52.0016,1,6,52.0016,105676,"REFERENCE","call_center","cc_manager","AggregateHash","No","c86892b6d2937a1c",1,""
"Aggregate",1,15,52.0016,1,6,52.0016,105676,"REFERENCE","customer_demographics","cd_marital_status","AggregateHash","No","c86892b6d2937a1c",1,""
"Aggregate",1,15,52.0016,1,6,52.0016,105676,"REFERENCE","customer_demographics","cd_education_status","AggregateHash","No","c86892b6d2937a1c",1,""
"GetTable",0,0,0,6,4,6,8521,"","call_center","","","","c86892b6d2937a1c",0,""
"GetTable",0,0,0,144067,4,144067,16902,"","catalog_returns","","","","c86892b6d2937a1c",0,""
"TableScan",274400,3,274400,54880,3,54880,1587734,"REFERENCE","customer_demographics","cd_marital_status","ColumnVsValue","No","c86892b6d2937a1c",30,"Equals"
"TableScan",274400,3,274400,54880,3,54880,1000681,"REFERENCE","customer_demographics","cd_marital_status","ColumnVsValue","No","c86892b6d2937a1c",30,"Equals"
"TableScan",365,3,333.86,30,3,27.4221,16065,"REFERENCE","date_dim","d_moy","ColumnVsValue","No","c86892b6d2937a1c",1,"Equals"
"TableScan",1920800,3,1.9208e+06,274400,3,274400,4552269,"REFERENCE","customer_demographics","cd_education_status","ColumnVsValue","No","c86892b6d2937a1c",30,"Equals"
"TableScan",1920800,3,1.9208e+06,274400,3,274400,3983934,"REFERENCE","customer_demographics","cd_education_status","ColumnVsValue","No","c86892b6d2937a1c",30,"Equals"
"GetTable",0,0,0,100000,4,100000,12083,"","customer","","","","c86892b6d2937a1c",0,""
"TableScan",7200,2,7200,1200,2,1200,33456,"DATA","household_demographics","hd_buy_potential","ColumnBetween","No","c86892b6d2937a1c",1,"BetweenUpperExclusive"
"TableScan",65535,3,65535,365,3,333.86,129704,"DATA","date_dim","d_year","ColumnVsValue","No","c86892b6d2937a1c",1,"Equals"
"TableScan",50000,2,50000,5449,2,5624.02,136549,"DATA","customer_address","ca_gmt_offset","ColumnVsValue","No","c86892b6d2937a1c",1,"Equals"
"GetTable",0,0,0,7200,2,7200,6356,"","household_demographics","","","","c86892b6d2937a1c",0,""
"GetTable",0,0,0,65535,3,65535,5379,"","date_dim","","","","c86892b6d2937a1c",0,""
"GetTable",0,0,0,1920800,3,1.9208e+06,71731,"","customer_demographics","","","","c86892b6d2937a1c",0,""
"GetTable",0,0,0,50000,2,50000,4609,"","customer_address","","","","c86892b6d2937a1c",0,""
"Aggregate",7983,4,95168.1,7216,2,95168.1,4187185,"REFERENCE","store_sales","ss_customer_sk","AggregateHash","No","65cf99f6be86c7f4",4,""
"TableScan",35,2,35,1,2,1,49101,"DATA","reason","r_reason_desc","ColumnVsValue","No","65cf99f6be86c7f4",1,"Equals"
"GetTable",0,0,0,2880404,5,2.8804e+06,158550,"","store_sales","","","","65cf99f6be86c7f4",0,""
"GetTable",0,0,0,287514,4,287514,19557,"","store_returns","","","","65cf99f6be86c7f4",0,""
"GetTable",0,0,0,35,2,35,17251,"","reason","","","","65cf99f6be86c7f4",0,""
"TableScan",3600,3,3600,1800,3,1800,43025,"REFERENCE","time_dim","t_minute","ColumnVsValue","No","a328efe777ccc703",1,"GreaterThanEquals"
"TableScan",20865,3,20865,3600,3,3600,72291,"DATA","time_dim","t_hour","ColumnVsValue","No","a328efe777ccc703",1,"Equals"
"TableScan",7200,2,7200,720,2,720,28707,"REFERENCE","household_demographics","hd_dep_count","ColumnVsValue","No","a328efe777ccc703",1,"Equals"
"GetTable",0,0,0,20865,3,20865,12014,"","time_dim","","","","a328efe777ccc703",0,""
"TableScan",12,2,12,1,2,1,20185,"REFERENCE","store","s_store_name","ColumnVsValue","No","a328efe777ccc703",1,"Equals"
"GetTable",0,0,0,2880404,3,2.8804e+06,111613,"","store_sales","","","","a328efe777ccc703",0,""
"GetTable",0,0,0,7200,2,7200,7823,"","household_demographics","","","","a328efe777ccc703",0,""
"GetTable",0,0,0,12,2,12,7753,"","store","","","","a328efe777ccc703",0,""
"Aggregate",553861,3,12473.6,547500,2,12473.6,261589088,"REFERENCE","store_sales","ss_customer_sk","AggregateHash","No","e045c72cfee071ed",44,""
"Aggregate",553861,3,12473.6,547500,2,12473.6,261589088,"REFERENCE","store_sales","ss_item_sk","AggregateHash","No","e045c72cfee071ed",44,""
"Aggregate",287535,3,6507.37,287466,2,6507.37,116127209,"REFERENCE","catalog_sales","cs_bill_customer_sk","AggregateHash","No","e045c72cfee071ed",6,""
"Aggregate",287535,3,6507.37,287466,2,6507.37,116127209,"REFERENCE","catalog_sales","cs_item_sk","AggregateHash","No","e045c72cfee071ed",6,""
"GetTable",0,0,0,2880404,3,2.8804e+06,65376,"","store_sales","","","","e045c72cfee071ed",0,""
"GetTable",0,0,0,1441548,3,1.44155e+06,68728,"","catalog_sales","","","","e045c72cfee071ed",0,""
"TableScan",65535,2,65535,366,2,330.984,138085,"DATA","date_dim","d_month_seq","ColumnBetween","No","e045c72cfee071ed",1,"BetweenInclusive"
"GetTable",0,0,0,65535,2,65535,5029,"","date_dim","","","","e045c72cfee071ed",0,""
"Aggregate",286801,8,6403.27,90,8,6403.27,126006127,"REFERENCE","ship_mode","sm_type","AggregateHash","No","8a500b8350e13fe5",8,""
"Aggregate",286801,8,6403.27,90,8,6403.27,126006127,"REFERENCE","call_center","cc_name","AggregateHash","No","8a500b8350e13fe5",8,""
"GetTable",0,0,0,6,2,6,8941,"","call_center","","","","8a500b8350e13fe5",0,""
"GetTable",0,0,0,20,2,20,7613,"","ship_mode","","","","8a500b8350e13fe5",0,""
"GetTable",0,0,0,1441548,5,1.44155e+06,78228,"","catalog_sales","","","","8a500b8350e13fe5",0,""
"TableScan",65535,2,65535,366,2,330.984,191727,"DATA","date_dim","d_month_seq","ColumnBetween","No","8a500b8350e13fe5",1,"BetweenInclusive"
"GetTable",0,0,0,5,14,5,6216,"","warehouse","","","","8a500b8350e13fe5",0,""
"GetTable",0,0,0,65535,2,65535,5308,"","date_dim","","","","8a500b8350e13fe5",0,""
