0,"BuildSideMaterializing",4488919
0,"ProbeSideMaterializing",88938067
0,"Clustering",88105785
0,"Building",5961618
0,"Probing",95261626
0,"OutputWriting",55845201
1,"BuildSideMaterializing",3206621
1,"ProbeSideMaterializing",76157335
1,"Clustering",73208656
1,"Building",5764512
1,"Probing",76284664
1,"OutputWriting",623513
2,"BuildSideMaterializing",3097311
2,"ProbeSideMaterializing",56731056
2,"Clustering",72500070
2,"Building",5853915
2,"Probing",76234794
2,"OutputWriting",53373289
3,"BuildSideMaterializing",2989819
3,"ProbeSideMaterializing",66219885
3,"Clustering",70805681
3,"Building",5874381
3,"Probing",74625617
3,"OutputWriting",620510
4,"BuildSideMaterializing",4293561
4,"ProbeSideMaterializing",61392284
4,"Clustering",74826284
4,"Building",6042290
4,"Probing",72651426
4,"OutputWriting",52952259
5,"BuildSideMaterializing",2902721
5,"ProbeSideMaterializing",63289436
5,"Clustering",72222853
5,"Building",5897988
5,"Probing",73076857
5,"OutputWriting",619253
6,"BuildSideMaterializing",2801305
6,"ProbeSideMaterializing",55019136
6,"Clustering",68624816
6,"Building",5845884
6,"Probing",69692409
6,"OutputWriting",53018543
7,"BuildSideMaterializing",2882815
7,"ProbeSideMaterializing",58173651
7,"Clustering",63069143
7,"Building",6147477
7,"Probing",76720851
7,"OutputWriting",621558
8,"BuildSideMaterializing",2883654
8,"ProbeSideMaterializing",63903031
8,"Clustering",73060373
8,"Building",5793848
8,"Probing",74792339
8,"OutputWriting",51139621
9,"BuildSideMaterializing",3425098
9,"ProbeSideMaterializing",68231025
9,"Clustering",72498673
9,"Building",5773453
9,"Probing",71105878
9,"OutputWriting",608915
10,"BuildSideMaterializing",2877856
10,"ProbeSideMaterializing",62813297
10,"Clustering",64136665
10,"Building",5724491
10,"Probing",76554339
10,"OutputWriting",51813703
11,"BuildSideMaterializing",2984371
11,"ProbeSideMaterializing",58813508
11,"Clustering",69364064
11,"Building",5999264
11,"Probing",74026200
11,"OutputWriting",702928
12,"BuildSideMaterializing",2899368
12,"ProbeSideMaterializing",54173722
12,"Clustering",60700672
12,"Building",7599152
12,"Probing",75910500
12,"OutputWriting",50345335
13,"BuildSideMaterializing",2997711
13,"ProbeSideMaterializing",59926850
13,"Clustering",77788584
13,"Building",5604915
13,"Probing",72962240
13,"OutputWriting",614363
14,"BuildSideMaterializing",2919764
14,"ProbeSideMaterializing",58444094
14,"Clustering",66956968
14,"Building",5983829
14,"Probing",77793264
14,"OutputWriting",53834690
15,"BuildSideMaterializing",3197261
15,"ProbeSideMaterializing",62723964
15,"Clustering",62736676
15,"Building",5740416
15,"Probing",73199505
15,"OutputWriting",678552
16,"BuildSideMaterializing",2839441
16,"ProbeSideMaterializing",51876075
16,"Clustering",73104236
16,"Building",6011348
16,"Probing",77283319
16,"OutputWriting",49442857
17,"BuildSideMaterializing",3011331
17,"ProbeSideMaterializing",59584676
17,"Clustering",71016056
17,"Building",5792032
17,"Probing",73015532
17,"OutputWriting",665770
18,"BuildSideMaterializing",4211911
18,"ProbeSideMaterializing",59532361
18,"Clustering",60394258
18,"Building",6305469
18,"Probing",70444229
18,"OutputWriting",49900975
19,"BuildSideMaterializing",2897133
19,"ProbeSideMaterializing",58441580
19,"Clustering",69906417
19,"Building",5813125
19,"Probing",73625285
19,"OutputWriting",619323
20,"BuildSideMaterializing",5790845
20,"ProbeSideMaterializing",55393090
20,"Clustering",65391795
20,"Building",6248545
20,"Probing",69697438
20,"OutputWriting",49265658
21,"BuildSideMaterializing",2991845
21,"ProbeSideMaterializing",59083741
21,"Clustering",72017505
21,"Building",5987461
21,"Probing",73025520
21,"OutputWriting",618903
22,"BuildSideMaterializing",4184671
22,"ProbeSideMaterializing",55417396
22,"Clustering",63898631
22,"Building",6351496
22,"Probing",77010851
22,"OutputWriting",51650054
23,"BuildSideMaterializing",2967050
23,"ProbeSideMaterializing",63872159
23,"Clustering",68527102
23,"Building",5843578
23,"Probing",73417495
23,"OutputWriting",615970
24,"BuildSideMaterializing",4866226
24,"ProbeSideMaterializing",55141994
24,"Clustering",60535346
24,"Building",6260627
24,"Probing",78657954
24,"OutputWriting",48886954
25,"BuildSideMaterializing",2959157
25,"ProbeSideMaterializing",64653594
25,"Clustering",68593315
25,"Building",6184985
25,"Probing",75903865
25,"OutputWriting",619183
26,"BuildSideMaterializing",2915503
26,"ProbeSideMaterializing",49843981
26,"Clustering",57933871
26,"Building",6235064
26,"Probing",69216759
26,"OutputWriting",46970875
27,"BuildSideMaterializing",2934012
27,"ProbeSideMaterializing",62516802
27,"Clustering",67531241
27,"Building",5899455
27,"Probing",73312097
27,"OutputWriting",684838
28,"BuildSideMaterializing",2890708
28,"ProbeSideMaterializing",53577937
28,"Clustering",60931023
28,"Building",6041102
28,"Probing",73245674
28,"OutputWriting",45721753
29,"BuildSideMaterializing",2925421
29,"ProbeSideMaterializing",64463125
29,"Clustering",65450534
29,"Building",5636974
29,"Probing",91562942
29,"OutputWriting",610452
30,"BuildSideMaterializing",2943512
30,"ProbeSideMaterializing",52177110
30,"Clustering",65734458
30,"Building",6337109
30,"Probing",68237381
30,"OutputWriting",46053800
31,"BuildSideMaterializing",2944908
31,"ProbeSideMaterializing",63165320
31,"Clustering",70862466
31,"Building",5927114
31,"Probing",76586119
31,"OutputWriting",683162
32,"BuildSideMaterializing",2884352
32,"ProbeSideMaterializing",52262322
32,"Clustering",54098707
32,"Building",6408282
32,"Probing",67230904
32,"OutputWriting",45149297
33,"BuildSideMaterializing",2931498
33,"ProbeSideMaterializing",59978955
33,"Clustering",75437574
33,"Building",6552443
33,"Probing",74527344
33,"OutputWriting",636015
34,"BuildSideMaterializing",2859557
34,"ProbeSideMaterializing",50717124
34,"Clustering",57605385
34,"Building",5900014
34,"Probing",65111363
34,"OutputWriting",44066687
35,"BuildSideMaterializing",3402328
35,"ProbeSideMaterializing",62894668
35,"Clustering",63994320
35,"Building",7497247
35,"Probing",75850782
35,"OutputWriting",618135
36,"BuildSideMaterializing",2899579
36,"ProbeSideMaterializing",51842898
36,"Clustering",50708533
36,"Building",6176673
36,"Probing",68328042
36,"OutputWriting",42888179
37,"BuildSideMaterializing",2949518
37,"ProbeSideMaterializing",62035425
37,"Clustering",66271782
37,"Building",5805373
37,"Probing",74519382
37,"OutputWriting",666399
38,"BuildSideMaterializing",3321167
38,"ProbeSideMaterializing",50457298
38,"Clustering",54703293
38,"Building",6278997
38,"Probing",69131408
38,"OutputWriting",44380784
39,"BuildSideMaterializing",3036197
39,"ProbeSideMaterializing",55932509
39,"Clustering",69407788
39,"Building",6300440
39,"Probing",75762148
39,"OutputWriting",618624
40,"BuildSideMaterializing",2881069
40,"ProbeSideMaterializing",50803383
40,"Clustering",59557645
40,"Building",6594350
40,"Probing",66123080
40,"OutputWriting",42205297
41,"BuildSideMaterializing",3065392
41,"ProbeSideMaterializing",58227152
41,"Clustering",70322558
41,"Building",5819830
41,"Probing",75936693
41,"OutputWriting",611919
42,"BuildSideMaterializing",2908797
42,"ProbeSideMaterializing",48355009
42,"Clustering",55110075
42,"Building",6282070
42,"Probing",64763601
42,"OutputWriting",42852837
43,"BuildSideMaterializing",2936457
43,"ProbeSideMaterializing",58659638
43,"Clustering",67563020
43,"Building",6003595
43,"Probing",73774337
43,"OutputWriting",613386
44,"BuildSideMaterializing",2894619
44,"ProbeSideMaterializing",46273256
44,"Clustering",56649616
44,"Building",6307285
44,"Probing",62977225
44,"OutputWriting",41605601
45,"BuildSideMaterializing",3489845
45,"ProbeSideMaterializing",62641966
45,"Clustering",65532323
45,"Building",5926625
45,"Probing",71680081
45,"OutputWriting",616948
46,"BuildSideMaterializing",2778395
46,"ProbeSideMaterializing",43046799
46,"Clustering",59134729
46,"Building",6353592
46,"Probing",63746717
46,"OutputWriting",40806565
47,"BuildSideMaterializing",4302500
47,"ProbeSideMaterializing",63565327
47,"Clustering",67962259
47,"Building",5529622
47,"Probing",72871580
47,"OutputWriting",625469
48,"BuildSideMaterializing",3081107
48,"ProbeSideMaterializing",47965619
48,"Clustering",54026347
48,"Building",6475473
48,"Probing",67475434
48,"OutputWriting",40243258
49,"BuildSideMaterializing",2959157
49,"ProbeSideMaterializing",61924160
49,"Clustering",73815546
49,"Building",5832892
49,"Probing",73582261
49,"OutputWriting",645445
50,"BuildSideMaterializing",2912290
50,"ProbeSideMaterializing",50757355
50,"Clustering",56240808
50,"Building",6350869
50,"Probing",65104030
50,"OutputWriting",40523619
51,"BuildSideMaterializing",3001972
51,"ProbeSideMaterializing",56674481
51,"Clustering",68103278
51,"Building",5703397
51,"Probing",70713206
51,"OutputWriting",609055
52,"BuildSideMaterializing",3554242
52,"ProbeSideMaterializing",43527408
52,"Clustering",49379577
52,"Building",7235954
52,"Probing",59107629
52,"OutputWriting",38835586
53,"BuildSideMaterializing",2998410
53,"ProbeSideMaterializing",61944975
53,"Clustering",67833114
53,"Building",5529761
53,"Probing",72401098
53,"OutputWriting",675898
54,"BuildSideMaterializing",2885609
54,"ProbeSideMaterializing",46903893
54,"Clustering",46011264
54,"Building",6700866
54,"Probing",62981206
54,"OutputWriting",37455573
55,"BuildSideMaterializing",2898880
55,"ProbeSideMaterializing",61853267
55,"Clustering",70163589
55,"Building",5900572
55,"Probing",71274765
55,"OutputWriting",614014
56,"BuildSideMaterializing",3595452
56,"ProbeSideMaterializing",48646266
56,"Clustering",47013481
56,"Building",6800186
56,"Probing",59629446
56,"OutputWriting",37262030
57,"BuildSideMaterializing",2962789
57,"ProbeSideMaterializing",57197765
57,"Clustering",68767092
57,"Building",7333598
57,"Probing",72093079
57,"OutputWriting",621977
58,"BuildSideMaterializing",2882186
58,"ProbeSideMaterializing",43320385
58,"Clustering",48066196
58,"Building",6372381
58,"Probing",58350500
58,"OutputWriting",36631813
59,"BuildSideMaterializing",2940298
59,"ProbeSideMaterializing",61595117
59,"Clustering",66387516
59,"Building",5420732
59,"Probing",74901089
59,"OutputWriting",644188
60,"BuildSideMaterializing",2985000
60,"ProbeSideMaterializing",42704624
60,"Clustering",47218967
60,"Building",6246379
60,"Probing",54843333
60,"OutputWriting",34719295
61,"BuildSideMaterializing",2944419
61,"ProbeSideMaterializing",60351582
61,"Clustering",71757190
61,"Building",5681536
61,"Probing",70942090
61,"OutputWriting",681904
62,"BuildSideMaterializing",2895527
62,"ProbeSideMaterializing",39997541
62,"Clustering",44725752
62,"Building",6906492
62,"Probing",50171907
62,"OutputWriting",37051795
63,"BuildSideMaterializing",4174683
63,"ProbeSideMaterializing",56933120
63,"Clustering",68212657
63,"Building",5410115
63,"Probing",76688653
63,"OutputWriting",617018
64,"BuildSideMaterializing",2896016
64,"ProbeSideMaterializing",43795197
64,"Clustering",50391013
64,"Building",6334734
64,"Probing",47239013
64,"OutputWriting",32427654
65,"BuildSideMaterializing",2993661
65,"ProbeSideMaterializing",62089485
65,"Clustering",66862257
65,"Building",6708898
65,"Probing",72224388
65,"OutputWriting",614922
66,"BuildSideMaterializing",3226736
66,"ProbeSideMaterializing",43031153
66,"Clustering",46065534
66,"Building",6698072
66,"Probing",47028149
66,"OutputWriting",35075298
67,"BuildSideMaterializing",3427124
67,"ProbeSideMaterializing",62685409
67,"Clustering",67675891
67,"Building",5808655
67,"Probing",76397256
67,"OutputWriting",616389
68,"BuildSideMaterializing",2830570
68,"ProbeSideMaterializing",41674678
68,"Clustering",39324996
68,"Building",6353453
68,"Probing",51913583
68,"OutputWriting",35266048
69,"BuildSideMaterializing",4356910
69,"ProbeSideMaterializing",66623036
69,"Clustering",70039613
69,"Building",5649127
69,"Probing",77914516
69,"OutputWriting",627495
70,"BuildSideMaterializing",2744730
70,"ProbeSideMaterializing",45168574
70,"Clustering",46783758
70,"Building",7898721
70,"Probing",46489917
70,"OutputWriting",34153684
71,"BuildSideMaterializing",2898111
71,"ProbeSideMaterializing",59027446
71,"Clustering",66229245
71,"Building",5884648
71,"Probing",75540178
71,"OutputWriting",640765
72,"BuildSideMaterializing",2916760
72,"ProbeSideMaterializing",49329218
72,"Clustering",44887795
72,"Building",7558852
72,"Probing",51531595
72,"OutputWriting",35332611
73,"BuildSideMaterializing",2889171
73,"ProbeSideMaterializing",58938812
73,"Clustering",75369056
73,"Building",6067224
73,"Probing",74152412
73,"OutputWriting",621138
74,"BuildSideMaterializing",3122736
74,"ProbeSideMaterializing",40907073
74,"Clustering",53961671
74,"Building",6226333
74,"Probing",44455867
74,"OutputWriting",32941370
75,"BuildSideMaterializing",3997414
75,"ProbeSideMaterializing",62862958
75,"Clustering",61598679
75,"Building",5855941
75,"Probing",76903498
75,"OutputWriting",614224
76,"BuildSideMaterializing",2751575
76,"ProbeSideMaterializing",40705288
76,"Clustering",43662489
76,"Building",6527858
76,"Probing",45592468
76,"OutputWriting",35287700
77,"BuildSideMaterializing",2885539
77,"ProbeSideMaterializing",67850366
77,"Clustering",64478770
77,"Building",5746912
77,"Probing",77707353
77,"OutputWriting",626098
78,"BuildSideMaterializing",3087812
78,"ProbeSideMaterializing",38624583
78,"Clustering",41490774
78,"Building",8454624
78,"Probing",45065901
78,"OutputWriting",33156146
79,"BuildSideMaterializing",2876040
79,"ProbeSideMaterializing",58565626
79,"Clustering",70191877
79,"Building",5870190
79,"Probing",72871021
79,"OutputWriting",634759
80,"BuildSideMaterializing",2822189
80,"ProbeSideMaterializing",35872868
80,"Clustering",37396973
80,"Building",7006511
80,"Probing",41924098
80,"OutputWriting",34244553
81,"BuildSideMaterializing",4035620
81,"ProbeSideMaterializing",57182958
81,"Clustering",71034077
81,"Building",5823602
81,"Probing",75827384
81,"OutputWriting",732613
82,"BuildSideMaterializing",2876808
82,"ProbeSideMaterializing",34515136
82,"Clustering",37711558
82,"Building",6486229
82,"Probing",42114916
82,"OutputWriting",31324231
83,"BuildSideMaterializing",3207668
83,"ProbeSideMaterializing",61990583
83,"Clustering",72688026
83,"Building",5704026
83,"Probing",80701921
83,"OutputWriting",612617
84,"BuildSideMaterializing",2894060
84,"ProbeSideMaterializing",33969500
84,"Clustering",42747998
84,"Building",6706034
84,"Probing",41639616
84,"OutputWriting",30253844
85,"BuildSideMaterializing",3030259
85,"ProbeSideMaterializing",58077613
85,"Clustering",71077241
85,"Building",5950373
85,"Probing",77009734
85,"OutputWriting",610732
86,"BuildSideMaterializing",2888543
86,"ProbeSideMaterializing",34743251
86,"Clustering",43265905
86,"Building",7037802
86,"Probing",41936879
86,"OutputWriting",30262575
87,"BuildSideMaterializing",2920532
87,"ProbeSideMaterializing",64988993
87,"Clustering",69903273
87,"Building",7330316
87,"Probing",74193551
87,"OutputWriting",617018
88,"BuildSideMaterializing",3299515
88,"ProbeSideMaterializing",33071144
88,"Clustering",39501636
88,"Building",8506170
88,"Probing",43391069
88,"OutputWriting",29912368
89,"BuildSideMaterializing",2888263
89,"ProbeSideMaterializing",56928929
89,"Clustering",74637700
89,"Building",6127292
89,"Probing",76904895
89,"OutputWriting",615062
90,"BuildSideMaterializing",2780701
90,"ProbeSideMaterializing",31038701
90,"Clustering",39908138
90,"Building",7088370
90,"Probing",39383457
90,"OutputWriting",30430414
91,"BuildSideMaterializing",2871291
91,"ProbeSideMaterializing",61070086
91,"Clustering",72853839
91,"Building",5776107
91,"Probing",72765763
91,"OutputWriting",613037
92,"BuildSideMaterializing",2833783
92,"ProbeSideMaterializing",34290092
92,"Clustering",41460042
92,"Building",7328220
92,"Probing",40730713
92,"OutputWriting",28602200
93,"BuildSideMaterializing",3410780
93,"ProbeSideMaterializing",67498273
93,"Clustering",80323428
93,"Building",5931794
93,"Probing",75605973
93,"OutputWriting",619812
94,"BuildSideMaterializing",3603624
94,"ProbeSideMaterializing",37534709
94,"Clustering",36110972
94,"Building",7770344
94,"Probing",39346229
94,"OutputWriting",31558353
95,"BuildSideMaterializing",2859905
95,"ProbeSideMaterializing",61897619
95,"Clustering",63269320
95,"Building",6015888
95,"Probing",74262280
95,"OutputWriting",616599
96,"BuildSideMaterializing",2977316
96,"ProbeSideMaterializing",30164023
96,"Clustering",32848476
96,"Building",8238591
96,"Probing",37968451
96,"OutputWriting",26001702
97,"BuildSideMaterializing",3808831
97,"ProbeSideMaterializing",62066576
97,"Clustering",73478400
97,"Building",5919571
97,"Probing",72792864
97,"OutputWriting",769770
98,"BuildSideMaterializing",3693795
98,"ProbeSideMaterializing",32521038
98,"Clustering",40779465
98,"Building",6619705
98,"Probing",37067789
98,"OutputWriting",24276441
99,"BuildSideMaterializing",3336813
99,"ProbeSideMaterializing",61810800
99,"Clustering",77622631
99,"Building",5962246
99,"Probing",87472633
99,"OutputWriting",729469
100,"BuildSideMaterializing",3199845
100,"ProbeSideMaterializing",27047573
100,"Clustering",33997298
100,"Building",7039128
100,"Probing",35473071
100,"OutputWriting",23826285
101,"BuildSideMaterializing",2926818
101,"ProbeSideMaterializing",62527418
101,"Clustering",77658112
101,"Building",5828561
101,"Probing",80534990
101,"OutputWriting",624212
102,"BuildSideMaterializing",3263684
102,"ProbeSideMaterializing",30033341
102,"Clustering",33641574
102,"Building",6512841
102,"Probing",36261141
102,"OutputWriting",26639813
103,"BuildSideMaterializing",4407759
103,"ProbeSideMaterializing",60773381
103,"Clustering",66257463
103,"Building",5596394
103,"Probing",74726056
103,"OutputWriting",615342
104,"BuildSideMaterializing",2904188
104,"ProbeSideMaterializing",27958711
104,"Clustering",33666998
104,"Building",6582617
104,"Probing",39292238
104,"OutputWriting",23700773
105,"BuildSideMaterializing",3011052
105,"ProbeSideMaterializing",60643538
105,"Clustering",65886582
105,"Building",5519214
105,"Probing",73466736
105,"OutputWriting",624561
106,"BuildSideMaterializing",2844260
106,"ProbeSideMaterializing",29065976
106,"Clustering",36015842
106,"Building",6984090
106,"Probing",40773668
106,"OutputWriting",25718268
107,"BuildSideMaterializing",2889171
107,"ProbeSideMaterializing",63549332
107,"Clustering",67735470
107,"Building",5680418
107,"Probing",75772345
107,"OutputWriting",639020
108,"BuildSideMaterializing",2838603
108,"ProbeSideMaterializing",34847950
108,"Clustering",28589069
108,"Building",8498277
108,"Probing",38334373
108,"OutputWriting",24938579
109,"BuildSideMaterializing",3983794
109,"ProbeSideMaterializing",57983601
109,"Clustering",73296522
109,"Building",5900293
109,"Probing",75203661
109,"OutputWriting",624212
110,"BuildSideMaterializing",2878345
110,"ProbeSideMaterializing",25602184
110,"Clustering",33808855
110,"Building",6640169
110,"Probing",39421592
110,"OutputWriting",24557222
111,"BuildSideMaterializing",2870662
111,"ProbeSideMaterializing",59737149
111,"Clustering",70248661
111,"Building",5426319
111,"Probing",78628759
111,"OutputWriting",630847
112,"BuildSideMaterializing",3543766
112,"ProbeSideMaterializing",25316096
112,"Clustering",32743497
112,"Building",6239674
112,"Probing",37220682
112,"OutputWriting",24103363
113,"BuildSideMaterializing",2860744
113,"ProbeSideMaterializing",61572697
113,"Clustering",66044433
113,"Building",5698229
113,"Probing",70624501
113,"OutputWriting",619463
114,"BuildSideMaterializing",2871360
114,"ProbeSideMaterializing",27110644
114,"Clustering",29164948
114,"Building",6664406
114,"Probing",36526415
114,"OutputWriting",23863024
115,"BuildSideMaterializing",4093103
115,"ProbeSideMaterializing",63282172
115,"Clustering",71981255
115,"Building",6125545
115,"Probing",73866673
115,"OutputWriting",618973
116,"BuildSideMaterializing",2821351
116,"ProbeSideMaterializing",26422663
116,"Clustering",31296991
116,"Building",7037802
116,"Probing",34237847
116,"OutputWriting",22802415
117,"BuildSideMaterializing",2797813
117,"ProbeSideMaterializing",56736713
117,"Clustering",71097776
117,"Building",5849585
117,"Probing",72590590
117,"OutputWriting",627984
118,"BuildSideMaterializing",2842025
118,"ProbeSideMaterializing",24453710
118,"Clustering",25377421
118,"Building",7407425
118,"Probing",33560902
118,"OutputWriting",23612347
119,"BuildSideMaterializing",4010057
119,"ProbeSideMaterializing",61522826
119,"Clustering",67341679
119,"Building",6091740
119,"Probing",71338884
119,"OutputWriting",627844
120,"BuildSideMaterializing",2667760
120,"ProbeSideMaterializing",24927404
120,"Clustering",34829092
120,"Building",6637864
120,"Probing",32227616
120,"OutputWriting",21476114
121,"BuildSideMaterializing",2802492
121,"ProbeSideMaterializing",55906178
121,"Clustering",76522280
121,"Building",6300579
121,"Probing",77189656
121,"OutputWriting",665770
122,"BuildSideMaterializing",3153328
122,"ProbeSideMaterializing",24509586
122,"Clustering",29692633
122,"Building",6788033
122,"Probing",32891919
122,"OutputWriting",21077504
123,"BuildSideMaterializing",4103510
123,"ProbeSideMaterializing",58889919
123,"Clustering",68521025
123,"Building",5909373
123,"Probing",74216740
123,"OutputWriting",620510
124,"BuildSideMaterializing",4164975
124,"ProbeSideMaterializing",24798119
124,"Clustering",28599895
124,"Building",7091443
124,"Probing",31726542
124,"OutputWriting",19832363
125,"BuildSideMaterializing",4047563
125,"ProbeSideMaterializing",59729466
125,"Clustering",77063096
125,"Building",5510553
125,"Probing",70856809
125,"OutputWriting",628682
126,"BuildSideMaterializing",2740609
126,"ProbeSideMaterializing",20618617
126,"Clustering",24836186
126,"Building",7843543
126,"Probing",33575500
126,"OutputWriting",19261234
127,"BuildSideMaterializing",2837624
127,"ProbeSideMaterializing",61822256
127,"Clustering",71417042
127,"Building",5962875
127,"Probing",74143053
127,"OutputWriting",615132
128,"BuildSideMaterializing",2864795
128,"ProbeSideMaterializing",21182761
128,"Clustering",23821745
128,"Building",7160939
128,"Probing",32386865
128,"OutputWriting",19603897
129,"BuildSideMaterializing",2814995
129,"ProbeSideMaterializing",60867114
129,"Clustering",75006765
129,"Building",6040683
129,"Probing",73706586
129,"OutputWriting",617018
130,"BuildSideMaterializing",3995738
130,"ProbeSideMaterializing",22078883
130,"Clustering",24992291
130,"Building",6588484
130,"Probing",30635341
130,"OutputWriting",18956288
131,"BuildSideMaterializing",2800048
131,"ProbeSideMaterializing",59157988
131,"Clustering",71635309
131,"Building",5835825
131,"Probing",69991209
131,"OutputWriting",672475
132,"BuildSideMaterializing",2684174
132,"ProbeSideMaterializing",20586139
132,"Clustering",25277960
132,"Building",7086903
132,"Probing",25689421
132,"OutputWriting",18165842
133,"BuildSideMaterializing",2858369
133,"ProbeSideMaterializing",63650399
133,"Clustering",70575748
133,"Building",5788400
133,"Probing",71570003
133,"OutputWriting",776266
134,"BuildSideMaterializing",2819465
134,"ProbeSideMaterializing",17875074
134,"Clustering",20009143
134,"Building",6912917
134,"Probing",24516151
134,"OutputWriting",18145937
135,"BuildSideMaterializing",4286785
135,"ProbeSideMaterializing",59682460
135,"Clustering",70170085
135,"Building",6171155
135,"Probing",70226799
135,"OutputWriting",807348
136,"BuildSideMaterializing",2789292
136,"ProbeSideMaterializing",19362300
136,"Clustering",27597050
136,"Building",6609018
136,"Probing",22530576
136,"OutputWriting",15430193
137,"BuildSideMaterializing",2892384
137,"ProbeSideMaterializing",60717364
137,"Clustering",72452435
137,"Building",5658347
137,"Probing",72677688
137,"OutputWriting",709284
138,"BuildSideMaterializing",2798581
138,"ProbeSideMaterializing",16962958
138,"Clustering",20007397
138,"Building",6852011
138,"Probing",23600124
138,"OutputWriting",15540619
139,"BuildSideMaterializing",3504443
139,"ProbeSideMaterializing",62330104
139,"Clustering",66709994
139,"Building",5756480
139,"Probing",73449694
139,"OutputWriting",689028
140,"BuildSideMaterializing",2838044
140,"ProbeSideMaterializing",16405728
140,"Clustering",18555582
140,"Building",6994497
140,"Probing",21526263
140,"OutputWriting",15186570
141,"BuildSideMaterializing",3047581
141,"ProbeSideMaterializing",57346816
141,"Clustering",66576589
141,"Building",5799156
141,"Probing",72462842
141,"OutputWriting",620370
142,"BuildSideMaterializing",2928076
142,"ProbeSideMaterializing",15784939
142,"Clustering",16864964
142,"Building",6033489
142,"Probing",20505187
142,"OutputWriting",17135128
143,"BuildSideMaterializing",2859487
143,"ProbeSideMaterializing",62355598
143,"Clustering",73029921
143,"Building",5690267
143,"Probing",71227969
143,"OutputWriting",624980
144,"BuildSideMaterializing",2809477
144,"ProbeSideMaterializing",16636918
144,"Clustering",25447545
144,"Building",5767447
144,"Probing",20770322
144,"OutputWriting",13006194
145,"BuildSideMaterializing",2981367
145,"ProbeSideMaterializing",62693721
145,"Clustering",71156587
145,"Building",5868304
145,"Probing",76374905
145,"OutputWriting",617018
146,"BuildSideMaterializing",2848521
146,"ProbeSideMaterializing",17019603
146,"Clustering",18345416
146,"Building",7334716
146,"Probing",19578753
146,"OutputWriting",13235777
147,"BuildSideMaterializing",4275610
147,"ProbeSideMaterializing",57410935
147,"Clustering",61849984
147,"Building",5557909
147,"Probing",74599215
147,"OutputWriting",619323
148,"BuildSideMaterializing",4269393
148,"ProbeSideMaterializing",15809595
148,"Clustering",18183444
148,"Building",7675773
148,"Probing",18560052
148,"OutputWriting",12649003
149,"BuildSideMaterializing",2795159
149,"ProbeSideMaterializing",60019814
149,"Clustering",71925309
149,"Building",5495327
149,"Probing",74819579
149,"OutputWriting",626377
150,"BuildSideMaterializing",4011523
150,"ProbeSideMaterializing",13850351
150,"Clustering",15819024
150,"Building",5503849
150,"Probing",17848254
150,"OutputWriting",13306252
151,"BuildSideMaterializing",3001204
151,"ProbeSideMaterializing",58324658
151,"Clustering",65544966
151,"Building",5728193
151,"Probing",76363451
151,"OutputWriting",619532
152,"BuildSideMaterializing",2807521
152,"ProbeSideMaterializing",13088682
152,"Clustering",13742788
152,"Building",6729223
152,"Probing",19499548
152,"OutputWriting",11942722
153,"BuildSideMaterializing",2896295
153,"ProbeSideMaterializing",59828577
153,"Clustering",68914816
153,"Building",5608547
153,"Probing",78442341
153,"OutputWriting",622187
154,"BuildSideMaterializing",3126228
154,"ProbeSideMaterializing",12640481
154,"Clustering",13228722
154,"Building",7427541
154,"Probing",17374280
154,"OutputWriting",10764493
155,"BuildSideMaterializing",2736139
155,"ProbeSideMaterializing",62417831
155,"Clustering",74221071
155,"Building",6300020
155,"Probing",73552855
155,"OutputWriting",619043
156,"BuildSideMaterializing",2902442
156,"ProbeSideMaterializing",12031007
156,"Clustering",19123009
156,"Building",5076392
156,"Probing",16131234
156,"OutputWriting",10287936
157,"BuildSideMaterializing",2774624
157,"ProbeSideMaterializing",57261605
157,"Clustering",64753334
157,"Building",6127292
157,"Probing",72677688
157,"OutputWriting",625819
158,"BuildSideMaterializing",2660217
158,"ProbeSideMaterializing",11831667
158,"Clustering",12333998
158,"Building",5334542
158,"Probing",17855517
158,"OutputWriting",10257483
159,"BuildSideMaterializing",2805985
159,"ProbeSideMaterializing",58598802
159,"Clustering",70702868
159,"Building",5856988
159,"Probing",72888623
159,"OutputWriting",617436
160,"BuildSideMaterializing",2622360
160,"ProbeSideMaterializing",11683455
160,"Clustering",14699117
160,"Building",5210007
160,"Probing",14560403
160,"OutputWriting",11181683
161,"BuildSideMaterializing",2822748
161,"ProbeSideMaterializing",65600633
161,"Clustering",76295700
161,"Building",5770590
161,"Probing",83926143
161,"OutputWriting",687981
162,"BuildSideMaterializing",2737397
162,"ProbeSideMaterializing",11475523
162,"Clustering",13024843
162,"Building",5474443
162,"Probing",15489701
162,"OutputWriting",9359965
163,"BuildSideMaterializing",2715953
163,"ProbeSideMaterializing",63201920
163,"Clustering",68046213
163,"Building",6222771
163,"Probing",71599339
163,"OutputWriting",627494
164,"BuildSideMaterializing",2912081
164,"ProbeSideMaterializing",11794300
164,"Clustering",10715113
164,"Building",6762121
164,"Probing",13069615
164,"OutputWriting",9159019
165,"BuildSideMaterializing",2752692
165,"ProbeSideMaterializing",59980562
165,"Clustering",73018676
165,"Building",5900432
165,"Probing",71177470
165,"OutputWriting",628752
166,"BuildSideMaterializing",3407357
166,"ProbeSideMaterializing",13104677
166,"Clustering",10897131
166,"Building",5270074
166,"Probing",11564857
166,"OutputWriting",8149537
167,"BuildSideMaterializing",2718258
167,"ProbeSideMaterializing",59137593
167,"Clustering",68093570
167,"Building",6923045
167,"Probing",74105545
167,"OutputWriting",617646
168,"BuildSideMaterializing",2868706
168,"ProbeSideMaterializing",12013825
168,"Clustering",8658992
168,"Building",5250448
168,"Probing",10705334
168,"OutputWriting",7223522
169,"BuildSideMaterializing",2710715
169,"ProbeSideMaterializing",85458700
169,"Clustering",68242690
169,"Building",5704235
169,"Probing",74942437
169,"OutputWriting",631406
170,"BuildSideMaterializing",4817055
170,"ProbeSideMaterializing",8251372
170,"Clustering",9442383
170,"Building",4482354
170,"Probing",9093992
170,"OutputWriting",6967397
171,"BuildSideMaterializing",2682079
171,"ProbeSideMaterializing",57907398
171,"Clustering",65655532
171,"Building",5950303
171,"Probing",81912419
171,"OutputWriting",617856
172,"BuildSideMaterializing",3562136
172,"ProbeSideMaterializing",8751817
172,"Clustering",6578007
172,"Building",4552129
172,"Probing",8244317
172,"OutputWriting",7292809
173,"BuildSideMaterializing",2658401
173,"ProbeSideMaterializing",58210250
173,"Clustering",70844096
173,"Building",5805442
173,"Probing",71631189
173,"OutputWriting",670799
174,"BuildSideMaterializing",2829244
174,"ProbeSideMaterializing",6959015
174,"Clustering",9183673
174,"Building",4682322
174,"Probing",7712233
174,"OutputWriting",6201119
175,"BuildSideMaterializing",2662033
175,"ProbeSideMaterializing",56152662
175,"Clustering",64113197
175,"Building",6081683
175,"Probing",82101352
175,"OutputWriting",743019
176,"BuildSideMaterializing",2920741
176,"ProbeSideMaterializing",6491538
176,"Clustering",8346712
176,"Building",4340357
176,"Probing",8121529
176,"OutputWriting",5593460
177,"BuildSideMaterializing",2656026
177,"ProbeSideMaterializing",57843629
177,"Clustering",74083544
177,"Building",5850284
177,"Probing",72209931
177,"OutputWriting",623933
178,"BuildSideMaterializing",2864376
178,"ProbeSideMaterializing",5981454
178,"Clustering",6945116
178,"Building",4424382
178,"Probing",6948749
178,"OutputWriting",5106147
179,"BuildSideMaterializing",2628227
179,"ProbeSideMaterializing",59191165
179,"Clustering",72761643
179,"Building",5861528
179,"Probing",73414491
179,"OutputWriting",622395
180,"BuildSideMaterializing",2841187
180,"ProbeSideMaterializing",6604478
180,"Clustering",5311982
180,"Building",3864708
180,"Probing",6378528
180,"OutputWriting",5102165
181,"BuildSideMaterializing",2644222
181,"ProbeSideMaterializing",59068375
181,"Clustering",67574265
181,"Building",5817246
181,"Probing",70921695
181,"OutputWriting",620301
182,"BuildSideMaterializing",3200194
182,"ProbeSideMaterializing",5050340
182,"Clustering",5159648
182,"Building",3953342
182,"Probing",5855452
182,"OutputWriting",4044630
183,"BuildSideMaterializing",2613978
183,"ProbeSideMaterializing",61511512
183,"Clustering",66979180
183,"Building",5742721
183,"Probing",77027684
183,"OutputWriting",614713
184,"BuildSideMaterializing",3021878
184,"ProbeSideMaterializing",4407060
184,"Clustering",3955646
184,"Building",3423352
184,"Probing",4355374
184,"OutputWriting",3485654
185,"BuildSideMaterializing",2852223
185,"ProbeSideMaterializing",57005620
185,"Clustering",61219556
185,"Building",5848258
185,"Probing",70492283
185,"OutputWriting",612199
186,"BuildSideMaterializing",2800886
186,"ProbeSideMaterializing",3770625
186,"Clustering",3912831
186,"Building",3966612
186,"Probing",3798633
186,"OutputWriting",3044928
187,"BuildSideMaterializing",2894759
187,"ProbeSideMaterializing",65913123
187,"Clustering",70697560
187,"Building",6183518
187,"Probing",72729094
187,"OutputWriting",621418
188,"BuildSideMaterializing",2833854
188,"ProbeSideMaterializing",3323961
188,"Clustering",3249296
188,"Building",4448339
188,"Probing",3526094
188,"OutputWriting",2722589
189,"BuildSideMaterializing",2575005
189,"ProbeSideMaterializing",57370494
189,"Clustering",64130449
189,"Building",6771550
189,"Probing",73555720
189,"OutputWriting",624142
190,"BuildSideMaterializing",1006617
190,"ProbeSideMaterializing",3162757
190,"Clustering",1805094
190,"Building",246347
190,"Probing",3037105
190,"OutputWriting",2217883
191,"BuildSideMaterializing",2557892
191,"ProbeSideMaterializing",58158774
191,"Clustering",64685095
191,"Building",5586825
191,"Probing",75228177
191,"OutputWriting",641533
192,"BuildSideMaterializing",961637
192,"ProbeSideMaterializing",2148736
192,"Clustering",2207546
192,"Building",276030
192,"Probing",2639892
192,"OutputWriting",1702002
193,"BuildSideMaterializing",2559918
193,"ProbeSideMaterializing",59776961
193,"Clustering",60985712
193,"Building",7829015
193,"Probing",75005439
193,"OutputWriting",625539
194,"BuildSideMaterializing",921825
194,"ProbeSideMaterializing",1566222
194,"Clustering",1077580
194,"Building",207791
194,"Probing",1903437
194,"OutputWriting",1369816
195,"BuildSideMaterializing",2599660
195,"ProbeSideMaterializing",60839665
195,"Clustering",66197116
195,"Building",5594648
195,"Probing",75835206
195,"OutputWriting",618345
196,"BuildSideMaterializing",844995
196,"ProbeSideMaterializing",1252474
196,"Clustering",823412
196,"Building",127119
196,"Probing",1195271
196,"OutputWriting",909043
197,"BuildSideMaterializing",2679285
197,"ProbeSideMaterializing",63872299
197,"Clustering",67376463
197,"Building",6084267
197,"Probing",78500801
197,"OutputWriting",612058
198,"BuildSideMaterializing",804064
198,"ProbeSideMaterializing",570291
198,"Clustering",382126
198,"Building",85840
198,"Probing",584400
198,"OutputWriting",480818
199,"BuildSideMaterializing",2656306
199,"ProbeSideMaterializing",58548443
199,"Clustering",73211310
199,"Building",5837642
199,"Probing",78307259
199,"OutputWriting",619881
200,"BuildSideMaterializing",5202045
200,"ProbeSideMaterializing",98241876
200,"Clustering",100812341
200,"Building",11791157
200,"Probing",148387801
200,"OutputWriting",53487278
201,"BuildSideMaterializing",5935775
201,"ProbeSideMaterializing",104335432
201,"Clustering",97263407
201,"Building",11385353
201,"Probing",144366848
201,"OutputWriting",796242
202,"BuildSideMaterializing",5800413
202,"ProbeSideMaterializing",114685740
202,"Clustering",100724614
202,"Building",10418967
202,"Probing",146851264
202,"OutputWriting",55955349
203,"BuildSideMaterializing",5777155
203,"ProbeSideMaterializing",103513417
203,"Clustering",96577661
203,"Building",11219120
203,"Probing",147199445
203,"OutputWriting",795614
204,"BuildSideMaterializing",5595835
204,"ProbeSideMaterializing",102829138
204,"Clustering",90197178
204,"Building",13115922
204,"Probing",137521682
204,"OutputWriting",53732716
205,"BuildSideMaterializing",5706332
205,"ProbeSideMaterializing",104837274
205,"Clustering",102075991
205,"Building",11271295
205,"Probing",139012191
205,"OutputWriting",772983
206,"BuildSideMaterializing",5526269
206,"ProbeSideMaterializing",99028968
206,"Clustering",86459171
206,"Building",11046461
206,"Probing",139275649
206,"OutputWriting",54868968
207,"BuildSideMaterializing",5774501
207,"ProbeSideMaterializing",103853985
207,"Clustering",92383490
207,"Building",12779824
207,"Probing",141229306
207,"OutputWriting",808325
208,"BuildSideMaterializing",5664563
208,"ProbeSideMaterializing",98855052
208,"Clustering",92805848
208,"Building",10817087
208,"Probing",137766841
208,"OutputWriting",52760812
209,"BuildSideMaterializing",5747960
209,"ProbeSideMaterializing",99809006
209,"Clustering",98806370
209,"Building",11255719
209,"Probing",142223771
209,"OutputWriting",782063
210,"BuildSideMaterializing",5563078
210,"ProbeSideMaterializing",102040648
210,"Clustering",90688613
210,"Building",10563477
210,"Probing",141424036
210,"OutputWriting",53910823
211,"BuildSideMaterializing",5627545
211,"ProbeSideMaterializing",105200053
211,"Clustering",93542092
211,"Building",12165949
211,"Probing",140038156
211,"OutputWriting",777942
212,"BuildSideMaterializing",5622516
212,"ProbeSideMaterializing",90849537
212,"Clustering",93122529
212,"Building",10376151
212,"Probing",146561683
212,"OutputWriting",52912097
213,"BuildSideMaterializing",5682654
213,"ProbeSideMaterializing",99210218
213,"Clustering",96273343
213,"Building",10896363
213,"Probing",147732438
213,"OutputWriting",831444
214,"BuildSideMaterializing",5596604
214,"ProbeSideMaterializing",91941715
214,"Clustering",88821913
214,"Building",10824002
214,"Probing",147152090
214,"OutputWriting",48268889
215,"BuildSideMaterializing",5674621
215,"ProbeSideMaterializing",101137333
215,"Clustering",104155579
215,"Building",11338696
215,"Probing",148864498
215,"OutputWriting",781924
216,"BuildSideMaterializing",5357312
216,"ProbeSideMaterializing",97286385
216,"Clustering",87398387
216,"Building",10988628
216,"Probing",135486655
216,"OutputWriting",49940229
217,"BuildSideMaterializing",5461870
217,"ProbeSideMaterializing",103102724
217,"Clustering",91664777
217,"Building",13000537
217,"Probing",141272331
217,"OutputWriting",781714
218,"BuildSideMaterializing",5417100
218,"ProbeSideMaterializing",95371214
218,"Clustering",85748071
218,"Building",11895157
218,"Probing",129158975
218,"OutputWriting",49907821
219,"BuildSideMaterializing",5578723
219,"ProbeSideMaterializing",103920060
219,"Clustering",96482880
219,"Building",11256208
219,"Probing",137850795
219,"OutputWriting",1004592
220,"BuildSideMaterializing",5528574
220,"ProbeSideMaterializing",93498857
220,"Clustering",79969938
220,"Building",11126364
220,"Probing",131416112
220,"OutputWriting",48176413
221,"BuildSideMaterializing",5488901
221,"ProbeSideMaterializing",99283836
221,"Clustering",97725227
221,"Building",11023552
221,"Probing",142565665
221,"OutputWriting",767676
222,"BuildSideMaterializing",5501823
222,"ProbeSideMaterializing",87902464
222,"Clustering",84932341
222,"Building",11302446
222,"Probing",131547282
222,"OutputWriting",48379525
223,"BuildSideMaterializing",5599117
223,"ProbeSideMaterializing",103045800
223,"Clustering",94672965
223,"Building",10907817
223,"Probing",139511658
223,"OutputWriting",798127
224,"BuildSideMaterializing",5465643
224,"ProbeSideMaterializing",89302103
224,"Clustering",81786138
224,"Building",11682477
224,"Probing",128429087
224,"OutputWriting",46027677
225,"BuildSideMaterializing",5625868
225,"ProbeSideMaterializing",99027013
225,"Clustering",95869843
225,"Building",10835177
225,"Probing",139246174
225,"OutputWriting",1019889
226,"BuildSideMaterializing",5618815
226,"ProbeSideMaterializing",91478568
226,"Clustering",84390687
226,"Building",11642665
226,"Probing",128953908
226,"OutputWriting",46516598
227,"BuildSideMaterializing",5514674
227,"ProbeSideMaterializing",102038763
227,"Clustering",95502245
227,"Building",10867586
227,"Probing",139791740
227,"OutputWriting",927691
228,"BuildSideMaterializing",5555325
228,"ProbeSideMaterializing",87655349
228,"Clustering",81426432
228,"Building",11895018
228,"Probing",127972086
228,"OutputWriting",45981998
229,"BuildSideMaterializing",5534021
229,"ProbeSideMaterializing",99611692
229,"Clustering",89823852
229,"Building",10820859
229,"Probing",139165573
229,"OutputWriting",779130
230,"BuildSideMaterializing",5531438
230,"ProbeSideMaterializing",85053803
230,"Clustering",78151153
230,"Building",13242482
230,"Probing",124467294
230,"OutputWriting",47000001
231,"BuildSideMaterializing",5799995
231,"ProbeSideMaterializing",99504548
231,"Clustering",88566558
231,"Building",12199615
231,"Probing",138644244
231,"OutputWriting",800223
232,"BuildSideMaterializing",5550785
232,"ProbeSideMaterializing",88407798
232,"Clustering",84209578
232,"Building",12255491
232,"Probing",126337136
232,"OutputWriting",45515429
233,"BuildSideMaterializing",5668405
233,"ProbeSideMaterializing",100487558
233,"Clustering",93066233
233,"Building",11327590
233,"Probing",141517560
233,"OutputWriting",777942
234,"BuildSideMaterializing",5504058
234,"ProbeSideMaterializing",84819750
234,"Clustering",79057682
234,"Building",11721451
234,"Probing",121747219
234,"OutputWriting",45483579
235,"BuildSideMaterializing",5573694
235,"ProbeSideMaterializing",103000609
235,"Clustering",91745379
235,"Building",12796866
235,"Probing",137066147
235,"OutputWriting",779339
236,"BuildSideMaterializing",5480450
236,"ProbeSideMaterializing",79092326
236,"Clustering",83148061
236,"Building",11483695
236,"Probing",120274940
236,"OutputWriting",45713022
237,"BuildSideMaterializing",5513836
237,"ProbeSideMaterializing",101089419
237,"Clustering",95019470
237,"Building",11640011
237,"Probing",140603977
237,"OutputWriting",855820
238,"BuildSideMaterializing",5539749
238,"ProbeSideMaterializing",82709779
238,"Clustering",77775663
238,"Building",12913159
238,"Probing",120218435
238,"OutputWriting",43824951
239,"BuildSideMaterializing",5669243
239,"ProbeSideMaterializing",98497022
239,"Clustering",93919748
239,"Building",11544671
239,"Probing",139581225
239,"OutputWriting",828161
240,"BuildSideMaterializing",5562239
240,"ProbeSideMaterializing",80761710
240,"Clustering",77348625
240,"Building",11323749
240,"Probing",117250547
240,"OutputWriting",42063439
241,"BuildSideMaterializing",5714224
241,"ProbeSideMaterializing",98258918
241,"Clustering",96292549
241,"Building",11199074
241,"Probing",144258518
241,"OutputWriting",872584
242,"BuildSideMaterializing",5636415
242,"ProbeSideMaterializing",77875822
242,"Clustering",78711387
242,"Building",13125840
242,"Probing",116514024
242,"OutputWriting",41648835
243,"BuildSideMaterializing",5697740
243,"ProbeSideMaterializing",99925998
243,"Clustering",92316160
243,"Building",10652950
243,"Probing",144364054
243,"OutputWriting",786463
244,"BuildSideMaterializing",5884019
244,"ProbeSideMaterializing",81582537
244,"Clustering",75732114
244,"Building",12406568
244,"Probing",117721029
244,"OutputWriting",42980934
245,"BuildSideMaterializing",5722675
245,"ProbeSideMaterializing",130271060
245,"Clustering",89346736
245,"Building",10818275
245,"Probing",150021774
245,"OutputWriting",984197
246,"BuildSideMaterializing",5390209
246,"ProbeSideMaterializing",77932885
246,"Clustering",79753556
246,"Building",13475278
246,"Probing",116229682
246,"OutputWriting",42184343
247,"BuildSideMaterializing",5578234
247,"ProbeSideMaterializing",106050985
247,"Clustering",91137302
247,"Building",11778794
247,"Probing",144717125
247,"OutputWriting",817126
248,"BuildSideMaterializing",5537165
248,"ProbeSideMaterializing",78351541
248,"Clustering",75526140
248,"Building",12555689
248,"Probing",113904375
248,"OutputWriting",41709602
249,"BuildSideMaterializing",5585707
249,"ProbeSideMaterializing",99902251
249,"Clustering",92157749
249,"Building",12333160
249,"Probing",142687825
249,"OutputWriting",788070
250,"BuildSideMaterializing",5574951
250,"ProbeSideMaterializing",73959987
250,"Clustering",69300714
250,"Building",10623335
250,"Probing",110547168
250,"OutputWriting",41315741
251,"BuildSideMaterializing",5505874
251,"ProbeSideMaterializing",102291395
251,"Clustering",95717369
251,"Building",11848011
251,"Probing",151447955
251,"OutputWriting",943896
252,"BuildSideMaterializing",5414167
252,"ProbeSideMaterializing",75603807
252,"Clustering",71079127
252,"Building",12006212
252,"Probing",111577463
252,"OutputWriting",39960174
253,"BuildSideMaterializing",5549876
253,"ProbeSideMaterializing",100121357
253,"Clustering",94458050
253,"Building",11766431
253,"Probing",141911489
253,"OutputWriting",775987
254,"BuildSideMaterializing",5612598
254,"ProbeSideMaterializing",77264321
254,"Clustering",68812841
254,"Building",11769435
254,"Probing",111677971
254,"OutputWriting",39639442
255,"BuildSideMaterializing",5550505
255,"ProbeSideMaterializing",102115873
255,"Clustering",100511096
255,"Building",11120777
255,"Probing",141880059
255,"OutputWriting",835495
256,"BuildSideMaterializing",5611062
256,"ProbeSideMaterializing",72401378
256,"Clustering",68217545
256,"Building",12330716
256,"Probing",108129735
256,"OutputWriting",40566575
257,"BuildSideMaterializing",5585777
257,"ProbeSideMaterializing",99902390
257,"Clustering",97173305
257,"Building",11390172
257,"Probing",143476315
257,"OutputWriting",848906
258,"BuildSideMaterializing",5606522
258,"ProbeSideMaterializing",69090059
258,"Clustering",68863689
258,"Building",12629376
258,"Probing",104146918
258,"OutputWriting",40560568
259,"BuildSideMaterializing",5542683
259,"ProbeSideMaterializing",99228518
259,"Clustering",96878486
259,"Building",11237978
259,"Probing",142277133
259,"OutputWriting",806370
260,"BuildSideMaterializing",5568805
260,"ProbeSideMaterializing",69880294
260,"Clustering",69567106
260,"Building",13244927
260,"Probing",100570884
260,"OutputWriting",38754635
261,"BuildSideMaterializing",5527037
261,"ProbeSideMaterializing",99951352
261,"Clustering",94398541
261,"Building",11604040
261,"Probing",141656623
261,"OutputWriting",838290
262,"BuildSideMaterializing",5392724
262,"ProbeSideMaterializing",77708820
262,"Clustering",68927807
262,"Building",13065913
262,"Probing",101211020
262,"OutputWriting",38594828
263,"BuildSideMaterializing",5503988
263,"ProbeSideMaterializing",103483803
263,"Clustering",92185967
263,"Building",11244893
263,"Probing",143960346
263,"OutputWriting",845483
264,"BuildSideMaterializing",5541356
264,"ProbeSideMaterializing",69766445
264,"Clustering",64061232
264,"Building",11983652
264,"Probing",98813633
264,"OutputWriting",39134037
265,"BuildSideMaterializing",5587523
265,"ProbeSideMaterializing",103911329
265,"Clustering",97933018
265,"Building",11423000
265,"Probing",141911978
265,"OutputWriting",849884
266,"BuildSideMaterializing",5552251
266,"ProbeSideMaterializing",75230482
266,"Clustering",61475751
266,"Building",12269182
266,"Probing",98417678
266,"OutputWriting",37750044
267,"BuildSideMaterializing",5699696
267,"ProbeSideMaterializing",103996052
267,"Clustering",97587630
267,"Building",11492915
267,"Probing",143659381
267,"OutputWriting",948575
268,"BuildSideMaterializing",5553579
268,"ProbeSideMaterializing",65731943
268,"Clustering",65952935
268,"Building",11793042
268,"Probing",97767484
268,"OutputWriting",35543545
269,"BuildSideMaterializing",5815919
269,"ProbeSideMaterializing",105585812
269,"Clustering",95848820
269,"Building",11288896
269,"Probing",143160472
269,"OutputWriting",798198
270,"BuildSideMaterializing",5568875
270,"ProbeSideMaterializing",65199858
270,"Clustering",61271103
270,"Building",12249205
270,"Probing",89354488
270,"OutputWriting",37244290
271,"BuildSideMaterializing",5692711
271,"ProbeSideMaterializing",102074245
271,"Clustering",93100947
271,"Building",11483486
271,"Probing",145032199
271,"OutputWriting",792261
272,"BuildSideMaterializing",5380850
272,"ProbeSideMaterializing",68622511
272,"Clustering",66473985
272,"Building",12752514
272,"Probing",89103323
272,"OutputWriting",35139696
273,"BuildSideMaterializing",5330771
273,"ProbeSideMaterializing",98624631
273,"Clustering",93166811
273,"Building",11277231
273,"Probing",143313504
273,"OutputWriting",788699
274,"BuildSideMaterializing",5545267
274,"ProbeSideMaterializing",62320466
274,"Clustering",60322247
274,"Building",11987912
274,"Probing",85127910
274,"OutputWriting",36354385
275,"BuildSideMaterializing",5313099
275,"ProbeSideMaterializing",101237004
275,"Clustering",92052282
275,"Building",11547535
275,"Probing",162791470
275,"OutputWriting",893816
276,"BuildSideMaterializing",5671269
276,"ProbeSideMaterializing",64945549
276,"Clustering",67373529
276,"Building",13456839
276,"Probing",90256896
276,"OutputWriting",34461703
277,"BuildSideMaterializing",5322878
277,"ProbeSideMaterializing",104071066
277,"Clustering",108722237
277,"Building",11283936
277,"Probing",161223431
277,"OutputWriting",787721
278,"BuildSideMaterializing",5534650
278,"ProbeSideMaterializing",58688694
278,"Clustering",64206162
278,"Building",12053079
278,"Probing",82983225
278,"OutputWriting",34454649
279,"BuildSideMaterializing",5244441
279,"ProbeSideMaterializing",98507918
279,"Clustering",94105050
279,"Building",11203614
279,"Probing",141959683
279,"OutputWriting",1030365
280,"BuildSideMaterializing",5523824
280,"ProbeSideMaterializing",66484392
280,"Clustering",59366268
280,"Building",12134239
280,"Probing",81452414
280,"OutputWriting",33239472
281,"BuildSideMaterializing",5449858
281,"ProbeSideMaterializing",107409345
281,"Clustering",89508638
281,"Building",11325076
281,"Probing",142596747
281,"OutputWriting",782971
282,"BuildSideMaterializing",5592692
282,"ProbeSideMaterializing",64349695
282,"Clustering",55830115
282,"Building",10951750
282,"Probing",80031123
282,"OutputWriting",31255433
283,"BuildSideMaterializing",5274754
283,"ProbeSideMaterializing",103143514
283,"Clustering",92431405
283,"Building",11584553
283,"Probing",143563342
283,"OutputWriting",776825
284,"BuildSideMaterializing",5761789
284,"ProbeSideMaterializing",63143598
284,"Clustering",58811413
284,"Building",11767269
284,"Probing",80320144
284,"OutputWriting",31798833
285,"BuildSideMaterializing",5411582
285,"ProbeSideMaterializing",100717071
285,"Clustering",95695368
285,"Building",11828524
285,"Probing",141027591
285,"OutputWriting",874399
286,"BuildSideMaterializing",5729171
286,"ProbeSideMaterializing",57047807
286,"Clustering",55258218
286,"Building",11053376
286,"Probing",81038857
286,"OutputWriting",33082599
287,"BuildSideMaterializing",5317779
287,"ProbeSideMaterializing",101727670
287,"Clustering",96406888
287,"Building",11468818
287,"Probing",140954742
287,"OutputWriting",868741
288,"BuildSideMaterializing",5539120
288,"ProbeSideMaterializing",53830361
288,"Clustering",54958789
288,"Building",11231133
288,"Probing",77465128
288,"OutputWriting",30663839
289,"BuildSideMaterializing",5823952
289,"ProbeSideMaterializing",100299393
289,"Clustering",95913287
289,"Building",12040297
289,"Probing",141537117
289,"OutputWriting",837870
290,"BuildSideMaterializing",5659465
290,"ProbeSideMaterializing",57819812
290,"Clustering",55198779
290,"Building",11049674
290,"Probing",78067408
290,"OutputWriting",29898678
291,"BuildSideMaterializing",5598769
291,"ProbeSideMaterializing",100427420
291,"Clustering",97194329
291,"Building",12354044
291,"Probing",144338911
291,"OutputWriting",976723
292,"BuildSideMaterializing",5622237
292,"ProbeSideMaterializing",50855977
292,"Clustering",53119470
292,"Building",11413221
292,"Probing",75256535
292,"OutputWriting",29674682
293,"BuildSideMaterializing",5618395
293,"ProbeSideMaterializing",100212365
293,"Clustering",95788263
293,"Building",12680643
293,"Probing",140367129
293,"OutputWriting",776196
294,"BuildSideMaterializing",5514675
294,"ProbeSideMaterializing",54965075
294,"Clustering",51929856
294,"Building",12084160
294,"Probing",75993826
294,"OutputWriting",30109822
295,"BuildSideMaterializing",5365903
295,"ProbeSideMaterializing",102527823
295,"Clustering",93862266
295,"Building",11854507
295,"Probing",142389724
295,"OutputWriting",831025
296,"BuildSideMaterializing",5369675
296,"ProbeSideMaterializing",56913214
296,"Clustering",52448321
296,"Building",11567929
296,"Probing",71371153
296,"OutputWriting",28791902
297,"BuildSideMaterializing",5233126
297,"ProbeSideMaterializing",104632696
297,"Clustering",96562294
297,"Building",11965561
297,"Probing",141662769
297,"OutputWriting",780876
298,"BuildSideMaterializing",5627266
298,"ProbeSideMaterializing",51195917
298,"Clustering",53767080
298,"Building",12495761
298,"Probing",69862204
298,"OutputWriting",27826842
299,"BuildSideMaterializing",5160277
299,"ProbeSideMaterializing",102246833
299,"Clustering",97096824
299,"Building",11266964
299,"Probing",140315793
299,"OutputWriting",784578
300,"BuildSideMaterializing",5811240
300,"ProbeSideMaterializing",54407147
300,"Clustering",49946306
300,"Building",11780331
300,"Probing",71054612
300,"OutputWriting",29172561
301,"BuildSideMaterializing",5603379
301,"ProbeSideMaterializing",104908936
301,"Clustering",94081721
301,"Building",11482788
301,"Probing",140098782
301,"OutputWriting",922663
302,"BuildSideMaterializing",5430301
302,"ProbeSideMaterializing",48596885
302,"Clustering",47921267
302,"Building",11184686
302,"Probing",67135285
302,"OutputWriting",24922444
303,"BuildSideMaterializing",5317430
303,"ProbeSideMaterializing",97895022
303,"Clustering",90984409
303,"Building",12610099
303,"Probing",138795040
303,"OutputWriting",789886
304,"BuildSideMaterializing",5373935
304,"ProbeSideMaterializing",48157904
304,"Clustering",44015141
304,"Building",11523857
304,"Probing",65988976
304,"OutputWriting",24154560
305,"BuildSideMaterializing",5426809
305,"ProbeSideMaterializing",100742634
305,"Clustering",93810789
305,"Building",12210511
305,"Probing",138744472
305,"OutputWriting",822295
306,"BuildSideMaterializing",5351026
306,"ProbeSideMaterializing",47058811
306,"Clustering",49097120
306,"Building",11656564
306,"Probing",64960706
306,"OutputWriting",23896550
307,"BuildSideMaterializing",5451744
307,"ProbeSideMaterializing",100639961
307,"Clustering",91833036
307,"Building",11445071
307,"Probing",142365069
307,"OutputWriting",781155
308,"BuildSideMaterializing",5339431
308,"ProbeSideMaterializing",46601111
308,"Clustering",44362624
308,"Building",11017195
308,"Probing",65009249
308,"OutputWriting",23538730
309,"BuildSideMaterializing",5465922
309,"ProbeSideMaterializing",95177881
309,"Clustering",100067994
309,"Building",11495779
309,"Probing",139535546
309,"OutputWriting",859103
310,"BuildSideMaterializing",5381757
310,"ProbeSideMaterializing",46345337
310,"Clustering",41924237
310,"Building",11517221
310,"Probing",66426559
310,"OutputWriting",24311783
311,"BuildSideMaterializing",5570760
311,"ProbeSideMaterializing",100659728
311,"Clustering",93581905
311,"Building",12513222
311,"Probing",140227228
311,"OutputWriting",771656
312,"BuildSideMaterializing",5326161
312,"ProbeSideMaterializing",43925389
312,"Clustering",43471112
312,"Building",11485651
312,"Probing",63779264
312,"OutputWriting",24721708
313,"BuildSideMaterializing",5166983
313,"ProbeSideMaterializing",102100367
313,"Clustering",96040267
313,"Building",11201379
313,"Probing",138859228
313,"OutputWriting",867904
314,"BuildSideMaterializing",5372329
314,"ProbeSideMaterializing",41358417
314,"Clustering",44343486
314,"Building",11207945
314,"Probing",63071657
314,"OutputWriting",22993095
315,"BuildSideMaterializing",5452651
315,"ProbeSideMaterializing",96515358
315,"Clustering",93396534
315,"Building",12936488
315,"Probing",143340326
315,"OutputWriting",1019190
316,"BuildSideMaterializing",5437215
316,"ProbeSideMaterializing",44151340
316,"Clustering",39399801
316,"Building",11037591
316,"Probing",60651151
316,"OutputWriting",22664191
317,"BuildSideMaterializing",5428765
317,"ProbeSideMaterializing",102612755
317,"Clustering",97712445
317,"Building",11527349
317,"Probing",144097174
317,"OutputWriting",776056
318,"BuildSideMaterializing",5289492
318,"ProbeSideMaterializing",40058796
318,"Clustering",40195764
318,"Building",10260416
318,"Probing",58601596
318,"OutputWriting",22102421
319,"BuildSideMaterializing",5343971
319,"ProbeSideMaterializing",103801671
319,"Clustering",99270146
319,"Building",11291480
319,"Probing",138826750
319,"OutputWriting",785765
320,"BuildSideMaterializing",5423874
320,"ProbeSideMaterializing",38840895
320,"Clustering",43771659
320,"Building",10781257
320,"Probing",58838304
320,"OutputWriting",21410528
321,"BuildSideMaterializing",5647172
321,"ProbeSideMaterializing",104894198
321,"Clustering",103250309
321,"Building",12666813
321,"Probing",147031815
321,"OutputWriting",780038
322,"BuildSideMaterializing",5336079
322,"ProbeSideMaterializing",40454612
322,"Clustering",37102433
322,"Building",10352892
322,"Probing",57156417
322,"OutputWriting",20541158
323,"BuildSideMaterializing",5211194
323,"ProbeSideMaterializing",108730409
323,"Clustering",99689989
323,"Building",12789882
323,"Probing",139257000
323,"OutputWriting",782553
324,"BuildSideMaterializing",5548270
324,"ProbeSideMaterializing",35291961
324,"Clustering",39825511
324,"Building",10162842
324,"Probing",53173321
324,"OutputWriting",20283427
325,"BuildSideMaterializing",5175014
325,"ProbeSideMaterializing",101877279
325,"Clustering",98622326
325,"Building",10978292
325,"Probing",139484698
325,"OutputWriting",778013
326,"BuildSideMaterializing",5111106
326,"ProbeSideMaterializing",36312267
326,"Clustering",40787777
326,"Building",10653928
326,"Probing",50780404
326,"OutputWriting",19534401
327,"BuildSideMaterializing",5448880
327,"ProbeSideMaterializing",102633081
327,"Clustering",97417486
327,"Building",11151160
327,"Probing",139060105
327,"OutputWriting",775079
328,"BuildSideMaterializing",5406064
328,"ProbeSideMaterializing",35018863
328,"Clustering",42959422
328,"Building",9317499
328,"Probing",49776371
328,"OutputWriting",19224286
329,"BuildSideMaterializing",5182697
329,"ProbeSideMaterializing",99418428
329,"Clustering",93589587
329,"Building",11225476
329,"Probing",138681261
329,"OutputWriting",786463
330,"BuildSideMaterializing",5348093
330,"ProbeSideMaterializing",38933720
330,"Clustering",37710092
330,"Building",9689078
330,"Probing",48028550
330,"OutputWriting",17581442
331,"BuildSideMaterializing",5209518
331,"ProbeSideMaterializing",103299759
331,"Clustering",97588399
331,"Building",11487677
331,"Probing",139900769
331,"OutputWriting",783251
332,"BuildSideMaterializing",5354588
332,"ProbeSideMaterializing",35370677
332,"Clustering",34211935
332,"Building",10465833
332,"Probing",47571410
332,"OutputWriting",16624695
333,"BuildSideMaterializing",5217202
333,"ProbeSideMaterializing",102096944
333,"Clustering",94120346
333,"Building",12712074
333,"Probing",141017743
333,"OutputWriting",873352
334,"BuildSideMaterializing",5174106
334,"ProbeSideMaterializing",32176838
334,"Clustering",35904368
334,"Building",11538873
334,"Probing",44917478
334,"OutputWriting",16828785
335,"BuildSideMaterializing",5224885
335,"ProbeSideMaterializing",103153990
335,"Clustering",95137091
335,"Building",11988751
335,"Probing",141356077
335,"OutputWriting",776546
336,"BuildSideMaterializing",5111106
336,"ProbeSideMaterializing",30226045
336,"Clustering",31743166
336,"Building",11529515
336,"Probing",43820271
336,"OutputWriting",16619876
337,"BuildSideMaterializing",5167890
337,"ProbeSideMaterializing",98615830
337,"Clustering",101395623
337,"Building",11594820
337,"Probing",141993698
337,"OutputWriting",877333
338,"BuildSideMaterializing",5327628
338,"ProbeSideMaterializing",28762915
338,"Clustering",34442915
338,"Building",9713314
338,"Probing",42504028
338,"OutputWriting",16587328
339,"BuildSideMaterializing",5154550
339,"ProbeSideMaterializing",98170075
339,"Clustering",93065325
339,"Building",11292946
339,"Probing",139289688
339,"OutputWriting",975885
340,"BuildSideMaterializing",5149032
340,"ProbeSideMaterializing",28982371
340,"Clustering",34925759
340,"Building",10082449
340,"Probing",39586848
340,"OutputWriting",17314352
341,"BuildSideMaterializing",5193314
341,"ProbeSideMaterializing",96367565
341,"Clustering",107986412
341,"Building",11438086
341,"Probing",160806383
341,"OutputWriting",777523
342,"BuildSideMaterializing",5251147
342,"ProbeSideMaterializing",27209196
342,"Clustering",29823384
342,"Building",9933119
342,"Probing",39011737
342,"OutputWriting",13458725
343,"BuildSideMaterializing",5069337
343,"ProbeSideMaterializing",100505159
343,"Clustering",105759100
343,"Building",11810573
343,"Probing",145972883
343,"OutputWriting",786953
344,"BuildSideMaterializing",5202883
344,"ProbeSideMaterializing",25905454
344,"Clustering",31512745
344,"Building",9487154
344,"Probing",37486654
344,"OutputWriting",15275624
345,"BuildSideMaterializing",5249330
345,"ProbeSideMaterializing",100592396
345,"Clustering",94997958
345,"Building",11696166
345,"Probing",144030751
345,"OutputWriting",925946
346,"BuildSideMaterializing",5029526
346,"ProbeSideMaterializing",25432109
346,"Clustering",27490046
346,"Building",9436446
346,"Probing",35595440
346,"OutputWriting",12820125
347,"BuildSideMaterializing",5202743
347,"ProbeSideMaterializing",101129650
347,"Clustering",91442808
347,"Building",11272971
347,"Probing",147398156
347,"OutputWriting",836683
348,"BuildSideMaterializing",5367091
348,"ProbeSideMaterializing",26440333
348,"Clustering",32393500
348,"Building",10035793
348,"Probing",34682905
348,"OutputWriting",13280897
349,"BuildSideMaterializing",12388966
349,"ProbeSideMaterializing",99067803
349,"Clustering",93554874
349,"Building",11847103
349,"Probing",156254114
349,"OutputWriting",819990
350,"BuildSideMaterializing",5319525
350,"ProbeSideMaterializing",23134952
350,"Clustering",27355314
350,"Building",8565189
350,"Probing",33777634
350,"OutputWriting",13826114
351,"BuildSideMaterializing",5507900
351,"ProbeSideMaterializing",101216329
351,"Clustering",91227054
351,"Building",11122593
351,"Probing",149034992
351,"OutputWriting",921616
352,"BuildSideMaterializing",5036929
352,"ProbeSideMaterializing",22784745
352,"Clustering",26066589
352,"Building",9241436
352,"Probing",32475778
352,"OutputWriting",12738126
353,"BuildSideMaterializing",5487016
353,"ProbeSideMaterializing",98667935
353,"Clustering",99183188
353,"Building",11407005
353,"Probing",148924426
353,"OutputWriting",891791
354,"BuildSideMaterializing",5328745
354,"ProbeSideMaterializing",21101601
354,"Clustering",23272478
354,"Building",9649336
354,"Probing",31904649
354,"OutputWriting",11793113
355,"BuildSideMaterializing",5352073
355,"ProbeSideMaterializing",99783513
355,"Clustering",98175104
355,"Building",11428518
355,"Probing",141325763
355,"OutputWriting",843527
356,"BuildSideMaterializing",5298991
356,"ProbeSideMaterializing",22637230
356,"Clustering",23216391
356,"Building",9818991
356,"Probing",30680182
356,"OutputWriting",11118612
357,"BuildSideMaterializing",5388463
357,"ProbeSideMaterializing",101771603
357,"Clustering",92115423
357,"Building",12281265
357,"Probing",140622346
357,"OutputWriting",788489
358,"BuildSideMaterializing",5360525
358,"ProbeSideMaterializing",21874235
358,"Clustering",21632080
358,"Building",8975883
358,"Probing",29287038
358,"OutputWriting",10397663
359,"BuildSideMaterializing",5401385
359,"ProbeSideMaterializing",103852448
359,"Clustering",93790673
359,"Building",11067694
359,"Probing",138895688
359,"OutputWriting",785136
360,"BuildSideMaterializing",5319595
360,"ProbeSideMaterializing",20889898
360,"Clustering",20914274
360,"Building",8907364
360,"Probing",27757485
360,"OutputWriting",9975027
361,"BuildSideMaterializing",5540168
361,"ProbeSideMaterializing",98135152
361,"Clustering",88964050
361,"Building",12484097
361,"Probing",138561546
361,"OutputWriting",778361
362,"BuildSideMaterializing",5353750
362,"ProbeSideMaterializing",18861506
362,"Clustering",19398272
362,"Building",8813211
362,"Probing",26157668
362,"OutputWriting",8664510
363,"BuildSideMaterializing",5222859
363,"ProbeSideMaterializing",99625102
363,"Clustering",94159600
363,"Building",11578337
363,"Probing",138644243
363,"OutputWriting",780247
364,"BuildSideMaterializing",5277059
364,"ProbeSideMaterializing",17760806
364,"Clustering",19240350
364,"Building",8624069
364,"Probing",24542833
364,"OutputWriting",8298867
365,"BuildSideMaterializing",5136390
365,"ProbeSideMaterializing",94362780
365,"Clustering",92084760
365,"Building",11244962
365,"Probing",138347469
365,"OutputWriting",781435
366,"BuildSideMaterializing",5285999
366,"ProbeSideMaterializing",17094059
366,"Clustering",21554900
366,"Building",8547937
366,"Probing",21788743
366,"OutputWriting",7867709
367,"BuildSideMaterializing",5138554
367,"ProbeSideMaterializing",100750807
367,"Clustering",95233338
367,"Building",11894040
367,"Probing",142519638
367,"OutputWriting",791214
368,"BuildSideMaterializing",5253521
368,"ProbeSideMaterializing",15969262
368,"Clustering",20609328
368,"Building",8400562
368,"Probing",21041184
368,"OutputWriting",7164502
369,"BuildSideMaterializing",5194431
369,"ProbeSideMaterializing",101514291
369,"Clustering",96563761
369,"Building",11070768
369,"Probing",140088514
369,"OutputWriting",781644
370,"BuildSideMaterializing",5303321
370,"ProbeSideMaterializing",13701788
370,"Clustering",17551758
370,"Building",8313954
370,"Probing",19227079
370,"OutputWriting",6710434
371,"BuildSideMaterializing",5113341
371,"ProbeSideMaterializing",102677712
371,"Clustering",96360231
371,"Building",11557173
371,"Probing",138530325
371,"OutputWriting",798827
372,"BuildSideMaterializing",5364506
372,"ProbeSideMaterializing",12998441
372,"Clustering",15116515
372,"Building",7942026
372,"Probing",17767862
372,"OutputWriting",6503272
373,"BuildSideMaterializing",5055438
373,"ProbeSideMaterializing",98907227
373,"Clustering",101233371
373,"Building",11424117
373,"Probing",137398404
373,"OutputWriting",801620
374,"BuildSideMaterializing",5283695
374,"ProbeSideMaterializing",11689461
374,"Clustering",14219904
374,"Building",7277792
374,"Probing",16330434
374,"OutputWriting",5880946
375,"BuildSideMaterializing",5078068
375,"ProbeSideMaterializing",98794775
375,"Clustering",92088392
375,"Building",11402814
375,"Probing",141339243
375,"OutputWriting",868742
376,"BuildSideMaterializing",5114738
376,"ProbeSideMaterializing",11019500
376,"Clustering",13465989
376,"Building",8127955
376,"Probing",15380113
376,"OutputWriting",5403759
377,"BuildSideMaterializing",5082888
377,"ProbeSideMaterializing",99921807
377,"Clustering",92934573
377,"Building",10374196
377,"Probing",139199378
377,"OutputWriting",818314
378,"BuildSideMaterializing",5291797
378,"ProbeSideMaterializing",10333475
378,"Clustering",14423505
378,"Building",6916061
378,"Probing",14306862
378,"OutputWriting",5188704
379,"BuildSideMaterializing",5068918
379,"ProbeSideMaterializing",100691927
379,"Clustering",93942309
379,"Building",11703919
379,"Probing",138135766
379,"OutputWriting",779549
380,"BuildSideMaterializing",5291238
380,"ProbeSideMaterializing",9361850
380,"Clustering",12094218
380,"Building",6752202
380,"Probing",13096086
380,"OutputWriting",4498628
381,"BuildSideMaterializing",4953115
381,"ProbeSideMaterializing",99183537
381,"Clustering",97403238
381,"Building",11693373
381,"Probing",141634132
381,"OutputWriting",1612111
382,"BuildSideMaterializing",5280622
382,"ProbeSideMaterializing",8386454
382,"Clustering",11261307
382,"Building",7780332
382,"Probing",11423488
382,"OutputWriting",3969545
383,"BuildSideMaterializing",4976723
383,"ProbeSideMaterializing",101846757
383,"Clustering",91875642
383,"Building",11361815
383,"Probing",139389847
383,"OutputWriting",780247
384,"BuildSideMaterializing",5156296
384,"ProbeSideMaterializing",8079761
384,"Clustering",10451654
384,"Building",6683125
384,"Probing",10189174
384,"OutputWriting",3689534
385,"BuildSideMaterializing",5000120
385,"ProbeSideMaterializing",97815677
385,"Clustering",98064258
385,"Building",11370965
385,"Probing",140425520
385,"OutputWriting",970997
386,"BuildSideMaterializing",5326510
386,"ProbeSideMaterializing",6597494
386,"Clustering",10834689
386,"Building",6566902
386,"Probing",8353836
386,"OutputWriting",3097800
387,"BuildSideMaterializing",4908553
387,"ProbeSideMaterializing",101113236
387,"Clustering",93958444
387,"Building",10431119
387,"Probing",140664952
387,"OutputWriting",1022473
388,"BuildSideMaterializing",5293542
388,"ProbeSideMaterializing",5595835
388,"Clustering",8613313
388,"Building",6496077
388,"Probing",7300911
388,"OutputWriting",2609159
389,"BuildSideMaterializing",4932929
389,"ProbeSideMaterializing",99958755
389,"Clustering",95660446
389,"Building",11552913
389,"Probing",145583912
389,"OutputWriting",775079
390,"BuildSideMaterializing",3780334
390,"ProbeSideMaterializing",4724508
390,"Clustering",4152821
390,"Building",586844
390,"Probing",5792940
390,"OutputWriting",2189176
391,"BuildSideMaterializing",4989224
391,"ProbeSideMaterializing",102812515
391,"Clustering",96729505
391,"Building",10736415
391,"Probing",142433866
391,"OutputWriting",766209
392,"BuildSideMaterializing",3791020
392,"ProbeSideMaterializing",3569609
392,"Clustering",4096386
392,"Building",428644
392,"Probing",3970872
392,"OutputWriting",1706891
393,"BuildSideMaterializing",5019189
393,"ProbeSideMaterializing",100279208
393,"Clustering",92551540
393,"Building",12412993
393,"Probing",141625402
393,"OutputWriting",970088
394,"BuildSideMaterializing",3650909
394,"ProbeSideMaterializing",2770154
394,"Clustering",2422601
394,"Building",398750
394,"Probing",3734794
394,"OutputWriting",1381829
395,"BuildSideMaterializing",4985033
395,"ProbeSideMaterializing",101895440
395,"Clustering",96234788
395,"Building",11062665
395,"Probing",140943497
395,"OutputWriting",779549
396,"BuildSideMaterializing",3585673
396,"ProbeSideMaterializing",1842672
396,"Clustering",1608409
396,"Building",250327
396,"Probing",1510206
396,"OutputWriting",997747
397,"BuildSideMaterializing",4985522
397,"ProbeSideMaterializing",100194276
397,"Clustering",102178804
397,"Building",11277022
397,"Probing",137884391
397,"OutputWriting",792470
398,"BuildSideMaterializing",3503605
398,"ProbeSideMaterializing",903944
398,"Clustering",825437
398,"Building",180342
398,"Probing",607938
398,"OutputWriting",477954
399,"BuildSideMaterializing",5118300
399,"ProbeSideMaterializing",99263231
399,"Clustering",97825316
399,"Building",11337788
399,"Probing",141612689
399,"OutputWriting",872374
