"65535_100000_sorted","65535_100000_int_Dictionary_0",0,"Dictionary","FixedSize2ByteAligned"
"65535_100000_sorted","65535_100000_int_Dictionary_0",1,"Dictionary","FixedSize2ByteAligned"
"65535_100000_sorted","65535_100000_long_Dictionary_0",0,"Dictionary","FixedSize2ByteAligned"
"65535_100000_sorted","65535_100000_long_Dictionary_0",1,"Dictionary","FixedSize2ByteAligned"
"65535_100000_sorted","65535_100000_float_Dictionary_0",0,"Dictionary","FixedSize2ByteAligned"
"65535_100000_sorted","65535_100000_float_Dictionary_0",1,"Dictionary","FixedSize2ByteAligned"
"65535_100000_sorted","65535_100000_double_Dictionary_0",0,"Dictionary","FixedSize2ByteAligned"
"65535_100000_sorted","65535_100000_double_Dictionary_0",1,"Dictionary","FixedSize2ByteAligned"
"65535_100000_sorted","65535_100000_string_Dictionary_0",0,"Dictionary","FixedSize2ByteAligned"
"65535_100000_sorted","65535_100000_string_Dictionary_0",1,"Dictionary","FixedSize2ByteAligned"
"65535_6000000_sorted","65535_6000000_int_Dictionary_0",0,"Dictionary","FixedSize1ByteAligned"
"65535_6000000_sorted","65535_6000000_int_Dictionary_0",1,"Dictionary","FixedSize1ByteAligned"
"65535_6000000_sorted","65535_6000000_int_Dictionary_0",2,"Dictionary","FixedSize1ByteAligned"
"65535_6000000_sorted","65535_6000000_int_Dictionary_0",3,"Dictionary","FixedSize1ByteAligned"
"65535_6000000_sorted","65535_6000000_int_Dictionary_0",4,"Dictionary","FixedSize1ByteAligned"
"65535_6000000_sorted","65535_6000000_int_Dictionary_0",5,"Dictionary","FixedSize1ByteAligned"
"65535_6000000_sorted","65535_6000000_int_Dictionary_0",6,"Dictionary","FixedSize1ByteAligned"
"65535_6000000_sorted","65535_6000000_int_Dictionary_0",7,"Dictionary","FixedSize1ByteAligned"
"65535_6000000_sorted","65535_6000000_int_Dictionary_0",8,"Dictionary","FixedSize1ByteAligned"
"65535_6000000_sorted","65535_6000000_int_Dictionary_0",9,"Dictionary","FixedSize1ByteAligned"
"65535_6000000_sorted","65535_6000000_int_Dictionary_0",10,"Dictionary","FixedSize1ByteAligned"
"65535_6000000_sorted","65535_6000000_int_Dictionary_0",11,"Dictionary","FixedSize1ByteAligned"
"65535_6000000_sorted","65535_6000000_int_Dictionary_0",12,"Dictionary","FixedSize1ByteAligned"
"65535_6000000_sorted","65535_6000000_int_Dictionary_0",13,"Dictionary","FixedSize1ByteAligned"
"65535_6000000_sorted","65535_6000000_int_Dictionary_0",14,"Dictionary","FixedSize1ByteAligned"
"65535_6000000_sorted","65535_6000000_int_Dictionary_0",15,"Dictionary","FixedSize1ByteAligned"
"65535_6000000_sorted","65535_6000000_int_Dictionary_0",16,"Dictionary","FixedSize1ByteAligned"
"65535_6000000_sorted","65535_6000000_int_Dictionary_0",17,"Dictionary","FixedSize1ByteAligned"
"65535_6000000_sorted","65535_6000000_int_Dictionary_0",18,"Dictionary","FixedSize1ByteAligned"
"65535_6000000_sorted","65535_6000000_int_Dictionary_0",19,"Dictionary","FixedSize1ByteAligned"
"65535_6000000_sorted","65535_6000000_int_Dictionary_0",20,"Dictionary","FixedSize1ByteAligned"
"65535_6000000_sorted","65535_6000000_int_Dictionary_0",21,"Dictionary","FixedSize1ByteAligned"
"65535_6000000_sorted","65535_6000000_int_Dictionary_0",22,"Dictionary","FixedSize1ByteAligned"
"65535_6000000_sorted","65535_6000000_int_Dictionary_0",23,"Dictionary","FixedSize1ByteAligned"
"65535_6000000_sorted","65535_6000000_int_Dictionary_0",24,"Dictionary","FixedSize1ByteAligned"
"65535_6000000_sorted","65535_6000000_int_Dictionary_0",25,"Dictionary","FixedSize1ByteAligned"
"65535_6000000_sorted","65535_6000000_int_Dictionary_0",26,"Dictionary","FixedSize1ByteAligned"
"65535_6000000_sorted","65535_6000000_int_Dictionary_0",27,"Dictionary","FixedSize1ByteAligned"
"65535_6000000_sorted","65535_6000000_int_Dictionary_0",28,"Dictionary","FixedSize1ByteAligned"
"65535_6000000_sorted","65535_6000000_int_Dictionary_0",29,"Dictionary","FixedSize1ByteAligned"
"65535_6000000_sorted","65535_6000000_int_Dictionary_0",30,"Dictionary","FixedSize1ByteAligned"
"65535_6000000_sorted","65535_6000000_int_Dictionary_0",31,"Dictionary","FixedSize1ByteAligned"
"65535_6000000_sorted","65535_6000000_int_Dictionary_0",32,"Dictionary","FixedSize1ByteAligned"
"65535_6000000_sorted","65535_6000000_int_Dictionary_0",33,"Dictionary","FixedSize1ByteAligned"
"65535_6000000_sorted","65535_6000000_int_Dictionary_0",34,"Dictionary","FixedSize1ByteAligned"
"65535_6000000_sorted","65535_6000000_int_Dictionary_0",35,"Dictionary","FixedSize1ByteAligned"
"65535_6000000_sorted","65535_6000000_int_Dictionary_0",36,"Dictionary","FixedSize1ByteAligned"
"65535_6000000_sorted","65535_6000000_int_Dictionary_0",37,"Dictionary","FixedSize1ByteAligned"
"65535_6000000_sorted","65535_6000000_int_Dictionary_0",38,"Dictionary","FixedSize1ByteAligned"
"65535_6000000_sorted","65535_6000000_int_Dictionary_0",39,"Dictionary","FixedSize1ByteAligned"
"65535_6000000_sorted","65535_6000000_int_Dictionary_0",40,"Dictionary","FixedSize1ByteAligned"
"65535_6000000_sorted","65535_6000000_int_Dictionary_0",41,"Dictionary","FixedSize1ByteAligned"
"65535_6000000_sorted","65535_6000000_int_Dictionary_0",42,"Dictionary","FixedSize1ByteAligned"
"65535_6000000_sorted","65535_6000000_int_Dictionary_0",43,"Dictionary","FixedSize1ByteAligned"
"65535_6000000_sorted","65535_6000000_int_Dictionary_0",44,"Dictionary","FixedSize1ByteAligned"
"65535_6000000_sorted","65535_6000000_int_Dictionary_0",45,"Dictionary","FixedSize1ByteAligned"
"65535_6000000_sorted","65535_6000000_int_Dictionary_0",46,"Dictionary","FixedSize1ByteAligned"
"65535_6000000_sorted","65535_6000000_int_Dictionary_0",47,"Dictionary","FixedSize1ByteAligned"
"65535_6000000_sorted","65535_6000000_int_Dictionary_0",48,"Dictionary","FixedSize1ByteAligned"
"65535_6000000_sorted","65535_6000000_int_Dictionary_0",49,"Dictionary","FixedSize1ByteAligned"
"65535_6000000_sorted","65535_6000000_int_Dictionary_0",50,"Dictionary","FixedSize1ByteAligned"
"65535_6000000_sorted","65535_6000000_int_Dictionary_0",51,"Dictionary","FixedSize1ByteAligned"
"65535_6000000_sorted","65535_6000000_int_Dictionary_0",52,"Dictionary","FixedSize1ByteAligned"
"65535_6000000_sorted","65535_6000000_int_Dictionary_0",53,"Dictionary","FixedSize1ByteAligned"
"65535_6000000_sorted","65535_6000000_int_Dictionary_0",54,"Dictionary","FixedSize1ByteAligned"
"65535_6000000_sorted","65535_6000000_int_Dictionary_0",55,"Dictionary","FixedSize1ByteAligned"
"65535_6000000_sorted","65535_6000000_int_Dictionary_0",56,"Dictionary","FixedSize1ByteAligned"
"65535_6000000_sorted","65535_6000000_int_Dictionary_0",57,"Dictionary","FixedSize1ByteAligned"
"65535_6000000_sorted","65535_6000000_int_Dictionary_0",58,"Dictionary","FixedSize1ByteAligned"
"65535_6000000_sorted","65535_6000000_int_Dictionary_0",59,"Dictionary","FixedSize1ByteAligned"
"65535_6000000_sorted","65535_6000000_int_Dictionary_0",60,"Dictionary","FixedSize1ByteAligned"
"65535_6000000_sorted","65535_6000000_int_Dictionary_0",61,"Dictionary","FixedSize1ByteAligned"
"65535_6000000_sorted","65535_6000000_int_Dictionary_0",62,"Dictionary","FixedSize1ByteAligned"
"65535_6000000_sorted","65535_6000000_int_Dictionary_0",63,"Dictionary","FixedSize1ByteAligned"
"65535_6000000_sorted","65535_6000000_int_Dictionary_0",64,"Dictionary","FixedSize1ByteAligned"
"65535_6000000_sorted","65535_6000000_int_Dictionary_0",65,"Dictionary","FixedSize1ByteAligned"
"65535_6000000_sorted","65535_6000000_int_Dictionary_0",66,"Dictionary","FixedSize1ByteAligned"
"65535_6000000_sorted","65535_6000000_int_Dictionary_0",67,"Dictionary","FixedSize1ByteAligned"
"65535_6000000_sorted","65535_6000000_int_Dictionary_0",68,"Dictionary","FixedSize1ByteAligned"
"65535_6000000_sorted","65535_6000000_int_Dictionary_0",69,"Dictionary","FixedSize1ByteAligned"
"65535_6000000_sorted","65535_6000000_int_Dictionary_0",70,"Dictionary","FixedSize1ByteAligned"
"65535_6000000_sorted","65535_6000000_int_Dictionary_0",71,"Dictionary","FixedSize1ByteAligned"
"65535_6000000_sorted","65535_6000000_int_Dictionary_0",72,"Dictionary","FixedSize1ByteAligned"
"65535_6000000_sorted","65535_6000000_int_Dictionary_0",73,"Dictionary","FixedSize1ByteAligned"
"65535_6000000_sorted","65535_6000000_int_Dictionary_0",74,"Dictionary","FixedSize1ByteAligned"
"65535_6000000_sorted","65535_6000000_int_Dictionary_0",75,"Dictionary","FixedSize1ByteAligned"
"65535_6000000_sorted","65535_6000000_int_Dictionary_0",76,"Dictionary","FixedSize1ByteAligned"
"65535_6000000_sorted","65535_6000000_int_Dictionary_0",77,"Dictionary","FixedSize1ByteAligned"
"65535_6000000_sorted","65535_6000000_int_Dictionary_0",78,"Dictionary","FixedSize1ByteAligned"
"65535_6000000_sorted","65535_6000000_int_Dictionary_0",79,"Dictionary","FixedSize1ByteAligned"
"65535_6000000_sorted","65535_6000000_int_Dictionary_0",80,"Dictionary","FixedSize1ByteAligned"
"65535_6000000_sorted","65535_6000000_int_Dictionary_0",81,"Dictionary","FixedSize1ByteAligned"
"65535_6000000_sorted","65535_6000000_int_Dictionary_0",82,"Dictionary","FixedSize1ByteAligned"
"65535_6000000_sorted","65535_6000000_int_Dictionary_0",83,"Dictionary","FixedSize1ByteAligned"
"65535_6000000_sorted","65535_6000000_int_Dictionary_0",84,"Dictionary","FixedSize1ByteAligned"
"65535_6000000_sorted","65535_6000000_int_Dictionary_0",85,"Dictionary","FixedSize1ByteAligned"
"65535_6000000_sorted","65535_6000000_int_Dictionary_0",86,"Dictionary","FixedSize1ByteAligned"
"65535_6000000_sorted","65535_6000000_int_Dictionary_0",87,"Dictionary","FixedSize1ByteAligned"
"65535_6000000_sorted","65535_6000000_int_Dictionary_0",88,"Dictionary","FixedSize1ByteAligned"
"65535_6000000_sorted","65535_6000000_int_Dictionary_0",89,"Dictionary","FixedSize1ByteAligned"
"65535_6000000_sorted","65535_6000000_int_Dictionary_0",90,"Dictionary","FixedSize1ByteAligned"
"65535_6000000_sorted","65535_6000000_int_Dictionary_0",91,"Dictionary","FixedSize1ByteAligned"
"65535_6000000_sorted","65535_6000000_long_Dictionary_0",0,"Dictionary","FixedSize1ByteAligned"
"65535_6000000_sorted","65535_6000000_long_Dictionary_0",1,"Dictionary","FixedSize1ByteAligned"
"65535_6000000_sorted","65535_6000000_long_Dictionary_0",2,"Dictionary","FixedSize1ByteAligned"
"65535_6000000_sorted","65535_6000000_long_Dictionary_0",3,"Dictionary","FixedSize1ByteAligned"
"65535_6000000_sorted","65535_6000000_long_Dictionary_0",4,"Dictionary","FixedSize1ByteAligned"
"65535_6000000_sorted","65535_6000000_long_Dictionary_0",5,"Dictionary","FixedSize1ByteAligned"
"65535_6000000_sorted","65535_6000000_long_Dictionary_0",6,"Dictionary","FixedSize1ByteAligned"
"65535_6000000_sorted","65535_6000000_long_Dictionary_0",7,"Dictionary","FixedSize1ByteAligned"
"65535_6000000_sorted","65535_6000000_long_Dictionary_0",8,"Dictionary","FixedSize1ByteAligned"
"65535_6000000_sorted","65535_6000000_long_Dictionary_0",9,"Dictionary","FixedSize1ByteAligned"
"65535_6000000_sorted","65535_6000000_long_Dictionary_0",10,"Dictionary","FixedSize1ByteAligned"
"65535_6000000_sorted","65535_6000000_long_Dictionary_0",11,"Dictionary","FixedSize1ByteAligned"
"65535_6000000_sorted","65535_6000000_long_Dictionary_0",12,"Dictionary","FixedSize1ByteAligned"
"65535_6000000_sorted","65535_6000000_long_Dictionary_0",13,"Dictionary","FixedSize1ByteAligned"
"65535_6000000_sorted","65535_6000000_long_Dictionary_0",14,"Dictionary","FixedSize1ByteAligned"
"65535_6000000_sorted","65535_6000000_long_Dictionary_0",15,"Dictionary","FixedSize1ByteAligned"
"65535_6000000_sorted","65535_6000000_long_Dictionary_0",16,"Dictionary","FixedSize1ByteAligned"
"65535_6000000_sorted","65535_6000000_long_Dictionary_0",17,"Dictionary","FixedSize1ByteAligned"
"65535_6000000_sorted","65535_6000000_long_Dictionary_0",18,"Dictionary","FixedSize1ByteAligned"
"65535_6000000_sorted","65535_6000000_long_Dictionary_0",19,"Dictionary","FixedSize1ByteAligned"
"65535_6000000_sorted","65535_6000000_long_Dictionary_0",20,"Dictionary","FixedSize1ByteAligned"
"65535_6000000_sorted","65535_6000000_long_Dictionary_0",21,"Dictionary","FixedSize1ByteAligned"
"65535_6000000_sorted","65535_6000000_long_Dictionary_0",22,"Dictionary","FixedSize1ByteAligned"
"65535_6000000_sorted","65535_6000000_long_Dictionary_0",23,"Dictionary","FixedSize1ByteAligned"
"65535_6000000_sorted","65535_6000000_long_Dictionary_0",24,"Dictionary","FixedSize1ByteAligned"
"65535_6000000_sorted","65535_6000000_long_Dictionary_0",25,"Dictionary","FixedSize1ByteAligned"
"65535_6000000_sorted","65535_6000000_long_Dictionary_0",26,"Dictionary","FixedSize1ByteAligned"
"65535_6000000_sorted","65535_6000000_long_Dictionary_0",27,"Dictionary","FixedSize1ByteAligned"
"65535_6000000_sorted","65535_6000000_long_Dictionary_0",28,"Dictionary","FixedSize1ByteAligned"
"65535_6000000_sorted","65535_6000000_long_Dictionary_0",29,"Dictionary","FixedSize1ByteAligned"
"65535_6000000_sorted","65535_6000000_long_Dictionary_0",30,"Dictionary","FixedSize1ByteAligned"
"65535_6000000_sorted","65535_6000000_long_Dictionary_0",31,"Dictionary","FixedSize1ByteAligned"
"65535_6000000_sorted","65535_6000000_long_Dictionary_0",32,"Dictionary","FixedSize1ByteAligned"
"65535_6000000_sorted","65535_6000000_long_Dictionary_0",33,"Dictionary","FixedSize1ByteAligned"
"65535_6000000_sorted","65535_6000000_long_Dictionary_0",34,"Dictionary","FixedSize1ByteAligned"
"65535_6000000_sorted","65535_6000000_long_Dictionary_0",35,"Dictionary","FixedSize1ByteAligned"
"65535_6000000_sorted","65535_6000000_long_Dictionary_0",36,"Dictionary","FixedSize1ByteAligned"
"65535_6000000_sorted","65535_6000000_long_Dictionary_0",37,"Dictionary","FixedSize1ByteAligned"
"65535_6000000_sorted","65535_6000000_long_Dictionary_0",38,"Dictionary","FixedSize1ByteAligned"
"65535_6000000_sorted","65535_6000000_long_Dictionary_0",39,"Dictionary","FixedSize1ByteAligned"
"65535_6000000_sorted","65535_6000000_long_Dictionary_0",40,"Dictionary","FixedSize1ByteAligned"
"65535_6000000_sorted","65535_6000000_long_Dictionary_0",41,"Dictionary","FixedSize1ByteAligned"
"65535_6000000_sorted","65535_6000000_long_Dictionary_0",42,"Dictionary","FixedSize1ByteAligned"
"65535_6000000_sorted","65535_6000000_long_Dictionary_0",43,"Dictionary","FixedSize1ByteAligned"
"65535_6000000_sorted","65535_6000000_long_Dictionary_0",44,"Dictionary","FixedSize1ByteAligned"
"65535_6000000_sorted","65535_6000000_long_Dictionary_0",45,"Dictionary","FixedSize1ByteAligned"
"65535_6000000_sorted","65535_6000000_long_Dictionary_0",46,"Dictionary","FixedSize1ByteAligned"
"65535_6000000_sorted","65535_6000000_long_Dictionary_0",47,"Dictionary","FixedSize1ByteAligned"
"65535_6000000_sorted","65535_6000000_long_Dictionary_0",48,"Dictionary","FixedSize1ByteAligned"
"65535_6000000_sorted","65535_6000000_long_Dictionary_0",49,"Dictionary","FixedSize1ByteAligned"
"65535_6000000_sorted","65535_6000000_long_Dictionary_0",50,"Dictionary","FixedSize1ByteAligned"
"65535_6000000_sorted","65535_6000000_long_Dictionary_0",51,"Dictionary","FixedSize1ByteAligned"
"65535_6000000_sorted","65535_6000000_long_Dictionary_0",52,"Dictionary","FixedSize1ByteAligned"
"65535_6000000_sorted","65535_6000000_long_Dictionary_0",53,"Dictionary","FixedSize1ByteAligned"
"65535_6000000_sorted","65535_6000000_long_Dictionary_0",54,"Dictionary","FixedSize1ByteAligned"
"65535_6000000_sorted","65535_6000000_long_Dictionary_0",55,"Dictionary","FixedSize1ByteAligned"
"65535_6000000_sorted","65535_6000000_long_Dictionary_0",56,"Dictionary","FixedSize1ByteAligned"
"65535_6000000_sorted","65535_6000000_long_Dictionary_0",57,"Dictionary","FixedSize1ByteAligned"
"65535_6000000_sorted","65535_6000000_long_Dictionary_0",58,"Dictionary","FixedSize1ByteAligned"
"65535_6000000_sorted","65535_6000000_long_Dictionary_0",59,"Dictionary","FixedSize1ByteAligned"
"65535_6000000_sorted","65535_6000000_long_Dictionary_0",60,"Dictionary","FixedSize1ByteAligned"
"65535_6000000_sorted","65535_6000000_long_Dictionary_0",61,"Dictionary","FixedSize1ByteAligned"
"65535_6000000_sorted","65535_6000000_long_Dictionary_0",62,"Dictionary","FixedSize1ByteAligned"
"65535_6000000_sorted","65535_6000000_long_Dictionary_0",63,"Dictionary","FixedSize1ByteAligned"
"65535_6000000_sorted","65535_6000000_long_Dictionary_0",64,"Dictionary","FixedSize1ByteAligned"
"65535_6000000_sorted","65535_6000000_long_Dictionary_0",65,"Dictionary","FixedSize1ByteAligned"
"65535_6000000_sorted","65535_6000000_long_Dictionary_0",66,"Dictionary","FixedSize1ByteAligned"
"65535_6000000_sorted","65535_6000000_long_Dictionary_0",67,"Dictionary","FixedSize1ByteAligned"
"65535_6000000_sorted","65535_6000000_long_Dictionary_0",68,"Dictionary","FixedSize1ByteAligned"
"65535_6000000_sorted","65535_6000000_long_Dictionary_0",69,"Dictionary","FixedSize1ByteAligned"
"65535_6000000_sorted","65535_6000000_long_Dictionary_0",70,"Dictionary","FixedSize1ByteAligned"
"65535_6000000_sorted","65535_6000000_long_Dictionary_0",71,"Dictionary","FixedSize1ByteAligned"
"65535_6000000_sorted","65535_6000000_long_Dictionary_0",72,"Dictionary","FixedSize1ByteAligned"
"65535_6000000_sorted","65535_6000000_long_Dictionary_0",73,"Dictionary","FixedSize1ByteAligned"
"65535_6000000_sorted","65535_6000000_long_Dictionary_0",74,"Dictionary","FixedSize1ByteAligned"
"65535_6000000_sorted","65535_6000000_long_Dictionary_0",75,"Dictionary","FixedSize1ByteAligned"
"65535_6000000_sorted","65535_6000000_long_Dictionary_0",76,"Dictionary","FixedSize1ByteAligned"
"65535_6000000_sorted","65535_6000000_long_Dictionary_0",77,"Dictionary","FixedSize1ByteAligned"
"65535_6000000_sorted","65535_6000000_long_Dictionary_0",78,"Dictionary","FixedSize1ByteAligned"
"65535_6000000_sorted","65535_6000000_long_Dictionary_0",79,"Dictionary","FixedSize1ByteAligned"
"65535_6000000_sorted","65535_6000000_long_Dictionary_0",80,"Dictionary","FixedSize1ByteAligned"
"65535_6000000_sorted","65535_6000000_long_Dictionary_0",81,"Dictionary","FixedSize1ByteAligned"
"65535_6000000_sorted","65535_6000000_long_Dictionary_0",82,"Dictionary","FixedSize1ByteAligned"
"65535_6000000_sorted","65535_6000000_long_Dictionary_0",83,"Dictionary","FixedSize1ByteAligned"
"65535_6000000_sorted","65535_6000000_long_Dictionary_0",84,"Dictionary","FixedSize1ByteAligned"
"65535_6000000_sorted","65535_6000000_long_Dictionary_0",85,"Dictionary","FixedSize1ByteAligned"
"65535_6000000_sorted","65535_6000000_long_Dictionary_0",86,"Dictionary","FixedSize1ByteAligned"
"65535_6000000_sorted","65535_6000000_long_Dictionary_0",87,"Dictionary","FixedSize1ByteAligned"
"65535_6000000_sorted","65535_6000000_long_Dictionary_0",88,"Dictionary","FixedSize1ByteAligned"
"65535_6000000_sorted","65535_6000000_long_Dictionary_0",89,"Dictionary","FixedSize1ByteAligned"
"65535_6000000_sorted","65535_6000000_long_Dictionary_0",90,"Dictionary","FixedSize1ByteAligned"
"65535_6000000_sorted","65535_6000000_long_Dictionary_0",91,"Dictionary","FixedSize1ByteAligned"
"65535_6000000_sorted","65535_6000000_float_Dictionary_0",0,"Dictionary","FixedSize1ByteAligned"
"65535_6000000_sorted","65535_6000000_float_Dictionary_0",1,"Dictionary","FixedSize1ByteAligned"
"65535_6000000_sorted","65535_6000000_float_Dictionary_0",2,"Dictionary","FixedSize1ByteAligned"
"65535_6000000_sorted","65535_6000000_float_Dictionary_0",3,"Dictionary","FixedSize1ByteAligned"
"65535_6000000_sorted","65535_6000000_float_Dictionary_0",4,"Dictionary","FixedSize1ByteAligned"
"65535_6000000_sorted","65535_6000000_float_Dictionary_0",5,"Dictionary","FixedSize1ByteAligned"
"65535_6000000_sorted","65535_6000000_float_Dictionary_0",6,"Dictionary","FixedSize1ByteAligned"
"65535_6000000_sorted","65535_6000000_float_Dictionary_0",7,"Dictionary","FixedSize1ByteAligned"
"65535_6000000_sorted","65535_6000000_float_Dictionary_0",8,"Dictionary","FixedSize1ByteAligned"
"65535_6000000_sorted","65535_6000000_float_Dictionary_0",9,"Dictionary","FixedSize1ByteAligned"
"65535_6000000_sorted","65535_6000000_float_Dictionary_0",10,"Dictionary","FixedSize1ByteAligned"
"65535_6000000_sorted","65535_6000000_float_Dictionary_0",11,"Dictionary","FixedSize1ByteAligned"
"65535_6000000_sorted","65535_6000000_float_Dictionary_0",12,"Dictionary","FixedSize1ByteAligned"
"65535_6000000_sorted","65535_6000000_float_Dictionary_0",13,"Dictionary","FixedSize1ByteAligned"
"65535_6000000_sorted","65535_6000000_float_Dictionary_0",14,"Dictionary","FixedSize1ByteAligned"
"65535_6000000_sorted","65535_6000000_float_Dictionary_0",15,"Dictionary","FixedSize1ByteAligned"
"65535_6000000_sorted","65535_6000000_float_Dictionary_0",16,"Dictionary","FixedSize1ByteAligned"
"65535_6000000_sorted","65535_6000000_float_Dictionary_0",17,"Dictionary","FixedSize1ByteAligned"
"65535_6000000_sorted","65535_6000000_float_Dictionary_0",18,"Dictionary","FixedSize1ByteAligned"
"65535_6000000_sorted","65535_6000000_float_Dictionary_0",19,"Dictionary","FixedSize1ByteAligned"
"65535_6000000_sorted","65535_6000000_float_Dictionary_0",20,"Dictionary","FixedSize1ByteAligned"
"65535_6000000_sorted","65535_6000000_float_Dictionary_0",21,"Dictionary","FixedSize1ByteAligned"
"65535_6000000_sorted","65535_6000000_float_Dictionary_0",22,"Dictionary","FixedSize1ByteAligned"
"65535_6000000_sorted","65535_6000000_float_Dictionary_0",23,"Dictionary","FixedSize1ByteAligned"
"65535_6000000_sorted","65535_6000000_float_Dictionary_0",24,"Dictionary","FixedSize1ByteAligned"
"65535_6000000_sorted","65535_6000000_float_Dictionary_0",25,"Dictionary","FixedSize1ByteAligned"
"65535_6000000_sorted","65535_6000000_float_Dictionary_0",26,"Dictionary","FixedSize1ByteAligned"
"65535_6000000_sorted","65535_6000000_float_Dictionary_0",27,"Dictionary","FixedSize1ByteAligned"
"65535_6000000_sorted","65535_6000000_float_Dictionary_0",28,"Dictionary","FixedSize1ByteAligned"
"65535_6000000_sorted","65535_6000000_float_Dictionary_0",29,"Dictionary","FixedSize1ByteAligned"
"65535_6000000_sorted","65535_6000000_float_Dictionary_0",30,"Dictionary","FixedSize1ByteAligned"
"65535_6000000_sorted","65535_6000000_float_Dictionary_0",31,"Dictionary","FixedSize1ByteAligned"
"65535_6000000_sorted","65535_6000000_float_Dictionary_0",32,"Dictionary","FixedSize1ByteAligned"
"65535_6000000_sorted","65535_6000000_float_Dictionary_0",33,"Dictionary","FixedSize1ByteAligned"
"65535_6000000_sorted","65535_6000000_float_Dictionary_0",34,"Dictionary","FixedSize1ByteAligned"
"65535_6000000_sorted","65535_6000000_float_Dictionary_0",35,"Dictionary","FixedSize1ByteAligned"
"65535_6000000_sorted","65535_6000000_float_Dictionary_0",36,"Dictionary","FixedSize1ByteAligned"
"65535_6000000_sorted","65535_6000000_float_Dictionary_0",37,"Dictionary","FixedSize1ByteAligned"
"65535_6000000_sorted","65535_6000000_float_Dictionary_0",38,"Dictionary","FixedSize1ByteAligned"
"65535_6000000_sorted","65535_6000000_float_Dictionary_0",39,"Dictionary","FixedSize1ByteAligned"
"65535_6000000_sorted","65535_6000000_float_Dictionary_0",40,"Dictionary","FixedSize1ByteAligned"
"65535_6000000_sorted","65535_6000000_float_Dictionary_0",41,"Dictionary","FixedSize1ByteAligned"
"65535_6000000_sorted","65535_6000000_float_Dictionary_0",42,"Dictionary","FixedSize1ByteAligned"
"65535_6000000_sorted","65535_6000000_float_Dictionary_0",43,"Dictionary","FixedSize1ByteAligned"
"65535_6000000_sorted","65535_6000000_float_Dictionary_0",44,"Dictionary","FixedSize1ByteAligned"
"65535_6000000_sorted","65535_6000000_float_Dictionary_0",45,"Dictionary","FixedSize1ByteAligned"
"65535_6000000_sorted","65535_6000000_float_Dictionary_0",46,"Dictionary","FixedSize1ByteAligned"
"65535_6000000_sorted","65535_6000000_float_Dictionary_0",47,"Dictionary","FixedSize1ByteAligned"
"65535_6000000_sorted","65535_6000000_float_Dictionary_0",48,"Dictionary","FixedSize1ByteAligned"
"65535_6000000_sorted","65535_6000000_float_Dictionary_0",49,"Dictionary","FixedSize1ByteAligned"
"65535_6000000_sorted","65535_6000000_float_Dictionary_0",50,"Dictionary","FixedSize1ByteAligned"
"65535_6000000_sorted","65535_6000000_float_Dictionary_0",51,"Dictionary","FixedSize1ByteAligned"
"65535_6000000_sorted","65535_6000000_float_Dictionary_0",52,"Dictionary","FixedSize1ByteAligned"
"65535_6000000_sorted","65535_6000000_float_Dictionary_0",53,"Dictionary","FixedSize1ByteAligned"
"65535_6000000_sorted","65535_6000000_float_Dictionary_0",54,"Dictionary","FixedSize1ByteAligned"
"65535_6000000_sorted","65535_6000000_float_Dictionary_0",55,"Dictionary","FixedSize1ByteAligned"
"65535_6000000_sorted","65535_6000000_float_Dictionary_0",56,"Dictionary","FixedSize1ByteAligned"
"65535_6000000_sorted","65535_6000000_float_Dictionary_0",57,"Dictionary","FixedSize1ByteAligned"
"65535_6000000_sorted","65535_6000000_float_Dictionary_0",58,"Dictionary","FixedSize1ByteAligned"
"65535_6000000_sorted","65535_6000000_float_Dictionary_0",59,"Dictionary","FixedSize1ByteAligned"
"65535_6000000_sorted","65535_6000000_float_Dictionary_0",60,"Dictionary","FixedSize1ByteAligned"
"65535_6000000_sorted","65535_6000000_float_Dictionary_0",61,"Dictionary","FixedSize1ByteAligned"
"65535_6000000_sorted","65535_6000000_float_Dictionary_0",62,"Dictionary","FixedSize1ByteAligned"
"65535_6000000_sorted","65535_6000000_float_Dictionary_0",63,"Dictionary","FixedSize1ByteAligned"
"65535_6000000_sorted","65535_6000000_float_Dictionary_0",64,"Dictionary","FixedSize1ByteAligned"
"65535_6000000_sorted","65535_6000000_float_Dictionary_0",65,"Dictionary","FixedSize1ByteAligned"
"65535_6000000_sorted","65535_6000000_float_Dictionary_0",66,"Dictionary","FixedSize1ByteAligned"
"65535_6000000_sorted","65535_6000000_float_Dictionary_0",67,"Dictionary","FixedSize1ByteAligned"
"65535_6000000_sorted","65535_6000000_float_Dictionary_0",68,"Dictionary","FixedSize1ByteAligned"
"65535_6000000_sorted","65535_6000000_float_Dictionary_0",69,"Dictionary","FixedSize1ByteAligned"
"65535_6000000_sorted","65535_6000000_float_Dictionary_0",70,"Dictionary","FixedSize1ByteAligned"
"65535_6000000_sorted","65535_6000000_float_Dictionary_0",71,"Dictionary","FixedSize1ByteAligned"
"65535_6000000_sorted","65535_6000000_float_Dictionary_0",72,"Dictionary","FixedSize1ByteAligned"
"65535_6000000_sorted","65535_6000000_float_Dictionary_0",73,"Dictionary","FixedSize1ByteAligned"
"65535_6000000_sorted","65535_6000000_float_Dictionary_0",74,"Dictionary","FixedSize1ByteAligned"
"65535_6000000_sorted","65535_6000000_float_Dictionary_0",75,"Dictionary","FixedSize1ByteAligned"
"65535_6000000_sorted","65535_6000000_float_Dictionary_0",76,"Dictionary","FixedSize1ByteAligned"
"65535_6000000_sorted","65535_6000000_float_Dictionary_0",77,"Dictionary","FixedSize1ByteAligned"
"65535_6000000_sorted","65535_6000000_float_Dictionary_0",78,"Dictionary","FixedSize1ByteAligned"
"65535_6000000_sorted","65535_6000000_float_Dictionary_0",79,"Dictionary","FixedSize1ByteAligned"
"65535_6000000_sorted","65535_6000000_float_Dictionary_0",80,"Dictionary","FixedSize1ByteAligned"
"65535_6000000_sorted","65535_6000000_float_Dictionary_0",81,"Dictionary","FixedSize1ByteAligned"
"65535_6000000_sorted","65535_6000000_float_Dictionary_0",82,"Dictionary","FixedSize1ByteAligned"
"65535_6000000_sorted","65535_6000000_float_Dictionary_0",83,"Dictionary","FixedSize1ByteAligned"
"65535_6000000_sorted","65535_6000000_float_Dictionary_0",84,"Dictionary","FixedSize1ByteAligned"
"65535_6000000_sorted","65535_6000000_float_Dictionary_0",85,"Dictionary","FixedSize1ByteAligned"
"65535_6000000_sorted","65535_6000000_float_Dictionary_0",86,"Dictionary","FixedSize1ByteAligned"
"65535_6000000_sorted","65535_6000000_float_Dictionary_0",87,"Dictionary","FixedSize1ByteAligned"
"65535_6000000_sorted","65535_6000000_float_Dictionary_0",88,"Dictionary","FixedSize1ByteAligned"
"65535_6000000_sorted","65535_6000000_float_Dictionary_0",89,"Dictionary","FixedSize1ByteAligned"
"65535_6000000_sorted","65535_6000000_float_Dictionary_0",90,"Dictionary","FixedSize1ByteAligned"
"65535_6000000_sorted","65535_6000000_float_Dictionary_0",91,"Dictionary","FixedSize1ByteAligned"
"65535_6000000_sorted","65535_6000000_double_Dictionary_0",0,"Dictionary","FixedSize1ByteAligned"
"65535_6000000_sorted","65535_6000000_double_Dictionary_0",1,"Dictionary","FixedSize1ByteAligned"
"65535_6000000_sorted","65535_6000000_double_Dictionary_0",2,"Dictionary","FixedSize1ByteAligned"
"65535_6000000_sorted","65535_6000000_double_Dictionary_0",3,"Dictionary","FixedSize1ByteAligned"
"65535_6000000_sorted","65535_6000000_double_Dictionary_0",4,"Dictionary","FixedSize1ByteAligned"
"65535_6000000_sorted","65535_6000000_double_Dictionary_0",5,"Dictionary","FixedSize1ByteAligned"
"65535_6000000_sorted","65535_6000000_double_Dictionary_0",6,"Dictionary","FixedSize1ByteAligned"
"65535_6000000_sorted","65535_6000000_double_Dictionary_0",7,"Dictionary","FixedSize1ByteAligned"
"65535_6000000_sorted","65535_6000000_double_Dictionary_0",8,"Dictionary","FixedSize1ByteAligned"
"65535_6000000_sorted","65535_6000000_double_Dictionary_0",9,"Dictionary","FixedSize1ByteAligned"
"65535_6000000_sorted","65535_6000000_double_Dictionary_0",10,"Dictionary","FixedSize1ByteAligned"
"65535_6000000_sorted","65535_6000000_double_Dictionary_0",11,"Dictionary","FixedSize1ByteAligned"
"65535_6000000_sorted","65535_6000000_double_Dictionary_0",12,"Dictionary","FixedSize1ByteAligned"
"65535_6000000_sorted","65535_6000000_double_Dictionary_0",13,"Dictionary","FixedSize1ByteAligned"
"65535_6000000_sorted","65535_6000000_double_Dictionary_0",14,"Dictionary","FixedSize1ByteAligned"
"65535_6000000_sorted","65535_6000000_double_Dictionary_0",15,"Dictionary","FixedSize1ByteAligned"
"65535_6000000_sorted","65535_6000000_double_Dictionary_0",16,"Dictionary","FixedSize1ByteAligned"
"65535_6000000_sorted","65535_6000000_double_Dictionary_0",17,"Dictionary","FixedSize1ByteAligned"
"65535_6000000_sorted","65535_6000000_double_Dictionary_0",18,"Dictionary","FixedSize1ByteAligned"
"65535_6000000_sorted","65535_6000000_double_Dictionary_0",19,"Dictionary","FixedSize1ByteAligned"
"65535_6000000_sorted","65535_6000000_double_Dictionary_0",20,"Dictionary","FixedSize1ByteAligned"
"65535_6000000_sorted","65535_6000000_double_Dictionary_0",21,"Dictionary","FixedSize1ByteAligned"
"65535_6000000_sorted","65535_6000000_double_Dictionary_0",22,"Dictionary","FixedSize1ByteAligned"
"65535_6000000_sorted","65535_6000000_double_Dictionary_0",23,"Dictionary","FixedSize1ByteAligned"
"65535_6000000_sorted","65535_6000000_double_Dictionary_0",24,"Dictionary","FixedSize1ByteAligned"
"65535_6000000_sorted","65535_6000000_double_Dictionary_0",25,"Dictionary","FixedSize1ByteAligned"
"65535_6000000_sorted","65535_6000000_double_Dictionary_0",26,"Dictionary","FixedSize1ByteAligned"
"65535_6000000_sorted","65535_6000000_double_Dictionary_0",27,"Dictionary","FixedSize1ByteAligned"
"65535_6000000_sorted","65535_6000000_double_Dictionary_0",28,"Dictionary","FixedSize1ByteAligned"
"65535_6000000_sorted","65535_6000000_double_Dictionary_0",29,"Dictionary","FixedSize1ByteAligned"
"65535_6000000_sorted","65535_6000000_double_Dictionary_0",30,"Dictionary","FixedSize1ByteAligned"
"65535_6000000_sorted","65535_6000000_double_Dictionary_0",31,"Dictionary","FixedSize1ByteAligned"
"65535_6000000_sorted","65535_6000000_double_Dictionary_0",32,"Dictionary","FixedSize1ByteAligned"
"65535_6000000_sorted","65535_6000000_double_Dictionary_0",33,"Dictionary","FixedSize1ByteAligned"
"65535_6000000_sorted","65535_6000000_double_Dictionary_0",34,"Dictionary","FixedSize1ByteAligned"
"65535_6000000_sorted","65535_6000000_double_Dictionary_0",35,"Dictionary","FixedSize1ByteAligned"
"65535_6000000_sorted","65535_6000000_double_Dictionary_0",36,"Dictionary","FixedSize1ByteAligned"
"65535_6000000_sorted","65535_6000000_double_Dictionary_0",37,"Dictionary","FixedSize1ByteAligned"
"65535_6000000_sorted","65535_6000000_double_Dictionary_0",38,"Dictionary","FixedSize1ByteAligned"
"65535_6000000_sorted","65535_6000000_double_Dictionary_0",39,"Dictionary","FixedSize1ByteAligned"
"65535_6000000_sorted","65535_6000000_double_Dictionary_0",40,"Dictionary","FixedSize1ByteAligned"
"65535_6000000_sorted","65535_6000000_double_Dictionary_0",41,"Dictionary","FixedSize1ByteAligned"
"65535_6000000_sorted","65535_6000000_double_Dictionary_0",42,"Dictionary","FixedSize1ByteAligned"
"65535_6000000_sorted","65535_6000000_double_Dictionary_0",43,"Dictionary","FixedSize1ByteAligned"
"65535_6000000_sorted","65535_6000000_double_Dictionary_0",44,"Dictionary","FixedSize1ByteAligned"
"65535_6000000_sorted","65535_6000000_double_Dictionary_0",45,"Dictionary","FixedSize1ByteAligned"
"65535_6000000_sorted","65535_6000000_double_Dictionary_0",46,"Dictionary","FixedSize1ByteAligned"
"65535_6000000_sorted","65535_6000000_double_Dictionary_0",47,"Dictionary","FixedSize1ByteAligned"
"65535_6000000_sorted","65535_6000000_double_Dictionary_0",48,"Dictionary","FixedSize1ByteAligned"
"65535_6000000_sorted","65535_6000000_double_Dictionary_0",49,"Dictionary","FixedSize1ByteAligned"
"65535_6000000_sorted","65535_6000000_double_Dictionary_0",50,"Dictionary","FixedSize1ByteAligned"
"65535_6000000_sorted","65535_6000000_double_Dictionary_0",51,"Dictionary","FixedSize1ByteAligned"
"65535_6000000_sorted","65535_6000000_double_Dictionary_0",52,"Dictionary","FixedSize1ByteAligned"
"65535_6000000_sorted","65535_6000000_double_Dictionary_0",53,"Dictionary","FixedSize1ByteAligned"
"65535_6000000_sorted","65535_6000000_double_Dictionary_0",54,"Dictionary","FixedSize1ByteAligned"
"65535_6000000_sorted","65535_6000000_double_Dictionary_0",55,"Dictionary","FixedSize1ByteAligned"
"65535_6000000_sorted","65535_6000000_double_Dictionary_0",56,"Dictionary","FixedSize1ByteAligned"
"65535_6000000_sorted","65535_6000000_double_Dictionary_0",57,"Dictionary","FixedSize1ByteAligned"
"65535_6000000_sorted","65535_6000000_double_Dictionary_0",58,"Dictionary","FixedSize1ByteAligned"
"65535_6000000_sorted","65535_6000000_double_Dictionary_0",59,"Dictionary","FixedSize1ByteAligned"
"65535_6000000_sorted","65535_6000000_double_Dictionary_0",60,"Dictionary","FixedSize1ByteAligned"
"65535_6000000_sorted","65535_6000000_double_Dictionary_0",61,"Dictionary","FixedSize1ByteAligned"
"65535_6000000_sorted","65535_6000000_double_Dictionary_0",62,"Dictionary","FixedSize1ByteAligned"
"65535_6000000_sorted","65535_6000000_double_Dictionary_0",63,"Dictionary","FixedSize1ByteAligned"
"65535_6000000_sorted","65535_6000000_double_Dictionary_0",64,"Dictionary","FixedSize1ByteAligned"
"65535_6000000_sorted","65535_6000000_double_Dictionary_0",65,"Dictionary","FixedSize1ByteAligned"
"65535_6000000_sorted","65535_6000000_double_Dictionary_0",66,"Dictionary","FixedSize1ByteAligned"
"65535_6000000_sorted","65535_6000000_double_Dictionary_0",67,"Dictionary","FixedSize1ByteAligned"
"65535_6000000_sorted","65535_6000000_double_Dictionary_0",68,"Dictionary","FixedSize1ByteAligned"
"65535_6000000_sorted","65535_6000000_double_Dictionary_0",69,"Dictionary","FixedSize1ByteAligned"
"65535_6000000_sorted","65535_6000000_double_Dictionary_0",70,"Dictionary","FixedSize1ByteAligned"
"65535_6000000_sorted","65535_6000000_double_Dictionary_0",71,"Dictionary","FixedSize1ByteAligned"
"65535_6000000_sorted","65535_6000000_double_Dictionary_0",72,"Dictionary","FixedSize1ByteAligned"
"65535_6000000_sorted","65535_6000000_double_Dictionary_0",73,"Dictionary","FixedSize1ByteAligned"
"65535_6000000_sorted","65535_6000000_double_Dictionary_0",74,"Dictionary","FixedSize1ByteAligned"
"65535_6000000_sorted","65535_6000000_double_Dictionary_0",75,"Dictionary","FixedSize1ByteAligned"
"65535_6000000_sorted","65535_6000000_double_Dictionary_0",76,"Dictionary","FixedSize1ByteAligned"
"65535_6000000_sorted","65535_6000000_double_Dictionary_0",77,"Dictionary","FixedSize1ByteAligned"
"65535_6000000_sorted","65535_6000000_double_Dictionary_0",78,"Dictionary","FixedSize1ByteAligned"
"65535_6000000_sorted","65535_6000000_double_Dictionary_0",79,"Dictionary","FixedSize1ByteAligned"
"65535_6000000_sorted","65535_6000000_double_Dictionary_0",80,"Dictionary","FixedSize1ByteAligned"
"65535_6000000_sorted","65535_6000000_double_Dictionary_0",81,"Dictionary","FixedSize1ByteAligned"
"65535_6000000_sorted","65535_6000000_double_Dictionary_0",82,"Dictionary","FixedSize1ByteAligned"
"65535_6000000_sorted","65535_6000000_double_Dictionary_0",83,"Dictionary","FixedSize1ByteAligned"
"65535_6000000_sorted","65535_6000000_double_Dictionary_0",84,"Dictionary","FixedSize1ByteAligned"
"65535_6000000_sorted","65535_6000000_double_Dictionary_0",85,"Dictionary","FixedSize1ByteAligned"
"65535_6000000_sorted","65535_6000000_double_Dictionary_0",86,"Dictionary","FixedSize1ByteAligned"
"65535_6000000_sorted","65535_6000000_double_Dictionary_0",87,"Dictionary","FixedSize1ByteAligned"
"65535_6000000_sorted","65535_6000000_double_Dictionary_0",88,"Dictionary","FixedSize1ByteAligned"
"65535_6000000_sorted","65535_6000000_double_Dictionary_0",89,"Dictionary","FixedSize1ByteAligned"
"65535_6000000_sorted","65535_6000000_double_Dictionary_0",90,"Dictionary","FixedSize1ByteAligned"
"65535_6000000_sorted","65535_6000000_double_Dictionary_0",91,"Dictionary","FixedSize1ByteAligned"
"65535_6000000_sorted","65535_6000000_string_Dictionary_0",0,"Dictionary","FixedSize1ByteAligned"
"65535_6000000_sorted","65535_6000000_string_Dictionary_0",1,"Dictionary","FixedSize1ByteAligned"
"65535_6000000_sorted","65535_6000000_string_Dictionary_0",2,"Dictionary","FixedSize1ByteAligned"
"65535_6000000_sorted","65535_6000000_string_Dictionary_0",3,"Dictionary","FixedSize1ByteAligned"
"65535_6000000_sorted","65535_6000000_string_Dictionary_0",4,"Dictionary","FixedSize1ByteAligned"
"65535_6000000_sorted","65535_6000000_string_Dictionary_0",5,"Dictionary","FixedSize1ByteAligned"
"65535_6000000_sorted","65535_6000000_string_Dictionary_0",6,"Dictionary","FixedSize1ByteAligned"
"65535_6000000_sorted","65535_6000000_string_Dictionary_0",7,"Dictionary","FixedSize1ByteAligned"
"65535_6000000_sorted","65535_6000000_string_Dictionary_0",8,"Dictionary","FixedSize1ByteAligned"
"65535_6000000_sorted","65535_6000000_string_Dictionary_0",9,"Dictionary","FixedSize1ByteAligned"
"65535_6000000_sorted","65535_6000000_string_Dictionary_0",10,"Dictionary","FixedSize1ByteAligned"
"65535_6000000_sorted","65535_6000000_string_Dictionary_0",11,"Dictionary","FixedSize1ByteAligned"
"65535_6000000_sorted","65535_6000000_string_Dictionary_0",12,"Dictionary","FixedSize1ByteAligned"
"65535_6000000_sorted","65535_6000000_string_Dictionary_0",13,"Dictionary","FixedSize1ByteAligned"
"65535_6000000_sorted","65535_6000000_string_Dictionary_0",14,"Dictionary","FixedSize1ByteAligned"
"65535_6000000_sorted","65535_6000000_string_Dictionary_0",15,"Dictionary","FixedSize1ByteAligned"
"65535_6000000_sorted","65535_6000000_string_Dictionary_0",16,"Dictionary","FixedSize1ByteAligned"
"65535_6000000_sorted","65535_6000000_string_Dictionary_0",17,"Dictionary","FixedSize1ByteAligned"
"65535_6000000_sorted","65535_6000000_string_Dictionary_0",18,"Dictionary","FixedSize1ByteAligned"
"65535_6000000_sorted","65535_6000000_string_Dictionary_0",19,"Dictionary","FixedSize1ByteAligned"
"65535_6000000_sorted","65535_6000000_string_Dictionary_0",20,"Dictionary","FixedSize1ByteAligned"
"65535_6000000_sorted","65535_6000000_string_Dictionary_0",21,"Dictionary","FixedSize1ByteAligned"
"65535_6000000_sorted","65535_6000000_string_Dictionary_0",22,"Dictionary","FixedSize1ByteAligned"
"65535_6000000_sorted","65535_6000000_string_Dictionary_0",23,"Dictionary","FixedSize1ByteAligned"
"65535_6000000_sorted","65535_6000000_string_Dictionary_0",24,"Dictionary","FixedSize1ByteAligned"
"65535_6000000_sorted","65535_6000000_string_Dictionary_0",25,"Dictionary","FixedSize1ByteAligned"
"65535_6000000_sorted","65535_6000000_string_Dictionary_0",26,"Dictionary","FixedSize1ByteAligned"
"65535_6000000_sorted","65535_6000000_string_Dictionary_0",27,"Dictionary","FixedSize1ByteAligned"
"65535_6000000_sorted","65535_6000000_string_Dictionary_0",28,"Dictionary","FixedSize1ByteAligned"
"65535_6000000_sorted","65535_6000000_string_Dictionary_0",29,"Dictionary","FixedSize1ByteAligned"
"65535_6000000_sorted","65535_6000000_string_Dictionary_0",30,"Dictionary","FixedSize1ByteAligned"
"65535_6000000_sorted","65535_6000000_string_Dictionary_0",31,"Dictionary","FixedSize1ByteAligned"
"65535_6000000_sorted","65535_6000000_string_Dictionary_0",32,"Dictionary","FixedSize1ByteAligned"
"65535_6000000_sorted","65535_6000000_string_Dictionary_0",33,"Dictionary","FixedSize1ByteAligned"
"65535_6000000_sorted","65535_6000000_string_Dictionary_0",34,"Dictionary","FixedSize1ByteAligned"
"65535_6000000_sorted","65535_6000000_string_Dictionary_0",35,"Dictionary","FixedSize1ByteAligned"
"65535_6000000_sorted","65535_6000000_string_Dictionary_0",36,"Dictionary","FixedSize1ByteAligned"
"65535_6000000_sorted","65535_6000000_string_Dictionary_0",37,"Dictionary","FixedSize1ByteAligned"
"65535_6000000_sorted","65535_6000000_string_Dictionary_0",38,"Dictionary","FixedSize1ByteAligned"
"65535_6000000_sorted","65535_6000000_string_Dictionary_0",39,"Dictionary","FixedSize1ByteAligned"
"65535_6000000_sorted","65535_6000000_string_Dictionary_0",40,"Dictionary","FixedSize1ByteAligned"
"65535_6000000_sorted","65535_6000000_string_Dictionary_0",41,"Dictionary","FixedSize1ByteAligned"
"65535_6000000_sorted","65535_6000000_string_Dictionary_0",42,"Dictionary","FixedSize1ByteAligned"
"65535_6000000_sorted","65535_6000000_string_Dictionary_0",43,"Dictionary","FixedSize1ByteAligned"
"65535_6000000_sorted","65535_6000000_string_Dictionary_0",44,"Dictionary","FixedSize1ByteAligned"
"65535_6000000_sorted","65535_6000000_string_Dictionary_0",45,"Dictionary","FixedSize1ByteAligned"
"65535_6000000_sorted","65535_6000000_string_Dictionary_0",46,"Dictionary","FixedSize1ByteAligned"
"65535_6000000_sorted","65535_6000000_string_Dictionary_0",47,"Dictionary","FixedSize1ByteAligned"
"65535_6000000_sorted","65535_6000000_string_Dictionary_0",48,"Dictionary","FixedSize1ByteAligned"
"65535_6000000_sorted","65535_6000000_string_Dictionary_0",49,"Dictionary","FixedSize1ByteAligned"
"65535_6000000_sorted","65535_6000000_string_Dictionary_0",50,"Dictionary","FixedSize1ByteAligned"
"65535_6000000_sorted","65535_6000000_string_Dictionary_0",51,"Dictionary","FixedSize1ByteAligned"
"65535_6000000_sorted","65535_6000000_string_Dictionary_0",52,"Dictionary","FixedSize1ByteAligned"
"65535_6000000_sorted","65535_6000000_string_Dictionary_0",53,"Dictionary","FixedSize1ByteAligned"
"65535_6000000_sorted","65535_6000000_string_Dictionary_0",54,"Dictionary","FixedSize1ByteAligned"
"65535_6000000_sorted","65535_6000000_string_Dictionary_0",55,"Dictionary","FixedSize1ByteAligned"
"65535_6000000_sorted","65535_6000000_string_Dictionary_0",56,"Dictionary","FixedSize1ByteAligned"
"65535_6000000_sorted","65535_6000000_string_Dictionary_0",57,"Dictionary","FixedSize1ByteAligned"
"65535_6000000_sorted","65535_6000000_string_Dictionary_0",58,"Dictionary","FixedSize1ByteAligned"
"65535_6000000_sorted","65535_6000000_string_Dictionary_0",59,"Dictionary","FixedSize1ByteAligned"
"65535_6000000_sorted","65535_6000000_string_Dictionary_0",60,"Dictionary","FixedSize1ByteAligned"
"65535_6000000_sorted","65535_6000000_string_Dictionary_0",61,"Dictionary","FixedSize1ByteAligned"
"65535_6000000_sorted","65535_6000000_string_Dictionary_0",62,"Dictionary","FixedSize1ByteAligned"
"65535_6000000_sorted","65535_6000000_string_Dictionary_0",63,"Dictionary","FixedSize1ByteAligned"
"65535_6000000_sorted","65535_6000000_string_Dictionary_0",64,"Dictionary","FixedSize1ByteAligned"
"65535_6000000_sorted","65535_6000000_string_Dictionary_0",65,"Dictionary","FixedSize1ByteAligned"
"65535_6000000_sorted","65535_6000000_string_Dictionary_0",66,"Dictionary","FixedSize1ByteAligned"
"65535_6000000_sorted","65535_6000000_string_Dictionary_0",67,"Dictionary","FixedSize1ByteAligned"
"65535_6000000_sorted","65535_6000000_string_Dictionary_0",68,"Dictionary","FixedSize1ByteAligned"
"65535_6000000_sorted","65535_6000000_string_Dictionary_0",69,"Dictionary","FixedSize1ByteAligned"
"65535_6000000_sorted","65535_6000000_string_Dictionary_0",70,"Dictionary","FixedSize1ByteAligned"
"65535_6000000_sorted","65535_6000000_string_Dictionary_0",71,"Dictionary","FixedSize1ByteAligned"
"65535_6000000_sorted","65535_6000000_string_Dictionary_0",72,"Dictionary","FixedSize1ByteAligned"
"65535_6000000_sorted","65535_6000000_string_Dictionary_0",73,"Dictionary","FixedSize1ByteAligned"
"65535_6000000_sorted","65535_6000000_string_Dictionary_0",74,"Dictionary","FixedSize1ByteAligned"
"65535_6000000_sorted","65535_6000000_string_Dictionary_0",75,"Dictionary","FixedSize1ByteAligned"
"65535_6000000_sorted","65535_6000000_string_Dictionary_0",76,"Dictionary","FixedSize1ByteAligned"
"65535_6000000_sorted","65535_6000000_string_Dictionary_0",77,"Dictionary","FixedSize1ByteAligned"
"65535_6000000_sorted","65535_6000000_string_Dictionary_0",78,"Dictionary","FixedSize1ByteAligned"
"65535_6000000_sorted","65535_6000000_string_Dictionary_0",79,"Dictionary","FixedSize1ByteAligned"
"65535_6000000_sorted","65535_6000000_string_Dictionary_0",80,"Dictionary","FixedSize1ByteAligned"
"65535_6000000_sorted","65535_6000000_string_Dictionary_0",81,"Dictionary","FixedSize1ByteAligned"
"65535_6000000_sorted","65535_6000000_string_Dictionary_0",82,"Dictionary","FixedSize1ByteAligned"
"65535_6000000_sorted","65535_6000000_string_Dictionary_0",83,"Dictionary","FixedSize1ByteAligned"
"65535_6000000_sorted","65535_6000000_string_Dictionary_0",84,"Dictionary","FixedSize1ByteAligned"
"65535_6000000_sorted","65535_6000000_string_Dictionary_0",85,"Dictionary","FixedSize1ByteAligned"
"65535_6000000_sorted","65535_6000000_string_Dictionary_0",86,"Dictionary","FixedSize1ByteAligned"
"65535_6000000_sorted","65535_6000000_string_Dictionary_0",87,"Dictionary","FixedSize1ByteAligned"
"65535_6000000_sorted","65535_6000000_string_Dictionary_0",88,"Dictionary","FixedSize1ByteAligned"
"65535_6000000_sorted","65535_6000000_string_Dictionary_0",89,"Dictionary","FixedSize1ByteAligned"
"65535_6000000_sorted","65535_6000000_string_Dictionary_0",90,"Dictionary","FixedSize1ByteAligned"
"65535_6000000_sorted","65535_6000000_string_Dictionary_0",91,"Dictionary","FixedSize1ByteAligned"
"65535_300000","65535_300000_int_Dictionary_300000",0,"Dictionary","FixedSize2ByteAligned"
"65535_300000","65535_300000_int_Dictionary_300000",1,"Dictionary","FixedSize2ByteAligned"
"65535_300000","65535_300000_int_Dictionary_300000",2,"Dictionary","FixedSize2ByteAligned"
"65535_300000","65535_300000_int_Dictionary_300000",3,"Dictionary","FixedSize2ByteAligned"
"65535_300000","65535_300000_int_Dictionary_300000",4,"Dictionary","FixedSize2ByteAligned"
"65535_300000","65535_300000_float_Dictionary_300000",0,"Dictionary","FixedSize2ByteAligned"
"65535_300000","65535_300000_float_Dictionary_300000",1,"Dictionary","FixedSize2ByteAligned"
"65535_300000","65535_300000_float_Dictionary_300000",2,"Dictionary","FixedSize2ByteAligned"
"65535_300000","65535_300000_float_Dictionary_300000",3,"Dictionary","FixedSize2ByteAligned"
"65535_300000","65535_300000_float_Dictionary_300000",4,"Dictionary","FixedSize2ByteAligned"
