0,"JoinHash","Inner",12940,34832,3,2,1223.9,1181.26,1181,1181,12934,5,1181.26,3395269,"store_returns","sr_customer_sk","REFERENCE","customer","c_customer_sk","REFERENCE",0,"No","No","62abd1717043ab45",1,2
1,"JoinHash","Semi",49939,7,3,2,1223.9,1268.28,6,6,12940,3,1223.9,3581897,"store_returns","sr_store_sk","REFERENCE","store_returns","sr_store_sk","REFERENCE",1,"No","No","62abd1717043ab45",1,1
2,"JoinHash","Semi",50441,12,3,2,12,1268.28,12,6,49939,3,1223.9,1916427,"store_returns","sr_store_sk","REFERENCE","store","s_store_sk","REFERENCE",1,"No","No","62abd1717043ab45",1,1
3,"JoinHash","Semi",100000,49939,2,3,1223.9,100000,1181,100000,34832,2,1181.26,9543018,"customer","c_customer_sk","REFERENCE","store_returns","sr_customer_sk","REFERENCE",1,"No","No","62abd1717043ab45",1,2
4,"JoinHash","Semi",287514,366,4,2,287514,333.86,2003,333,55820,4,1268.28,3473846,"store_returns","sr_returned_date_sk","DATA","date_dim","d_date_sk","REFERENCE",1,"No","No","62abd1717043ab45",5,1
5,"JoinHash","Inner",149,6656,3,7,149.735,5250.02,149,1823,975,10,411.743,497162,"date_dim","d_date_sk","REFERENCE","store_sales","ss_sold_date_sk","REFERENCE",0,"No","No","48102a81fee54f33",1,11
6,"JoinHash","Inner",6656,39,3,4,5250.02,32.808,32,32,6656,7,5250.02,883758,"store_sales","ss_item_sk","REFERENCE","item","i_item_sk","REFERENCE",1,"No","No","48102a81fee54f33",11,1
7,"JoinHash","Semi",73049,6656,3,7,73049,5250.02,73049,1823,1675,3,1823,2162982,"date_dim","d_date_sk","DATA","store_sales","ss_sold_date_sk","REFERENCE",1,"No","No","48102a81fee54f33",2,11
8,"JoinHash","Semi",2880404,39,3,4,2.8804e+06,32.808,18000,32,6656,3,5250.02,11353768,"store_sales","ss_item_sk","DATA","item","i_item_sk","REFERENCE",1,"No","No","48102a81fee54f33",44,1
9,"JoinHash","Inner",29100,1841,7,3,31026.5,18000,18000,18000,2858,10,31026.5,3042339,"store_sales","ss_item_sk","REFERENCE","item","i_item_sk","REFERENCE",1,"No","No","43e0ae6c5f21fc66",2,1
10,"JoinHash","Inner",29757,100000,3,4,100000,32490,100000,31026,29100,7,31026.5,6656644,"store_sales","ss_customer_sk","REFERENCE","customer","c_customer_sk","REFERENCE",0,"No","No","43e0ae6c5f21fc66",2,44
11,"JoinHash","Semi",18000,11,3,2,18000,18000,10,10,1841,3,18000,5008356,"item","i_category","REFERENCE","item","i_category","REFERENCE",1,"No","No","43e0ae6c5f21fc66",1,1
12,"JoinHash","Inner",100000,50000,2,2,50000,100000,50000,43282,100000,4,100000,14678493,"customer","c_current_addr_sk","REFERENCE","customer_address","ca_address_sk","REFERENCE",1,"No","No","43e0ae6c5f21fc66",1,2
13,"JoinHash","Semi",2880404,31,3,2,2.8804e+06,862.117,1823,862,29757,3,32490,10917371,"store_sales","ss_sold_date_sk","DATA","date_dim","d_date_sk","REFERENCE",1,"No","No","43e0ae6c5f21fc66",44,1
14,"JoinHash","Semi",73049,1,2,1,73049,28.3362,2401,28,31,2,862.117,273306,"date_dim","d_month_seq","DATA","date_dim","d_month_seq","REFERENCE",1,"No","No","43e0ae6c5f21fc66",2,1
15,"JoinHash","Inner",18000,7747,2,8,11475.3,18000,11475,18000,7747,10,11475.3,3454219,"item","i_item_sk","REFERENCE","store_sales","ss_item_sk","REFERENCE",1,"No","No","a5ed8e369e84a26a",13,1
16,"JoinHash","Semi",7885,299,8,3,12015.4,600,300,300,7747,8,11475.3,982450,"store_sales","ss_promo_sk","REFERENCE","promotion","p_promo_sk","REFERENCE",1,"No","No","a5ed8e369e84a26a",13,1
17,"JoinHash","Semi",553861,27440,8,4,12582,27440,12015,27440,7885,8,12015.4,10622553,"store_sales","ss_cdemo_sk","REFERENCE","customer_demographics","cd_demo_sk","REFERENCE",1,"No","No","a5ed8e369e84a26a",44,30
18,"JoinHash","Semi",2880404,366,8,2,2.8804e+06,333.86,1823,333,553861,8,12582,28283527,"store_sales","ss_sold_date_sk","DATA","date_dim","d_date_sk","REFERENCE",1,"No","No","a5ed8e369e84a26a",44,1
19,"JoinHash","Semi",75,62,12,2,599.023,299.343,299,299,5,12,299.343,90381,"customer","c_customer_sk","REFERENCE","store_sales","ss_customer_sk","REFERENCE",1,"No","No","2e0ad00e44492b13",1,1
20,"JoinHash","Semi",897,27787,12,2,299.7,1082.71,299,1082,23,12,299.38,837939,"customer","c_customer_sk","REFERENCE","web_sales","ws_bill_customer_sk","REFERENCE",1,"No","No","2e0ad00e44492b13",2,11
21,"JoinHash","Semi",897,491,12,2,299.7,299.643,299,299,52,12,299.643,137457,"customer","c_customer_sk","REFERENCE","catalog_sales","cs_ship_customer_sk","REFERENCE",1,"No","No","2e0ad00e44492b13",2,1
22,"JoinHash","Semi",108944,75,2,12,599.023,4140.32,299,3953,62,2,299.343,2431678,"store_sales","ss_customer_sk","REFERENCE","customer","c_customer_sk","REFERENCE",1,"No","No","2e0ad00e44492b13",1,44
23,"JoinHash","Inner",897,932,9,3,299.7,310.371,299,299,897,12,299.7,425639,"customer_demographics","cd_demo_sk","REFERENCE","customer","c_current_cdemo_sk","REFERENCE",0,"No","No","2e0ad00e44492b13",2,2
24,"JoinHash","Semi",2880404,120,2,3,2.8804e+06,109.862,1823,109,108944,2,4140.32,12908532,"store_sales","ss_sold_date_sk","DATA","date_dim","d_date_sk","REFERENCE",1,"No","No","2e0ad00e44492b13",44,1
25,"JoinHash","Semi",719384,120,2,3,719384,109.862,1823,109,27787,2,1082.71,2770849,"web_sales","ws_sold_date_sk","DATA","date_dim","d_date_sk","REFERENCE",1,"No","No","2e0ad00e44492b13",11,1
26,"JoinHash","Semi",54361,897,2,12,299.7,2159.97,299,2149,491,2,299.643,379751,"catalog_sales","cs_ship_customer_sk","REFERENCE","customer","c_customer_sk","REFERENCE",1,"No","No","2e0ad00e44492b13",2,2
27,"JoinHash","Semi",1920800,932,9,3,1.9208e+06,310.371,1920800,299,897,9,299.7,6832725,"customer_demographics","cd_demo_sk","DATA","customer","c_current_cdemo_sk","REFERENCE",1,"No","No","2e0ad00e44492b13",30,2
28,"JoinHash","Semi",100000,459,3,2,100000,134.342,43282,134,932,3,310.371,810979,"customer","c_current_addr_sk","DATA","customer_address","ca_address_sk","REFERENCE",1,"No","No","2e0ad00e44492b13",2,1
29,"JoinHash","Semi",1441548,120,2,3,1.44155e+06,109.862,1830,109,54361,2,2159.97,5211467,"catalog_sales","cs_sold_date_sk","DATA","date_dim","d_date_sk","REFERENCE",1,"No","No","2e0ad00e44492b13",22,1
30,"JoinHash","Inner",7200,92,2,16,0,7200,0,7200,92,18,0,156803,"household_demographics","hd_demo_sk","REFERENCE","store_sales","ss_hdemo_sk","REFERENCE",1,"No","No","e9628864b4c79dc2",1,1
31,"JoinHash","Semi",92,7200,16,2,382204,7200,0,7200,92,16,0,212540,"store_sales","ss_hdemo_sk","REFERENCE","household_demographics","hd_demo_sk","REFERENCE",1,"No","No","e9628864b4c79dc2",1,1
32,"JoinHash","Inner",424,6627,3,13,0.00346151,0.239069,0,0,554,16,0.00346151,676596,"customer_demographics","cd_demo_sk","REFERENCE","store_sales","ss_cdemo_sk","REFERENCE",0,"No","No","e9628864b4c79dc2",1,1
33,"JoinHash","Semi",164640,6627,3,13,164640,0.239069,54880,0,424,3,0.00346151,10085160,"customer_demographics","cd_demo_sk","REFERENCE","store_sales","ss_cdemo_sk","REFERENCE",1,"No","No","e9628864b4c79dc2",3,1
34,"JoinHash","Semi",6663,12,13,1,12,16.5133,12,0,6627,13,0.239069,1307511,"store_sales","ss_store_sk","REFERENCE","store","s_store_sk","REFERENCE",1,"No","No","e9628864b4c79dc2",1,1
35,"JoinHash","Inner",20510,40409,3,10,393.372,87.3384,87,87,38743,13,87.3384,7055464,"customer_address","ca_address_sk","REFERENCE","store_sales","ss_addr_sk","REFERENCE",0,"No","No","e9628864b4c79dc2",4,1
36,"JoinHash","Semi",208465,365,10,2,387306,333.86,1823,333,40409,10,393.372,7865604,"store_sales","ss_sold_date_sk","REFERENCE","date_dim","d_date_sk","REFERENCE",1,"No","No","e9628864b4c79dc2",4,1
37,"JoinHash","Semi",50000,40409,3,10,393.372,50000,87,50000,21130,3,87.3384,10387592,"customer_address","ca_address_sk","REFERENCE","store_sales","ss_addr_sk","REFERENCE",1,"No","No","e9628864b4c79dc2",4,1
38,"JoinHash","Inner",41350,4539,3,5,1635.39,1627.41,1627,1627,41265,8,1627.41,3681218,"catalog_sales","cs_bill_customer_sk","REFERENCE","customer","c_customer_sk","REFERENCE",1,"No","No","747848d0ca9ebfbb",2,1
39,"JoinHash","Inner",4539,50000,2,3,1627.41,50000,1627,50000,4539,5,1627.41,1745723,"customer","c_current_addr_sk","REFERENCE","customer_address","ca_address_sk","REFERENCE",0,"No","No","747848d0ca9ebfbb",2,1
40,"JoinHash","Semi",1441548,91,3,3,1.44155e+06,83.1805,1830,83,41350,3,1635.39,5508730,"catalog_sales","cs_sold_date_sk","DATA","date_dim","d_date_sk","REFERENCE",1,"No","No","747848d0ca9ebfbb",22,1
41,"JoinHash","Semi",100000,41350,2,3,1635.39,100000,1627,100000,4539,2,1627.41,4210578,"customer","c_customer_sk","REFERENCE","catalog_sales","cs_bill_customer_sk","REFERENCE",1,"No","No","747848d0ca9ebfbb",2,2
42,"JoinHash","Inner",1,1,3,17,7.02756,7.02756,7,7,1,20,7.02756,81789,"item","i_item_sk","REFERENCE","store_sales","ss_item_sk","REFERENCE",0,"No","No","76277e5ed4da0819",1,1
43,"JoinHash","Semi",18000,1,3,17,18000,7.02756,18000,7,1,3,7.02756,138224,"item","i_item_sk","DATA","store_sales","ss_item_sk","REFERENCE",1,"No","No","76277e5ed4da0819",1,1
44,"JoinHash","Semi",86067,274,17,2,5674.81,273.955,1830,91,9322,17,7.06771,1836662,"catalog_sales","cs_sold_date_sk","REFERENCE","date_dim","d_date_sk","REFERENCE",1,"No","No","76277e5ed4da0819",22,3
45,"JoinHash","Inner",57278,5894,4,13,315.124,5674.81,315,315,86067,17,5674.81,7191592,"catalog_sales","cs_bill_customer_sk","REFERENCE","store_returns","sr_customer_sk","REFERENCE",1,"No","No","76277e5ed4da0819",11,22
46,"JoinHash","Inner",5958,12,11,2,12,330.023,12,6,5894,13,315.124,1229912,"store_sales","ss_store_sk","REFERENCE","store","s_store_sk","REFERENCE",1,"No","No","76277e5ed4da0819",1,44
47,"JoinHash","Semi",1441548,5894,4,13,315.124,1.44155e+06,315,79641,57278,4,5674.81,7222883,"catalog_sales","cs_bill_customer_sk","REFERENCE","store_returns","sr_customer_sk","REFERENCE",1,"No","No","76277e5ed4da0819",11,22
48,"JoinHash","Inner",80124,40686,6,5,3103.12,346.904,2963,334,106367,11,334.779,11518255,"store_sales","ss_customer_sk","REFERENCE","store_returns","sr_customer_sk","REFERENCE",1,"No","No","76277e5ed4da0819",44,5
49,"JoinHash","Semi",2880404,91,6,2,82.3407,2.8804e+06,82,1823,80124,6,3103.12,13077839,"store_sales","ss_sold_date_sk","REFERENCE","date_dim","d_date_sk","REFERENCE",1,"No","No","76277e5ed4da0819",1,44
50,"JoinHash","Semi",287514,274,5,2,287514,273.955,2003,91,40686,5,346.904,2753038,"store_returns","sr_returned_date_sk","DATA","date_dim","d_date_sk","REFERENCE",1,"No","No","76277e5ed4da0819",5,3
51,"JoinHash","Inner",1336,1492,2,15,299.463,299.463,299,299,1492,17,299.463,507988,"customer_address","ca_address_sk","REFERENCE","customer","c_current_addr_sk","REFERENCE",0,"No","No","7ee6cff3a8c3d580",2,1
52,"JoinHash","Inner",1357,1504,2,13,313.589,299.463,299,299,1492,15,299.463,570919,"customer","c_customer_sk","REFERENCE","store_sales","ss_customer_sk","REFERENCE",0,"No","No","7ee6cff3a8c3d580",2,2
53,"JoinHash","Semi",50000,1492,2,15,299.463,50000,299,50000,1336,2,299.463,969598,"customer_address","ca_address_sk","REFERENCE","customer","c_current_addr_sk","REFERENCE",1,"No","No","7ee6cff3a8c3d580",2,1
54,"JoinHash","Inner",1535,12,11,2,328.415,12,6,12,1504,13,313.589,461611,"store_sales","ss_store_sk","REFERENCE","store","s_store_sk","REFERENCE",1,"No","No","7ee6cff3a8c3d580",3,1
55,"JoinHash","Semi",100000,1504,2,13,313.589,100000,299,100000,1357,2,299.463,1473534,"customer","c_customer_sk","REFERENCE","store_sales","ss_customer_sk","REFERENCE",1,"No","No","7ee6cff3a8c3d580",2,2
56,"JoinHash","Inner",1535,321,5,6,328.415,328.415,328,328,1535,11,328.415,340498,"store_sales","ss_item_sk","REFERENCE","item","i_item_sk","REFERENCE",1,"No","No","7ee6cff3a8c3d580",3,1
57,"JoinHash","Semi",88042,321,5,6,1033.44,328.415,1033,328,1535,5,328.415,2718045,"store_sales","ss_item_sk","REFERENCE","item","i_item_sk","REFERENCE",1,"No","No","7ee6cff3a8c3d580",44,1
58,"JoinHash","Semi",2880404,30,5,3,27.4221,2.8804e+06,27,1823,88042,5,1033.44,12646193,"store_sales","ss_sold_date_sk","REFERENCE","date_dim","d_date_sk","REFERENCE",1,"No","No","7ee6cff3a8c3d580",1,44
59,"JoinHash","Inner",2024,1921,4,17,669.901,669.762,669,669,2817,21,669.762,556461,"catalog_sales","cs_bill_customer_sk","REFERENCE","store_returns","sr_customer_sk","REFERENCE",1,"No","No","5a7fd39201e63d24",4,4
60,"JoinHash","Inner",1921,1723,14,3,669.901,669.901,669,669,1921,17,669.901,644676,"store_sales","ss_item_sk","REFERENCE","item","i_item_sk","REFERENCE",1,"No","No","5a7fd39201e63d24",1,4
61,"JoinHash","Semi",150459,1921,4,14,669.901,3845.85,669,3827,2024,4,669.762,1018420,"catalog_sales","cs_bill_customer_sk","REFERENCE","store_returns","sr_customer_sk","REFERENCE",1,"No","No","5a7fd39201e63d24",4,4
62,"JoinHash","Inner",1948,12,11,3,12,701.574,12,6,1921,14,669.901,649076,"store_sales","ss_store_sk","REFERENCE","store","s_store_sk","REFERENCE",1,"No","No","5a7fd39201e63d24",1,43
63,"JoinHash","Semi",1441548,214,4,3,1.44155e+06,195.611,1830,195,150459,4,3845.85,8470537,"catalog_sales","cs_sold_date_sk","DATA","date_dim","d_date_sk","REFERENCE",1,"No","No","5a7fd39201e63d24",22,1
64,"JoinHash","Semi",18000,1921,3,14,18000,669.901,18000,669,1723,3,669.901,664791,"item","i_item_sk","DATA","store_sales","ss_item_sk","REFERENCE",1,"No","No","5a7fd39201e63d24",1,4
65,"JoinHash","Inner",26370,25933,6,5,1033.44,743.097,1033,743,31706,11,743.097,5445589,"store_sales","ss_ticket_number","REFERENCE","store_returns","sr_ticket_number","REFERENCE",1,"No","No","5a7fd39201e63d24",43,5
66,"JoinHash","Semi",2880404,30,6,3,27.4221,2.8804e+06,27,1823,26370,6,1033.44,11145348,"store_sales","ss_sold_date_sk","REFERENCE","date_dim","d_date_sk","REFERENCE",1,"No","No","5a7fd39201e63d24",1,44
67,"JoinHash","Semi",287514,214,5,3,287514,195.611,2003,195,25933,5,743.097,2175764,"store_returns","sr_returned_date_sk","DATA","date_dim","d_date_sk","REFERENCE",1,"No","No","5a7fd39201e63d24",5,1
68,"JoinHash","Inner",18000,4032,2,8,6498.59,18000,6498,18000,4032,10,6498.59,1548549,"item","i_item_sk","REFERENCE","catalog_sales","cs_item_sk","REFERENCE",1,"No","No","10dbdaceb474245a",5,1
69,"JoinHash","Semi",4050,299,8,3,6531.37,600,300,300,4032,8,6498.59,374862,"catalog_sales","cs_promo_sk","REFERENCE","promotion","p_promo_sk","REFERENCE",1,"No","No","10dbdaceb474245a",5,1
70,"JoinHash","Semi",287535,27440,8,4,6563.92,27440,6531,27440,4050,8,6531.37,5559928,"catalog_sales","cs_bill_cdemo_sk","REFERENCE","customer_demographics","cd_demo_sk","REFERENCE",1,"No","No","10dbdaceb474245a",6,30
71,"JoinHash","Semi",1441548,366,8,2,1.44155e+06,333.86,1830,333,287535,8,6563.92,13500895,"catalog_sales","cs_sold_date_sk","DATA","date_dim","d_date_sk","REFERENCE",1,"No","No","10dbdaceb474245a",22,1
72,"JoinHash","Inner",1,1,18,3,32.9765,32.9765,32,32,1,21,32.9765,80601,"store_sales","ss_item_sk","REFERENCE","item","i_item_sk","REFERENCE",0,"No","No","d226deafa3236031",1,1
73,"JoinHash","Inner",1,12,15,3,12,34.5356,12,6,1,18,32.9765,111683,"store_sales","ss_store_sk","REFERENCE","store","s_store_sk","REFERENCE",0,"No","No","d226deafa3236031",1,1
74,"JoinHash","Semi",18000,1,3,18,18000,32.9765,18000,32,1,3,32.9765,131520,"item","i_item_sk","DATA","store_sales","ss_item_sk","REFERENCE",1,"No","No","d226deafa3236031",1,1
75,"JoinHash","Inner",58913,11,6,9,1033.44,36.3884,1033,36,15,15,36.3884,1666938,"store_sales","ss_ticket_number","REFERENCE","store_returns","sr_ticket_number","REFERENCE",1,"No","No","d226deafa3236031",44,7
76,"JoinHash","Semi",2880404,30,6,3,27.4221,2.8804e+06,27,1823,58913,6,1033.44,12214127,"store_sales","ss_sold_date_sk","REFERENCE","date_dim","d_date_sk","REFERENCE",1,"No","No","d226deafa3236031",1,44
77,"JoinHash","Inner",17882,117189,5,4,423.635,36.6878,408,36,148428,9,36.6878,10873718,"store_returns","sr_customer_sk","REFERENCE","catalog_sales","cs_bill_customer_sk","REFERENCE",0,"No","No","d226deafa3236031",5,14
78,"JoinHash","Semi",287514,122,5,3,287514,111.517,2003,111,17882,5,423.635,1900571,"store_returns","sr_returned_date_sk","DATA","date_dim","d_date_sk","REFERENCE",1,"No","No","d226deafa3236031",5,1
79,"JoinHash","Semi",196471,1096,4,2,7363.12,1096,1830,365,117189,4,36.6878,5741246,"catalog_sales","cs_sold_date_sk","REFERENCE","date_dim","d_date_sk","REFERENCE",1,"No","No","d226deafa3236031",22,3
80,"JoinHash","Semi",1441548,17882,4,5,423.635,1.44155e+06,408,79641,196471,4,7363.12,14297764,"catalog_sales","cs_bill_customer_sk","REFERENCE","store_returns","sr_customer_sk","REFERENCE",1,"No","No","d226deafa3236031",5,22
81,"JoinHash","Inner",1503,389,12,12,2.71131e+10,5.56501e+08,1846,795,354,24,1.50885e+19,518116,"customer_address","ca_county","REFERENCE","customer_address","ca_county","REFERENCE",1,"No","No","b3cb9453eb547241",1,1
82,"JoinHash","Inner",1628,1686,8,4,2993.15,9.0584e+06,1846,1846,1503,12,2.71131e+10,1724141,"customer_address","ca_county","REFERENCE","customer_address","ca_county","REFERENCE",0,"No","No","b3cb9453eb547241",1,1
83,"JoinHash","Inner",514,1261,8,4,671643,828.567,795,804,389,12,5.56501e+08,553736,"customer_address","ca_county","REFERENCE","customer_address","ca_county","REFERENCE",0,"No","No","b3cb9453eb547241",1,1
84,"JoinHash","Inner",1809,1657,4,4,2993.32,3026.21,1846,1846,1628,8,9.0584e+06,1686774,"customer_address","ca_county","REFERENCE","customer_address","ca_county","REFERENCE",1,"No","No","b3cb9453eb547241",1,1
85,"JoinHash","Inner",935,942,4,4,819.515,819.561,795,795,514,8,671643,687142,"customer_address","ca_county","REFERENCE","customer_address","ca_county","REFERENCE",0,"No","No","b3cb9453eb547241",1,1
86,"JoinHash","Inner",84199,6869,6,2,3134.59,2993.15,2993,2993,82209,8,2993.15,6843132,"store_sales","ss_addr_sk","REFERENCE","customer_address","ca_address_sk","REFERENCE",1,"No","No","b3cb9453eb547241",44,1
87,"JoinHash","Inner",37602,3034,6,2,828.765,828.567,828,828,37599,8,828.567,2919201,"web_sales","ws_bill_addr_sk","REFERENCE","customer_address","ca_address_sk","REFERENCE",1,"No","No","b3cb9453eb547241",11,1
88,"JoinHash","Inner",147381,11315,6,2,3169.21,3026.21,3026,3026,143944,8,3026.21,12024077,"store_sales","ss_addr_sk","REFERENCE","customer_address","ca_address_sk","REFERENCE",1,"No","No","b3cb9453eb547241",44,2
89,"JoinHash","Inner",79545,6461,6,2,3134.77,2993.32,2993,2993,77668,8,2993.32,6535113,"store_sales","ss_addr_sk","REFERENCE","customer_address","ca_address_sk","REFERENCE",1,"No","No","b3cb9453eb547241",44,1
90,"JoinHash","Inner",84199,91,3,3,3134.59,83.1759,2,83,84199,6,3134.59,4474246,"store_sales","ss_sold_date_sk","REFERENCE","date_dim","d_date_sk","REFERENCE",1,"No","No","b3cb9453eb547241",44,1
91,"JoinHash","Inner",20826,1709,6,2,819.757,819.561,819,819,20824,8,819.561,1647729,"web_sales","ws_bill_addr_sk","REFERENCE","customer_address","ca_address_sk","REFERENCE",1,"No","No","b3cb9453eb547241",11,1
92,"JoinHash","Inner",21652,1768,6,2,819.711,819.515,819,819,21648,8,819.515,1732802,"web_sales","ws_bill_addr_sk","REFERENCE","customer_address","ca_address_sk","REFERENCE",1,"No","No","b3cb9453eb547241",11,1
93,"JoinHash","Inner",37602,92,3,3,828.765,84.0945,2,84,37602,6,828.765,1960499,"web_sales","ws_sold_date_sk","REFERENCE","date_dim","d_date_sk","REFERENCE",1,"No","No","b3cb9453eb547241",11,1
94,"JoinHash","Inner",147381,92,3,3,3169.21,84.0945,2,84,147381,6,3169.21,8041266,"store_sales","ss_sold_date_sk","REFERENCE","date_dim","d_date_sk","REFERENCE",1,"No","No","b3cb9453eb547241",44,1
95,"JoinHash","Inner",79545,91,3,3,3134.77,83.1805,2,83,79545,6,3134.77,4376951,"store_sales","ss_sold_date_sk","REFERENCE","date_dim","d_date_sk","REFERENCE",1,"No","No","b3cb9453eb547241",44,1
96,"JoinHash","Semi",50000,84199,2,6,3134.59,50000,2993,50000,6869,2,2993.15,8551628,"customer_address","ca_address_sk","REFERENCE","store_sales","ss_addr_sk","REFERENCE",1,"No","No","b3cb9453eb547241",44,1
97,"JoinHash","Inner",20826,91,3,3,819.757,83.1805,2,83,20826,6,819.757,1109988,"web_sales","ws_sold_date_sk","REFERENCE","date_dim","d_date_sk","REFERENCE",1,"No","No","b3cb9453eb547241",11,1
98,"JoinHash","Inner",21652,91,3,3,819.711,83.1759,2,83,21652,6,819.711,1129685,"web_sales","ws_sold_date_sk","REFERENCE","date_dim","d_date_sk","REFERENCE",1,"No","No","b3cb9453eb547241",11,1
99,"JoinHash","Semi",50000,37602,2,6,828.765,50000,828,50000,3034,2,828.567,3182240,"customer_address","ca_address_sk","REFERENCE","web_sales","ws_bill_addr_sk","REFERENCE",1,"No","No","b3cb9453eb547241",11,1
100,"JoinHash","Semi",50000,147381,2,6,3169.21,50000,3026,50000,11315,2,3026.21,12549107,"customer_address","ca_address_sk","REFERENCE","store_sales","ss_addr_sk","REFERENCE",1,"No","No","b3cb9453eb547241",44,1
101,"JoinHash","Semi",50000,79545,2,6,3134.77,50000,2993,50000,6461,2,2993.32,9506139,"customer_address","ca_address_sk","REFERENCE","store_sales","ss_addr_sk","REFERENCE",1,"No","No","b3cb9453eb547241",44,1
102,"JoinHash","Semi",2880404,91,3,3,2.8804e+06,83.1759,1823,83,84199,3,3134.59,12153501,"store_sales","ss_sold_date_sk","DATA","date_dim","d_date_sk","REFERENCE",1,"No","No","b3cb9453eb547241",44,1
103,"JoinHash","Semi",50000,20826,2,6,819.757,50000,819,50000,1709,2,819.561,2001778,"customer_address","ca_address_sk","REFERENCE","web_sales","ws_bill_addr_sk","REFERENCE",1,"No","No","b3cb9453eb547241",11,1
104,"JoinHash","Semi",50000,21652,2,6,819.711,50000,819,50000,1768,2,819.515,1561191,"customer_address","ca_address_sk","REFERENCE","web_sales","ws_bill_addr_sk","REFERENCE",1,"No","No","b3cb9453eb547241",11,1
105,"JoinHash","Semi",719384,92,3,3,719384,84.0945,1823,84,37602,3,828.765,2736904,"web_sales","ws_sold_date_sk","DATA","date_dim","d_date_sk","REFERENCE",1,"No","No","b3cb9453eb547241",11,1
106,"JoinHash","Semi",2880404,92,3,3,2.8804e+06,84.0945,1823,84,147381,3,3169.21,14047995,"store_sales","ss_sold_date_sk","DATA","date_dim","d_date_sk","REFERENCE",1,"No","No","b3cb9453eb547241",44,1
107,"JoinHash","Semi",2880404,91,3,3,2.8804e+06,83.1805,1823,83,79545,3,3134.77,12621747,"store_sales","ss_sold_date_sk","DATA","date_dim","d_date_sk","REFERENCE",1,"No","No","b3cb9453eb547241",44,1
108,"JoinHash","Semi",719384,91,3,3,719384,83.1805,1823,83,20826,3,819.757,2716159,"web_sales","ws_sold_date_sk","DATA","date_dim","d_date_sk","REFERENCE",1,"No","No","b3cb9453eb547241",11,1
109,"JoinHash","Semi",719384,91,3,3,719384,83.1759,1823,83,21652,3,819.711,2507042,"web_sales","ws_sold_date_sk","DATA","date_dim","d_date_sk","REFERENCE",1,"No","No","b3cb9453eb547241",11,1
110,"JoinHash","Inner",350,349,3,5,763.885,729.474,729,729,350,8,729.474,172938,"store_sales","ss_customer_sk","REFERENCE","customer","c_customer_sk","REFERENCE",1,"No","No","1f3f852eeffeb3fb",1,1
111,"JoinHash","Semi",100000,350,5,3,763.885,100000,729,100000,349,5,729.474,481586,"customer","c_customer_sk","REFERENCE","store_sales","ss_customer_sk","REFERENCE",1,"No","No","1f3f852eeffeb3fb",1,2
112,"JoinHash","Semi",41026,12,5,2,800,12,6,12,40538,5,763.885,2300647,"store_sales","ss_store_sk","REFERENCE","store","s_store_sk","REFERENCE",1,"No","No","1f3f852eeffeb3fb",44,1
113,"JoinHash","Semi",376252,800,5,4,1357.04,1600,1295,800,41026,5,800,5243875,"store_sales","ss_hdemo_sk","REFERENCE","household_demographics","hd_demo_sk","REFERENCE",1,"No","No","1f3f852eeffeb3fb",44,1
114,"JoinHash","Semi",2880404,252,5,3,2.8804e+06,252.061,1823,36,376252,5,1357.04,21369292,"store_sales","ss_sold_date_sk","DATA","date_dim","d_date_sk","REFERENCE",1,"No","No","1f3f852eeffeb3fb",44,1
115,"JoinHash","Semi",20956,306745,11,2,7363.67,9434.28,2466,9009,4968,11,2466.25,9360930,"customer","c_customer_sk","REFERENCE","store_sales","ss_customer_sk","REFERENCE",1,"No","No","f2542843ada8b55c",1,44
116,"JoinHash","Semi",96562,78962,11,2,96562,2467.11,96562,2466,6213,11,2466.54,9881490,"customer","c_customer_sk","REFERENCE","web_sales","ws_bill_customer_sk","REFERENCE",1,"No","No","f2542843ada8b55c",2,11
117,"JoinHash","Semi",96562,159183,11,2,96562,4921.8,96562,4897,15741,11,4897.13,13571717,"customer","c_customer_sk","REFERENCE","catalog_sales","cs_ship_customer_sk","REFERENCE",1,"No","No","f2542843ada8b55c",2,4
118,"JoinHash","Semi",2880404,274,2,3,2.8804e+06,250.337,1823,250,306745,2,9434.28,17045354,"store_sales","ss_sold_date_sk","DATA","date_dim","d_date_sk","REFERENCE",1,"No","No","f2542843ada8b55c",44,1
119,"JoinHash","Inner",96562,50000,9,2,96562,50000,43282,50000,96562,11,96562,15048465,"customer","c_current_addr_sk","REFERENCE","customer_address","ca_address_sk","REFERENCE",1,"No","No","f2542843ada8b55c",2,1
120,"JoinHash","Inner",94215,100000,6,3,94215,100000,94215,94215,96562,9,96562,29339524,"customer_demographics","cd_demo_sk","REFERENCE","customer","c_current_cdemo_sk","REFERENCE",0,"No","No","f2542843ada8b55c",30,2
121,"JoinHash","Semi",719384,274,2,3,719384,250.337,1823,250,78962,2,2467.11,3957318,"web_sales","ws_sold_date_sk","DATA","date_dim","d_date_sk","REFERENCE",1,"No","No","f2542843ada8b55c",11,1
122,"JoinHash","Semi",1441548,274,2,3,1.44155e+06,250.337,1830,250,159183,2,4921.8,7360969,"catalog_sales","cs_sold_date_sk","DATA","date_dim","d_date_sk","REFERENCE",1,"No","No","f2542843ada8b55c",22,1
123,"JoinHash","Semi",1920800,100000,6,3,1.9208e+06,100000,1920800,94215,94215,6,94215,38748368,"customer_demographics","cd_demo_sk","DATA","customer","c_current_cdemo_sk","REFERENCE",1,"No","No","f2542843ada8b55c",30,2
124,"JoinHash","Inner",3080,3170,7,7,21418.2,19514.8,18000,18000,1099,14,23220.7,649286,"item","i_item_sk","REFERENCE","item","i_item_sk","REFERENCE",0,"No","No","c472acfef2176cba",1,1
125,"JoinHash","Inner",180000,5,8,2,21418.2,5,5,5,180000,10,21418.2,9984932,"inventory","inv_warehouse_sk","REFERENCE","warehouse","w_warehouse_sk","REFERENCE",1,"No","No","c472acfef2176cba",4,1
126,"JoinHash","Inner",180000,5,8,2,19514.8,5,5,5,180000,10,19514.8,10070004,"inventory","inv_warehouse_sk","REFERENCE","warehouse","w_warehouse_sk","REFERENCE",1,"No","No","c472acfef2176cba",4,1
127,"JoinHash","Inner",180000,18000,7,1,21418.2,18000,18000,18000,180000,8,21418.2,12768353,"inventory","inv_item_sk","REFERENCE","item","i_item_sk","REFERENCE",1,"No","No","c472acfef2176cba",4,1
128,"JoinHash","Inner",180000,18000,7,1,19514.8,18000,18000,18000,180000,8,19514.8,12157063,"inventory","inv_item_sk","REFERENCE","item","i_item_sk","REFERENCE",1,"No","No","c472acfef2176cba",4,1
129,"JoinHash","Inner",180000,31,4,3,21418.2,28.3362,0,28,180000,7,21418.2,9366379,"inventory","inv_date_sk","REFERENCE","date_dim","d_date_sk","REFERENCE",1,"No","No","c472acfef2176cba",4,1
130,"JoinHash","Inner",180000,28,4,3,19514.8,25.8179,0,25,180000,7,19514.8,10607606,"inventory","inv_date_sk","REFERENCE","date_dim","d_date_sk","REFERENCE",1,"No","No","c472acfef2176cba",4,1
131,"JoinHash","Semi",11745000,31,4,3,1.1745e+07,28.3362,261,28,180000,4,21418.2,32692746,"inventory","inv_date_sk","DATA","date_dim","d_date_sk","REFERENCE",1,"No","No","c472acfef2176cba",180,1
132,"JoinHash","Semi",11745000,28,4,3,1.1745e+07,25.8179,261,25,180000,4,19514.8,31502855,"inventory","inv_date_sk","DATA","date_dim","d_date_sk","REFERENCE",1,"No","No","c472acfef2176cba",180,1
133,"JoinHash","Inner",122,3170,7,7,21418.2,19514.8,18000,18000,53,14,23220.7,247184,"item","i_item_sk","REFERENCE","item","i_item_sk","REFERENCE",0,"No","No","ea189fd9834a0c7c",1,1
134,"JoinHash","Inner",180000,5,8,2,19514.8,5,5,5,180000,10,19514.8,9944072,"inventory","inv_warehouse_sk","REFERENCE","warehouse","w_warehouse_sk","REFERENCE",1,"No","No","ea189fd9834a0c7c",4,1
135,"JoinHash","Inner",180000,5,8,2,21418.2,5,5,5,180000,10,21418.2,10008330,"inventory","inv_warehouse_sk","REFERENCE","warehouse","w_warehouse_sk","REFERENCE",1,"No","No","ea189fd9834a0c7c",4,1
136,"JoinHash","Inner",180000,18000,7,1,19514.8,18000,18000,18000,180000,8,19514.8,12148752,"inventory","inv_item_sk","REFERENCE","item","i_item_sk","REFERENCE",1,"No","No","ea189fd9834a0c7c",4,1
137,"JoinHash","Inner",180000,18000,7,1,21418.2,18000,18000,18000,180000,8,21418.2,12193522,"inventory","inv_item_sk","REFERENCE","item","i_item_sk","REFERENCE",1,"No","No","ea189fd9834a0c7c",4,1
138,"JoinHash","Inner",180000,28,4,3,19514.8,25.8179,0,25,180000,7,19514.8,7582519,"inventory","inv_date_sk","REFERENCE","date_dim","d_date_sk","REFERENCE",1,"No","No","ea189fd9834a0c7c",4,1
139,"JoinHash","Inner",180000,31,4,3,21418.2,28.3362,0,28,180000,7,21418.2,7796805,"inventory","inv_date_sk","REFERENCE","date_dim","d_date_sk","REFERENCE",1,"No","No","ea189fd9834a0c7c",4,1
140,"JoinHash","Semi",11745000,28,4,3,1.1745e+07,25.8179,261,25,180000,4,19514.8,32414900,"inventory","inv_date_sk","DATA","date_dim","d_date_sk","REFERENCE",1,"No","No","ea189fd9834a0c7c",180,1
141,"JoinHash","Semi",11745000,31,4,3,1.1745e+07,28.3362,261,28,180000,4,21418.2,32585114,"inventory","inv_date_sk","DATA","date_dim","d_date_sk","REFERENCE",1,"No","No","ea189fd9834a0c7c",180,1
142,"JoinHash","Inner",1503,30,7,3,27.4221,328.415,27,0,1503,10,328.415,242784,"store_sales","ss_sold_date_sk","REFERENCE","date_dim","d_date_sk","REFERENCE",1,"No","No","2f68c8df87906c39",1,3
143,"JoinHash","Inner",1503,321,3,4,328.415,328.415,328,328,1503,7,328.415,351114,"store_sales","ss_item_sk","REFERENCE","item","i_item_sk","REFERENCE",1,"No","No","2f68c8df87906c39",3,1
144,"JoinHash","Semi",88679,321,3,4,1033.44,328.415,1033,328,1503,3,328.415,2834409,"store_sales","ss_item_sk","REFERENCE","item","i_item_sk","REFERENCE",1,"No","No","2f68c8df87906c39",44,1
145,"JoinHash","Semi",2880404,30,3,3,27.4221,2.8804e+06,27,1823,88679,3,1033.44,11554365,"store_sales","ss_sold_date_sk","REFERENCE","date_dim","d_date_sk","REFERENCE",1,"No","No","2f68c8df87906c39",1,44
146,"JoinHash","Inner",553861,12,6,4,12,12582,12,6,540754,10,12014,29447086,"store_sales","ss_store_sk","REFERENCE","store","s_store_sk","REFERENCE",1,"No","No","ac2f9c4228030d9d",1,44
147,"JoinHash","Inner",553861,366,3,3,333.86,12582,333,8,553861,6,12582,26075355,"store_sales","ss_sold_date_sk","REFERENCE","date_dim","d_date_sk","REFERENCE",1,"No","No","ac2f9c4228030d9d",1,44
148,"JoinHash","Semi",2880404,366,3,3,333.86,2.8804e+06,333,1823,553861,3,12582,21226806,"store_sales","ss_sold_date_sk","REFERENCE","date_dim","d_date_sk","REFERENCE",1,"No","No","ac2f9c4228030d9d",1,44
149,"JoinHash","Semi",21362,10,11,1,819.567,10,819,10,19,11,819.567,5072963,"item","i_item_id","REFERENCE","item","i_item_id","REFERENCE",1,"No","No","c1558ce7f598faf2",11,1
150,"JoinHash","Inner",21362,8176,9,2,819.567,819.757,819,819,21362,11,819.567,2872334,"web_sales","ws_item_sk","REFERENCE","item","i_item_sk","REFERENCE",1,"No","No","c1558ce7f598faf2",11,1
151,"JoinHash","Inner",21363,1755,4,5,819.757,819.567,819,819,21362,9,819.567,1566569,"web_sales","ws_bill_customer_sk","REFERENCE","customer","c_customer_sk","REFERENCE",1,"No","No","c1558ce7f598faf2",11,1
152,"JoinHash","Inner",1755,50000,2,3,819.567,50000,819,50000,1755,5,819.567,730726,"customer","c_current_addr_sk","REFERENCE","customer_address","ca_address_sk","REFERENCE",0,"No","No","c1558ce7f598faf2",2,1
153,"JoinHash","Semi",18000,21363,2,4,819.757,18000,819,18000,8176,2,819.757,3292876,"item","i_item_sk","REFERENCE","web_sales","ws_item_sk","REFERENCE",1,"No","No","c1558ce7f598faf2",11,1
154,"JoinHash","Semi",719384,91,4,3,719384,83.1805,1823,83,21363,4,819.757,2453540,"web_sales","ws_sold_date_sk","DATA","date_dim","d_date_sk","REFERENCE",1,"No","No","c1558ce7f598faf2",11,1
155,"JoinHash","Semi",100000,21363,2,4,819.757,100000,819,100000,1755,2,819.567,2535888,"customer","c_customer_sk","REFERENCE","web_sales","ws_bill_customer_sk","REFERENCE",1,"No","No","c1558ce7f598faf2",11,2
156,"JoinHash","Inner",1023,32229,3,10,0,0,0,0,2619,13,0,1926275,"customer_demographics","cd_demo_sk","REFERENCE","store_sales","ss_cdemo_sk","REFERENCE",0,"No","No","c49841c711905e98",2,1
157,"JoinHash","Semi",164640,32229,3,10,164640,0,54880,0,1023,3,0,18994328,"customer_demographics","cd_demo_sk","REFERENCE","store_sales","ss_cdemo_sk","REFERENCE",1,"No","No","c49841c711905e98",3,1
158,"JoinHash","Semi",32432,12,10,1,12,532.974,12,0,32229,10,0,3789409,"store_sales","ss_store_sk","REFERENCE","store","s_store_sk","REFERENCE",1,"No","No","c49841c711905e98",1,1
159,"JoinHash","Inner",14317,553861,3,7,12582,10903.5,12014,2269,154475,10,2269.35,13458149,"customer_address","ca_address_sk","REFERENCE","store_sales","ss_addr_sk","REFERENCE",0,"No","No","c49841c711905e98",44,1
160,"JoinHash","Semi",2880404,366,7,2,2.8804e+06,333.86,1823,333,553861,7,12582,23856847,"store_sales","ss_sold_date_sk","DATA","date_dim","d_date_sk","REFERENCE",1,"No","No","c49841c711905e98",44,1
161,"JoinHash","Inner",2137,12,9,11,1164.66,12,6,12,2105,20,1112.08,563375,"store_sales","ss_store_sk","REFERENCE","store","s_store_sk","REFERENCE",1,"No","No","9ba0ff608aba8792",5,1
162,"JoinHash","Semi",2196,201,9,1,1219.75,1092.26,1092,1092,2137,9,1164.66,407829,"store_sales","ss_sold_date_sk","REFERENCE","date_dim","d_date_sk","REFERENCE",1,"No","No","9ba0ff608aba8792",44,1
163,"JoinHash","Semi",73049,2196,1,9,1219.75,73049,1092,73049,201,1,1092.26,790094,"date_dim","d_date_sk","REFERENCE","store_sales","ss_sold_date_sk","REFERENCE",1,"No","No","9ba0ff608aba8792",44,2
164,"JoinHash","Inner",33689,2976,5,4,1291.94,107.645,107,107,37114,9,1291.94,2715810,"store_sales","ss_ticket_number","REFERENCE","store_returns","sr_ticket_number","REFERENCE",1,"No","No","9ba0ff608aba8792",44,5
165,"JoinHash","Semi",2880404,2976,5,4,2.8804e+06,107.645,240000,107,33689,5,1291.94,9910965,"store_sales","ss_ticket_number","DATA","store_returns","sr_ticket_number","REFERENCE",1,"Ascending","No","9ba0ff608aba8792",44,5
166,"JoinHash","Semi",287514,31,4,3,287514,28.3362,2003,28,2976,4,107.645,1091688,"store_returns","sr_returned_date_sk","DATA","date_dim","d_date_sk","REFERENCE",1,"No","No","9ba0ff608aba8792",5,1
167,"JoinHash","Inner",1503,30,7,3,27.4221,328.415,27,0,1503,10,328.415,236079,"store_sales","ss_sold_date_sk","REFERENCE","date_dim","d_date_sk","REFERENCE",1,"No","No","dfd5d73db008470",1,3
168,"JoinHash","Inner",1503,321,3,4,328.415,328.415,328,328,1503,7,328.415,297054,"store_sales","ss_item_sk","REFERENCE","item","i_item_sk","REFERENCE",1,"No","No","dfd5d73db008470",3,1
169,"JoinHash","Semi",88679,321,3,4,1033.44,328.415,1033,328,1503,3,328.415,2416521,"store_sales","ss_item_sk","REFERENCE","item","i_item_sk","REFERENCE",1,"No","No","dfd5d73db008470",44,1
170,"JoinHash","Semi",2880404,30,3,3,27.4221,2.8804e+06,27,1823,88679,3,1033.44,10719848,"store_sales","ss_sold_date_sk","REFERENCE","date_dim","d_date_sk","REFERENCE",1,"No","No","dfd5d73db008470",1,44
171,"JoinHash","Inner",1708,339,3,4,309.068,309.068,309,309,1708,7,309.068,339031,"store_sales","ss_item_sk","REFERENCE","item","i_item_sk","REFERENCE",1,"No","No","24cc61038fcacf93",4,1
172,"JoinHash","Semi",86281,339,3,4,1033.44,309.068,1033,309,1708,3,309.068,1684818,"store_sales","ss_item_sk","REFERENCE","item","i_item_sk","REFERENCE",1,"No","No","24cc61038fcacf93",44,1
173,"JoinHash","Semi",2880404,30,3,3,27.4221,2.8804e+06,27,1823,86281,3,1033.44,9930452,"store_sales","ss_sold_date_sk","REFERENCE","date_dim","d_date_sk","REFERENCE",1,"No","No","24cc61038fcacf93",1,44
174,"JoinHash","Inner",143106,20,22,2,3257.06,20,20,20,143099,24,3256.27,9377973,"web_sales","ws_ship_mode_sk","REFERENCE","ship_mode","sm_ship_mode_sk","REFERENCE",1,"No","No","a203e0bb1c413813",11,1
175,"JoinHash","Inner",143120,30,20,2,3257.9,30,30,30,143106,22,3257.06,8205543,"web_sales","ws_web_site_sk","REFERENCE","web_site","web_site_sk","REFERENCE",1,"No","No","a203e0bb1c413813",11,1
176,"JoinHash","Inner",143138,5,5,15,3258.71,5,5,5,143120,20,3257.9,8470258,"web_sales","ws_warehouse_sk","REFERENCE","warehouse","w_warehouse_sk","REFERENCE",1,"No","No","a203e0bb1c413813",11,1
177,"JoinHash","Semi",719384,366,5,2,719384,330.984,1946,330,143138,5,3258.71,5789790,"web_sales","ws_ship_date_sk","DATA","date_dim","d_date_sk","REFERENCE",1,"No","No","a203e0bb1c413813",11,1
178,"JoinHash","Inner",7,53996,2,10,12594.9,12026.3,6,6,53996,12,2.41053e+07,2966277,"store_sales","ss_store_sk","REFERENCE","store_sales","ss_store_sk","REFERENCE",0,"No","No","901db9dd2feb2d10",1,1
179,"JoinHash","Inner",53996,18000,5,5,18000,12026.3,18000,12026,53996,10,12026.3,6378170,"store_sales","ss_item_sk","REFERENCE","item","i_item_sk","REFERENCE",1,"No","No","901db9dd2feb2d10",1,1
180,"JoinHash","Inner",60871,12,3,2,12,12594.9,12,6,53996,5,12026.3,2203492,"store_sales","ss_store_sk","REFERENCE","store","s_store_sk","REFERENCE",1,"No","No","901db9dd2feb2d10",1,1
181,"JoinHash","Semi",2880404,365,4,2,2.8804e+06,334.202,1823,334,550596,4,12594.9,21429359,"store_sales","ss_sold_date_sk","DATA","date_dim","d_date_sk","REFERENCE",1,"No","No","901db9dd2feb2d10",44,1
182,"JoinHash","Inner",9430,602,6,3,945.074,978.605,945,944,579,9,944.961,1187586,"customer_demographics","cd_demo_sk","REFERENCE","customer","c_current_cdemo_sk","REFERENCE",1,"No","No","105285333f5ba7f4",15,1
183,"JoinHash","AntiNullAsFalse",617,21439,3,2,978.605,819.757,978,819,602,3,978.605,556251,"customer","c_customer_sk","REFERENCE","web_sales","ws_bill_customer_sk","REFERENCE",1,"No","No","105285333f5ba7f4",1,11
184,"JoinHash","Semi",1920800,9807,6,3,1.9208e+06,978.723,1920800,945,9430,6,945.074,10333392,"customer_demographics","cd_demo_sk","DATA","customer","c_current_cdemo_sk","REFERENCE",1,"No","No","105285333f5ba7f4",30,2
185,"JoinHash","AntiNullAsFalse",652,41378,3,2,978.605,1635.39,978,1627,617,3,978.605,358867,"customer","c_customer_sk","REFERENCE","catalog_sales","cs_ship_customer_sk","REFERENCE",1,"No","No","105285333f5ba7f4",1,2
186,"JoinHash","Semi",719384,91,2,3,719384,83.1805,1823,83,21439,2,819.757,2277249,"web_sales","ws_sold_date_sk","REFERENCE","date_dim","d_date_sk","REFERENCE",1,"No","No","105285333f5ba7f4",11,1
187,"JoinHash","Semi",9807,79346,3,2,978.723,3134.77,978,2993,652,3,978.605,2846840,"customer","c_customer_sk","REFERENCE","store_sales","ss_customer_sk","REFERENCE",1,"No","No","105285333f5ba7f4",2,44
188,"JoinHash","Semi",1441548,91,2,3,1.44155e+06,83.1805,1830,83,41378,2,1635.39,4436529,"catalog_sales","cs_sold_date_sk","REFERENCE","date_dim","d_date_sk","REFERENCE",1,"No","No","105285333f5ba7f4",22,1
189,"JoinHash","Semi",100000,4891,3,2,100000,3649.64,43282,423,9807,3,978.723,1772055,"customer","c_current_addr_sk","DATA","customer_address","ca_address_sk","REFERENCE",1,"No","No","105285333f5ba7f4",2,3
190,"JoinHash","Semi",2880404,91,2,3,2.8804e+06,83.1805,1823,83,79346,2,3134.77,10759451,"store_sales","ss_sold_date_sk","DATA","date_dim","d_date_sk","REFERENCE",1,"No","No","105285333f5ba7f4",44,1
191,"JoinHash","Inner",71,4,3,5,763.885,729.474,729,729,4,8,729.474,63909,"store_sales","ss_customer_sk","REFERENCE","customer","c_customer_sk","REFERENCE",1,"No","No","2b7e6ed9df8e2f99",1,1
192,"JoinHash","Semi",100000,71,5,3,763.885,100000,729,100000,4,5,729.474,314376,"customer","c_customer_sk","REFERENCE","store_sales","ss_customer_sk","REFERENCE",1,"No","No","2b7e6ed9df8e2f99",1,2
193,"JoinHash","Semi",11688,12,5,2,800,12,6,12,11555,5,763.885,887949,"store_sales","ss_store_sk","REFERENCE","store","s_store_sk","REFERENCE",1,"No","No","2b7e6ed9df8e2f99",19,1
194,"JoinHash","Semi",108678,800,5,4,904.691,1600,863,800,11688,5,800,2762537,"store_sales","ss_hdemo_sk","REFERENCE","household_demographics","hd_demo_sk","REFERENCE",1,"No","No","2b7e6ed9df8e2f99",44,1
195,"JoinHash","Semi",2880404,72,5,3,2.8804e+06,72.0174,1823,24,108678,5,904.691,11036738,"store_sales","ss_sold_date_sk","DATA","date_dim","d_date_sk","REFERENCE",1,"No","No","2b7e6ed9df8e2f99",44,3
196,"JoinHash","Inner",7468,6557,5,3,630.205,601.817,601,601,7013,8,601.817,1378126,"store_sales","ss_customer_sk","REFERENCE","customer","c_customer_sk","REFERENCE",1,"No","No","741bc3f2dfb09756",1,2
197,"JoinHash","Semi",100000,7468,3,5,630.205,100000,601,100000,6557,3,601.817,1521798,"customer","c_customer_sk","REFERENCE","store_sales","ss_customer_sk","REFERENCE",1,"No","No","741bc3f2dfb09756",1,2
198,"JoinHash","Inner",91665,11,8,3,720.001,11,6,11,75163,11,630.205,4701104,"store_sales","ss_store_sk","REFERENCE","store","s_store_sk","REFERENCE",1,"No","No","741bc3f2dfb09756",44,1
199,"JoinHash","Semi",235448,2880,8,3,1966.95,3120,1878,720,91665,8,720.001,5282919,"store_sales","ss_hdemo_sk","REFERENCE","household_demographics","hd_demo_sk","REFERENCE",1,"No","No","741bc3f2dfb09756",44,1
200,"JoinHash","Semi",2880404,157,8,3,2.8804e+06,156.578,1823,52,235448,8,1966.95,14964791,"store_sales","ss_sold_date_sk","DATA","date_dim","d_date_sk","REFERENCE",1,"No","No","741bc3f2dfb09756",44,3
201,"JoinHash","Inner",6828,1173,3,18,645.746,633.142,633,633,339,21,633.142,279801,"catalog_returns","cr_returning_customer_sk","REFERENCE","customer","c_customer_sk","REFERENCE",1,"No","No","1c41ac70227eb819",1,1
202,"JoinHash","Semi",27796,52,3,2,645.746,645.746,49,49,6828,3,645.746,5474995,"customer_address","ca_state","REFERENCE","customer_address","ca_state","REFERENCE",1,"No","No","1c41ac70227eb819",1,1
203,"JoinHash","Inner",1173,2446,6,12,1798.25,633.142,1798,633,1173,18,633.142,861617,"customer","c_current_addr_sk","REFERENCE","customer_address","ca_address_sk","REFERENCE",0,"No","No","1c41ac70227eb819",1,2
204,"JoinHash","Semi",24360,2446,6,12,1798.25,633.142,1798,633,1173,6,633.142,628751,"customer","c_current_addr_sk","REFERENCE","customer_address","ca_address_sk","REFERENCE",1,"No","No","1c41ac70227eb819",1,2
205,"JoinHash","Inner",21563,28837,12,4,658.75,645.746,645,645,28260,16,645.746,4772208,"customer_address","ca_address_sk","REFERENCE","catalog_returns","cr_returning_addr_sk","REFERENCE",0,"No","No","1c41ac70227eb819",2,1
206,"JoinHash","Semi",100000,27796,6,3,645.746,100000,633,100000,24360,6,633.142,4649209,"customer","c_customer_sk","REFERENCE","catalog_returns","cr_returning_customer_sk","REFERENCE",1,"No","No","1c41ac70227eb819",1,2
207,"JoinHash","Semi",50000,28837,12,4,658.75,50000,645,50000,21563,12,645.746,5315048,"customer_address","ca_address_sk","REFERENCE","catalog_returns","cr_returning_addr_sk","REFERENCE",1,"No","No","1c41ac70227eb819",2,1
208,"JoinHash","Semi",144067,366,4,2,144067,333.86,2060,333,28837,4,658.75,1269236,"catalog_returns","cr_returned_date_sk","DATA","date_dim","d_date_sk","REFERENCE",1,"No","No","1c41ac70227eb819",3,1
209,"JoinHash","Inner",325,682,4,2,3.99789e+10,68636,9000,9000,21,6,2.74399e+15,248511,"item","i_item_id","REFERENCE","item","i_item_id","REFERENCE",0,"No","No","ec84b20b69353252",1,1
210,"JoinHash","Inner",2276,1292,2,2,277502,144067,9000,9000,325,4,3.99789e+10,976932,"item","i_item_id","REFERENCE","item","i_item_id","REFERENCE",1,"No","No","ec84b20b69353252",1,1
211,"JoinHash","Inner",712,18000,3,2,68636,18000,17029,18000,712,5,68636,340219,"web_returns","wr_item_sk","REFERENCE","item","i_item_sk","REFERENCE",0,"No","No","ec84b20b69353252",2,1
212,"JoinHash","Inner",2619,18000,3,2,277502,18000,17996,18000,2619,5,277502,1029805,"store_returns","sr_item_sk","REFERENCE","item","i_item_sk","REFERENCE",0,"No","No","ec84b20b69353252",5,1
213,"JoinHash","Inner",1367,18000,3,2,144067,18000,17862,18000,1367,5,144067,482843,"catalog_returns","cr_item_sk","REFERENCE","item","i_item_sk","REFERENCE",0,"No","No","ec84b20b69353252",2,1
214,"JoinHash","Semi",71763,21,3,3,71763,2113,2113,2112,712,3,68636,296914,"web_returns","wr_returned_date_sk","REFERENCE","date_dim","d_date_sk","REFERENCE",1,"No","No","ec84b20b69353252",2,1
215,"JoinHash","Semi",2113,21,3,1,2113,6.99971,2112,6,21,3,2113,223926,"date_dim","d_date","REFERENCE","date_dim","d_date","REFERENCE",1,"No","No","ec84b20b69353252",1,1
216,"JoinHash","Semi",287514,21,3,3,287514,73049,2003,73049,2619,3,277502,1031481,"store_returns","sr_returned_date_sk","DATA","date_dim","d_date_sk","REFERENCE",1,"No","No","ec84b20b69353252",5,1
217,"JoinHash","Semi",144067,21,3,3,144067,73049,2060,73049,1367,3,144067,469224,"catalog_returns","cr_returned_date_sk","DATA","date_dim","d_date_sk","REFERENCE",1,"No","No","ec84b20b69353252",3,1
218,"JoinHash","Semi",73049,21,3,1,73049,6.99971,73049,6,21,3,73049,6091942,"date_dim","d_date","REFERENCE","date_dim","d_date","REFERENCE",1,"No","No","ec84b20b69353252",2,1
219,"JoinHash","Semi",73049,71763,3,3,71763,73049,2113,73049,2113,3,2113,3909054,"date_dim","d_date_sk","REFERENCE","web_returns","wr_returned_date_sk","REFERENCE",1,"No","No","ec84b20b69353252",2,2
220,"JoinHash","Semi",73049,3,3,1,73049,3,10436,1,21,3,6.99971,243133,"date_dim","d_week_seq","REFERENCE","date_dim","d_week_seq","REFERENCE",1,"No","No","ec84b20b69353252",2,3
221,"JoinHash","Semi",73049,3,3,1,73049,3,10436,1,21,3,6.99971,253470,"date_dim","d_week_seq","DATA","date_dim","d_week_seq","REFERENCE",1,"No","No","ec84b20b69353252",2,3
222,"JoinHash","Inner",139,12209,19,7,495.72,110.488,115,110,229,26,110.488,430948,"web_returns","wr_order_number","REFERENCE","web_sales","ws_order_number","REFERENCE",0,"No","No","aecea1dd577191a6",1,1
223,"JoinHash","Inner",1075,140,3,16,679.395,115.67,679,110,139,19,110.488,234752,"customer_demographics","cd_demo_sk","REFERENCE","web_returns","wr_returning_cdemo_sk","REFERENCE",1,"No","No","aecea1dd577191a6",3,1
224,"JoinHash","Semi",1085,12209,16,7,495.72,711.26,115,711,140,16,115.67,1308001,"web_returns","wr_order_number","REFERENCE","web_sales","ws_order_number","REFERENCE",1,"No","No","aecea1dd577191a6",1,1
225,"JoinHash","Semi",142182,60,7,1,3290.24,60,60,60,142166,7,3289.38,5135545,"web_sales","ws_web_page_sk","REFERENCE","web_page","wp_web_page_sk","REFERENCE",1,"No","No","aecea1dd577191a6",11,1
226,"JoinHash","Semi",1920800,1085,3,16,1.9208e+06,711.26,1920800,679,1075,3,679.395,5548961,"customer_demographics","cd_demo_sk","DATA","web_returns","wr_returning_cdemo_sk","REFERENCE",1,"No","No","aecea1dd577191a6",30,1
227,"JoinHash","Inner",1085,9548,13,3,9333.16,711.26,423,423,1085,16,711.26,571967,"web_returns","wr_refunded_addr_sk","REFERENCE","customer_address","ca_address_sk","REFERENCE",0,"No","No","aecea1dd577191a6",1,2
228,"JoinHash","Semi",719384,366,7,2,719384,333.86,1823,333,142182,7,3290.24,6354841,"web_sales","ws_sold_date_sk","DATA","date_dim","d_date_sk","REFERENCE",1,"No","No","aecea1dd577191a6",11,1
229,"JoinHash","Inner",1094,35,11,2,35,744.586,35,35,1085,13,711.26,263597,"web_returns","wr_reason_sk","REFERENCE","reason","r_reason_sk","REFERENCE",1,"No","No","aecea1dd577191a6",1,2
230,"JoinHash","Inner",164640,13145,3,8,164640,779.679,54880,744,1094,11,744.586,8513771,"customer_demographics","cd_demo_sk","REFERENCE","web_returns","wr_refunded_cdemo_sk","REFERENCE",1,"No","No","aecea1dd577191a6",3,2
231,"JoinHash","Semi",71763,9548,8,3,9333.16,71763,423,37262,13145,8,779.679,2670480,"web_returns","wr_refunded_addr_sk","REFERENCE","customer_address","ca_address_sk","REFERENCE",1,"No","No","aecea1dd577191a6",1,2
232,"JoinHash","Semi",9009,1920,4,3,4630.96,1920,4422,720,2334,4,720.001,680646,"store_sales","ss_hdemo_sk","REFERENCE","household_demographics","hd_demo_sk","REFERENCE",1,"No","No","b5449accdea88518",15,1
233,"JoinHash","Semi",17837,1920,4,3,4630.96,1920,4422,720,4564,4,720.001,1032180,"store_sales","ss_hdemo_sk","REFERENCE","household_demographics","hd_demo_sk","REFERENCE",1,"No","No","b5449accdea88518",23,1
234,"JoinHash","Semi",18079,1920,4,3,4630.96,1920,4422,720,4726,4,720.001,1137438,"store_sales","ss_hdemo_sk","REFERENCE","household_demographics","hd_demo_sk","REFERENCE",1,"No","No","b5449accdea88518",24,1
235,"JoinHash","Semi",53895,1,4,2,58198.9,1,6,1,9009,4,4630.96,850371,"store_sales","ss_store_sk","REFERENCE","store","s_store_sk","REFERENCE",1,"No","No","b5449accdea88518",44,1
236,"JoinHash","Semi",27218,1920,4,3,4630.96,1920,4422,720,7115,4,720.001,1213709,"store_sales","ss_hdemo_sk","REFERENCE","household_demographics","hd_demo_sk","REFERENCE",1,"No","No","b5449accdea88518",44,1
237,"JoinHash","Semi",27516,1920,4,3,4630.96,1920,4422,720,7538,4,720.001,1121023,"store_sales","ss_hdemo_sk","REFERENCE","household_demographics","hd_demo_sk","REFERENCE",1,"No","No","b5449accdea88518",44,1
238,"JoinHash","Semi",109475,1,4,2,58198.9,1,6,1,17837,4,4630.96,1239342,"store_sales","ss_store_sk","REFERENCE","store","s_store_sk","REFERENCE",1,"No","No","b5449accdea88518",44,1
239,"JoinHash","Semi",15097,1920,4,3,4630.96,1920,4422,720,3960,4,720.001,1098044,"store_sales","ss_hdemo_sk","REFERENCE","household_demographics","hd_demo_sk","REFERENCE",1,"No","No","b5449accdea88518",22,1
240,"JoinHash","Semi",112046,1,4,2,58198.9,1,6,1,18079,4,4630.96,1407112,"store_sales","ss_store_sk","REFERENCE","store","s_store_sk","REFERENCE",1,"No","No","b5449accdea88518",44,1
241,"JoinHash","Semi",2880404,1800,4,3,2.8804e+06,1800,45647,1799,53895,4,58198.9,9575496,"store_sales","ss_sold_time_sk","DATA","time_dim","t_time_sk","REFERENCE",1,"No","No","b5449accdea88518",44,1
242,"JoinHash","Semi",165289,1,4,2,58198.9,1,6,1,27218,4,4630.96,1799225,"store_sales","ss_store_sk","REFERENCE","store","s_store_sk","REFERENCE",1,"No","No","b5449accdea88518",44,1
243,"JoinHash","Semi",166212,1,4,2,58198.9,1,6,1,27516,4,4630.96,1670778,"store_sales","ss_store_sk","REFERENCE","store","s_store_sk","REFERENCE",1,"No","No","b5449accdea88518",44,1
244,"JoinHash","Semi",2880404,1800,4,3,2.8804e+06,1800,45647,1799,109475,4,58198.9,10707485,"store_sales","ss_sold_time_sk","DATA","time_dim","t_time_sk","REFERENCE",1,"No","No","b5449accdea88518",44,1
245,"JoinHash","Semi",15413,1920,4,3,4630.96,1920,4422,720,4129,4,720.001,1194501,"store_sales","ss_hdemo_sk","REFERENCE","household_demographics","hd_demo_sk","REFERENCE",1,"No","No","b5449accdea88518",22,1
246,"JoinHash","Semi",17936,1920,4,3,4630.96,1920,4422,720,4533,4,720.001,1210706,"store_sales","ss_hdemo_sk","REFERENCE","household_demographics","hd_demo_sk","REFERENCE",1,"No","No","b5449accdea88518",23,1
247,"JoinHash","Semi",94867,1,4,2,58198.9,1,6,1,15097,4,4630.96,1273217,"store_sales","ss_store_sk","REFERENCE","store","s_store_sk","REFERENCE",1,"No","No","b5449accdea88518",44,1
248,"JoinHash","Semi",2880404,1800,4,3,2.8804e+06,1800,45647,1799,112046,4,58198.9,10860867,"store_sales","ss_sold_time_sk","DATA","time_dim","t_time_sk","REFERENCE",1,"No","No","b5449accdea88518",44,1
249,"JoinHash","Semi",2880404,1800,4,3,2.8804e+06,1800,45647,1799,165289,4,58198.9,11991668,"store_sales","ss_sold_time_sk","DATA","time_dim","t_time_sk","REFERENCE",1,"No","No","b5449accdea88518",44,1
250,"JoinHash","Semi",2880404,1800,4,3,2.8804e+06,1800,45647,1799,166212,4,58198.9,11926013,"store_sales","ss_sold_time_sk","DATA","time_dim","t_time_sk","REFERENCE",1,"No","No","b5449accdea88518",44,1
251,"JoinHash","Semi",96639,1,4,2,58198.9,1,6,1,15413,4,4630.96,2051577,"store_sales","ss_store_sk","REFERENCE","store","s_store_sk","REFERENCE",1,"No","No","b5449accdea88518",44,1
252,"JoinHash","Semi",108250,1,4,2,58198.9,1,6,1,17936,4,4630.96,1684330,"store_sales","ss_store_sk","REFERENCE","store","s_store_sk","REFERENCE",1,"No","No","b5449accdea88518",44,1
253,"JoinHash","Semi",2880404,1800,4,3,2.8804e+06,1800,45647,1799,94867,4,58198.9,10403098,"store_sales","ss_sold_time_sk","DATA","time_dim","t_time_sk","REFERENCE",1,"No","No","b5449accdea88518",44,1
254,"JoinHash","Semi",2880404,1800,4,3,2.8804e+06,1800,45647,1799,96639,4,58198.9,11955488,"store_sales","ss_sold_time_sk","DATA","time_dim","t_time_sk","REFERENCE",1,"No","No","b5449accdea88518",44,1
255,"JoinHash","Semi",2880404,1800,4,3,2.8804e+06,1800,45647,1799,108250,4,58198.9,10866314,"store_sales","ss_sold_time_sk","DATA","time_dim","t_time_sk","REFERENCE",1,"No","No","b5449accdea88518",44,1
256,"JoinHash","Inner",1,6,11,4,53.0515,6,6,6,1,15,52.0016,67890,"catalog_returns","cr_call_center_sk","REFERENCE","call_center","cc_call_center_sk","REFERENCE",0,"No","No","c86892b6d2937a1c",1,1
257,"JoinHash","Inner",1,103,4,7,53.0515,2019.34,53,2019,1,11,53.0515,71313,"catalog_returns","cr_returning_customer_sk","REFERENCE","customer","c_customer_sk","REFERENCE",0,"No","No","c86892b6d2937a1c",1,1
258,"JoinHash","Inner",103,1705,3,4,2019.34,2091.24,2019,2019,103,7,2019.34,154359,"customer_demographics","cd_demo_sk","REFERENCE","customer","c_current_cdemo_sk","REFERENCE",0,"No","No","c86892b6d2937a1c",1,2
259,"JoinHash","Semi",1926,103,4,7,54.1076,2019.34,53,2019,1,4,53.0515,161483,"catalog_returns","cr_returning_customer_sk","REFERENCE","customer","c_customer_sk","REFERENCE",1,"No","No","c86892b6d2937a1c",1,1
260,"JoinHash","Semi",109760,1705,3,4,109760,2091.24,54880,2019,103,3,2019.34,8367306,"customer_demographics","cd_demo_sk","REFERENCE","customer","c_current_cdemo_sk","REFERENCE",1,"No","No","c86892b6d2937a1c",2,2
261,"JoinHash","Semi",144067,30,4,3,144067,27.4221,2060,27,1926,4,54.1076,511200,"catalog_returns","cr_returned_date_sk","DATA","date_dim","d_date_sk","REFERENCE",1,"No","No","c86892b6d2937a1c",3,1
262,"JoinHash","Semi",10847,1200,4,2,1200,12993.2,1200,7200,1705,4,2091.24,430529,"customer","c_current_hdemo_sk","REFERENCE","household_demographics","hd_demo_sk","REFERENCE",1,"No","No","c86892b6d2937a1c",1,2
263,"JoinHash","Semi",100000,5449,4,2,5624.02,100000,5624,43282,10847,4,12993.2,1734129,"customer","c_current_addr_sk","REFERENCE","customer_address","ca_address_sk","REFERENCE",1,"No","No","c86892b6d2937a1c",1,2
264,"JoinHash","Semi",2880404,1,9,2,3.45071e+06,1,35,1,7983,9,95168.1,16156846,"store_returns","sr_reason_sk","REFERENCE","reason","r_reason_sk","REFERENCE",1,"No","No","65cf99f6be86c7f4",4,1
265,"JoinHash","Left",2880404,287514,5,4,287514,2.8804e+06,169672,240000,2880404,9,3.45071e+06,491224385,"store_sales","ss_ticket_number","REFERENCE","store_returns","sr_ticket_number","REFERENCE",1,"No","Ascending","65cf99f6be86c7f4",5,44
266,"JoinHash","Inner",1800,870,3,3,720.001,1800,691,1799,870,6,720.001,244809,"time_dim","t_time_sk","REFERENCE","store_sales","ss_sold_time_sk","REFERENCE",1,"No","No","a328efe777ccc703",2,1
267,"JoinHash","Semi",9170,720,3,2,4630.96,720,4422,720,870,3,720.001,687631,"store_sales","ss_hdemo_sk","REFERENCE","household_demographics","hd_demo_sk","REFERENCE",1,"No","No","a328efe777ccc703",16,1
268,"JoinHash","Semi",56129,1,3,2,58198.9,1,6,1,9170,3,4630.96,1479332,"store_sales","ss_store_sk","REFERENCE","store","s_store_sk","REFERENCE",1,"No","No","a328efe777ccc703",44,1
269,"JoinHash","Semi",2880404,1800,3,3,2.8804e+06,1800,45647,1799,56129,3,58198.9,11064816,"store_sales","ss_sold_time_sk","DATA","time_dim","t_time_sk","REFERENCE",1,"No","No","a328efe777ccc703",44,1
270,"JoinSortMerge","FullOuter",547500,287466,2,2,12473.6,6507.37,11911,6475,834792,4,6474.87,142151993,"store_sales","ss_customer_sk","REFERENCE","catalog_sales","cs_bill_customer_sk","REFERENCE",0,"No","No","e045c72cfee071ed",1,1
271,"JoinHash","Semi",2880404,366,3,2,2.8804e+06,330.984,1823,330,553861,3,12473.6,20921092,"store_sales","ss_sold_date_sk","DATA","date_dim","d_date_sk","REFERENCE",1,"No","No","e045c72cfee071ed",44,1
272,"JoinHash","Semi",1441548,366,3,2,1.44155e+06,330.984,1830,330,287535,3,6507.37,9297161,"catalog_sales","cs_sold_date_sk","DATA","date_dim","d_date_sk","REFERENCE",1,"No","No","e045c72cfee071ed",22,1
273,"JoinHash","Inner",286984,6,22,2,6435.05,6,6,6,286801,24,6403.27,19556447,"catalog_sales","cs_call_center_sk","REFERENCE","call_center","cc_call_center_sk","REFERENCE",1,"No","No","8a500b8350e13fe5",8,1
274,"JoinHash","Inner",287352,20,20,2,6467.03,20,20,20,286984,22,6435.05,16848040,"catalog_sales","cs_ship_mode_sk","REFERENCE","ship_mode","sm_ship_mode_sk","REFERENCE",1,"No","No","8a500b8350e13fe5",8,1
275,"JoinHash","Inner",288032,5,5,15,6499.24,5,5,5,287352,20,6467.03,17416095,"catalog_sales","cs_warehouse_sk","REFERENCE","warehouse","w_warehouse_sk","REFERENCE",1,"No","No","8a500b8350e13fe5",8,1
276,"JoinHash","Semi",1441548,366,5,2,1.44155e+06,330.984,1922,330,288032,5,6499.24,10934693,"catalog_sales","cs_ship_date_sk","DATA","date_dim","d_date_sk","REFERENCE",1,"No","No","8a500b8350e13fe5",22,1
