"TableScan",12,2,12,12,2,12,21163,"REFERENCE","store","s_state","ColumnVsValue","No","62abd1717043ab45",1,"Equals",0,0
"TableScan",65535,2,65535,366,2,333.86,196825,"DATA","date_dim","d_year","ColumnVsValue","No","62abd1717043ab45",1,"Equals",0,0
"TableScan",1675,3,1823,149,3,149.735,45400,"REFERENCE","date_dim","d_moy","ColumnVsValue","No","48102a81fee54f33",1,"Equals",0,0
"TableScan",18000,4,18000,39,4,32.808,46028,"DATA","item","i_manufact_id","ColumnVsValue","No","48102a81fee54f33",1,"Equals",0,0
"TableScan",51,2,31026.5,45,2,31026.5,47496,"REFERENCE","customer","COUNT(*)","ColumnVsValue","No","43e0ae6c5f21fc66",1,"GreaterThanEquals",0,0
"TableScan",365,3,333.86,31,3,28.3362,14249,"REFERENCE","date_dim","d_moy","ColumnVsValue","No","43e0ae6c5f21fc66",1,"Equals",0,0
"TableScan",65535,3,65535,365,3,333.86,117271,"DATA","date_dim","d_year","ColumnVsValue","No","43e0ae6c5f21fc66",1,"Equals",0,0
"TableScan",300,3,300,295,3,300,30802,"REFERENCE","promotion","p_channel_email","ColumnVsValue","No","a5ed8e369e84a26a",1,"Equals",0,0
"TableScan",300,3,300,296,3,300,13201,"REFERENCE","promotion","p_channel_event","ColumnVsValue","No","a5ed8e369e84a26a",1,"Equals",0,0
"TableScan",54880,4,54880,27440,4,27440,1138695,"REFERENCE","customer_demographics","cd_gender","ColumnVsValue","No","a5ed8e369e84a26a",30,"Equals",0,0
"TableScan",65535,2,65535,366,2,333.86,129424,"DATA","date_dim","d_year","ColumnVsValue","No","a5ed8e369e84a26a",1,"Equals",0,0
"TableScan",274400,4,274400,54880,4,54880,1718137,"REFERENCE","customer_demographics","cd_marital_status","ColumnVsValue","No","a5ed8e369e84a26a",30,"Equals",0,0
"TableScan",1920800,4,1.9208e+06,274400,4,274400,3964865,"DATA","customer_demographics","cd_education_status","ColumnVsValue","No","a5ed8e369e84a26a",30,"Equals",0,0
"TableScan",35,1,35,1,1,1,18020,"DATA","reason","r_reason_sk","ColumnVsValue","No","77eb7251971f23d",1,"Equals",0,0
"TableScan",365,3,333.708,120,3,109.862,41418,"REFERENCE","date_dim","d_moy","ColumnBetween","No","2e0ad00e44492b13",1,"BetweenInclusive",0,0
"TableScan",65535,3,65535,365,3,333.708,120274,"DATA","date_dim","d_year","ColumnVsValue","No","2e0ad00e44492b13",1,"Equals",0,0
"TableScan",50000,2,50000,459,2,134.342,9544774,"DATA","customer_address","ca_county","ExpressionEvaluator","No","2e0ad00e44492b13",1,"In",0,0
"TableScan",4,18,0,4,18,0,22350,"REFERENCE","store_sales","ss_sales_price","ColumnBetween","No","e9628864b4c79dc2",1,"BetweenInclusive",0,0
"TableScan",74,18,0,4,18,0,17740,"REFERENCE","household_demographics","hd_dep_count","ColumnVsValue","No","e9628864b4c79dc2",1,"Equals",0,0
"TableScan",0,18,0,0,18,0,5378,"REFERENCE","store_sales","ss_sales_price","ColumnBetween","Ascending","e9628864b4c79dc2",0,"BetweenInclusive",0,0
"TableScan",2,18,0,2,18,0,18439,"REFERENCE","store_sales","ss_sales_price","ColumnBetween","No","e9628864b4c79dc2",1,"BetweenInclusive",0,0
"TableScan",74,18,0,74,18,0,43095,"REFERENCE","customer_demographics","cd_education_status","ColumnVsValue","No","e9628864b4c79dc2",1,"Equals",0,0
"TableScan",0,18,0,0,18,0,3981,"REFERENCE","household_demographics","hd_dep_count","ColumnVsValue","Ascending","e9628864b4c79dc2",0,"Equals",0,0
"TableScan",18,18,0,2,18,0,15226,"REFERENCE","household_demographics","hd_dep_count","ColumnVsValue","No","e9628864b4c79dc2",1,"Equals",0,0
"TableScan",92,18,0,74,18,0,60905,"REFERENCE","customer_demographics","cd_marital_status","ColumnVsValue","No","e9628864b4c79dc2",1,"Equals",0,0
"TableScan",0,18,0,0,18,0,5797,"REFERENCE","customer_demographics","cd_education_status","ColumnVsValue","Ascending","e9628864b4c79dc2",0,"Equals",0,0
"TableScan",18,18,0,18,18,0,27240,"REFERENCE","customer_demographics","cd_education_status","ColumnVsValue","No","e9628864b4c79dc2",1,"Equals",0,0
"TableScan",92,18,0,0,18,0,41837,"REFERENCE","customer_demographics","cd_marital_status","ColumnVsValue","No","e9628864b4c79dc2",1,"Equals",0,0
"TableScan",92,18,0,18,18,0,46867,"REFERENCE","customer_demographics","cd_marital_status","ColumnVsValue","No","e9628864b4c79dc2",1,"Equals",0,0
"TableScan",189,16,0,18,16,0,152613,"REFERENCE","store_sales","ss_sales_price","ColumnBetween","No","e9628864b4c79dc2",1,"BetweenInclusive",0,0
"TableScan",189,16,0,189,16,0,83675,"REFERENCE","customer_demographics","cd_education_status","ColumnVsValue","No","e9628864b4c79dc2",1,"Equals",0,0
"TableScan",191,16,0,74,16,0,101416,"REFERENCE","store_sales","ss_sales_price","ColumnBetween","No","e9628864b4c79dc2",1,"BetweenInclusive",0,0
"TableScan",0,16,3,0,16,382204,5099,"REFERENCE","customer_demographics","cd_education_status","ColumnVsValue","Ascending","e9628864b4c79dc2",0,"Equals",0,0
"TableScan",554,16,0.00346151,189,16,0,125024,"REFERENCE","customer_demographics","cd_marital_status","ColumnVsValue","No","e9628864b4c79dc2",1,"Equals",0,0
"TableScan",191,16,0,191,16,0,57064,"REFERENCE","customer_demographics","cd_education_status","ColumnVsValue","No","e9628864b4c79dc2",1,"Equals",0,0
"TableScan",3,16,2.35476e-05,0,16,3,18160,"REFERENCE","customer_demographics","cd_marital_status","ColumnVsValue","No","e9628864b4c79dc2",1,"Equals",0,0
"TableScan",554,16,0.00346151,191,16,0,72849,"REFERENCE","customer_demographics","cd_marital_status","ColumnVsValue","No","e9628864b4c79dc2",1,"Equals",0,0
"TableScan",554,16,0.00346151,3,16,2.35476e-05,97435,"REFERENCE","store_sales","ss_sales_price","ColumnBetween","No","e9628864b4c79dc2",1,"BetweenInclusive",0,0
"TableScan",274400,3,274400,54880,3,54880,1633832,"REFERENCE","customer_demographics","cd_marital_status","ColumnVsValue","No","e9628864b4c79dc2",30,"Equals",0,0
"TableScan",2403,13,4.97709,1136,13,2.1489,614992,"REFERENCE","store_sales","ss_net_profit","ColumnBetween","No","e9628864b4c79dc2",12,"BetweenInclusive",0,0
"TableScan",1920800,3,1.9208e+06,274400,3,274400,5241926,"REFERENCE","customer_demographics","cd_education_status","ColumnVsValue","No","e9628864b4c79dc2",30,"Equals",0,0
"TableScan",274400,3,274400,54880,3,54880,1144772,"REFERENCE","customer_demographics","cd_marital_status","ColumnVsValue","No","e9628864b4c79dc2",30,"Equals",0,0
"TableScan",274400,3,274400,54880,3,54880,1189474,"REFERENCE","customer_demographics","cd_marital_status","ColumnVsValue","No","e9628864b4c79dc2",30,"Equals",0,0
"TableScan",5856,13,8.0966,5093,13,8.0966,780596,"REFERENCE","store_sales","ss_net_profit","ColumnBetween","No","e9628864b4c79dc2",12,"BetweenInclusive",0,0
"TableScan",4253,13,6.26781,1796,13,6.26781,466290,"REFERENCE","store_sales","ss_net_profit","ColumnBetween","No","e9628864b4c79dc2",8,"BetweenInclusive",0,0
"TableScan",1920800,3,1.9208e+06,274400,3,274400,4616806,"REFERENCE","customer_demographics","cd_education_status","ColumnVsValue","No","e9628864b4c79dc2",30,"Equals",0,0
"TableScan",1920800,3,1.9208e+06,274400,3,274400,4681552,"REFERENCE","customer_demographics","cd_education_status","ColumnVsValue","No","e9628864b4c79dc2",30,"Equals",0,0
"TableScan",38743,13,87.3384,443,13,1.45113,140809,"REFERENCE","customer_address","ca_state","ColumnVsValue","No","e9628864b4c79dc2",4,"Equals",0,0
"TableScan",38743,13,87.3384,1570,13,2.49397,217989,"REFERENCE","customer_address","ca_state","ColumnVsValue","No","e9628864b4c79dc2",4,"Equals",0,0
"TableScan",38743,13,87.3384,390,13,1.03199,144092,"REFERENCE","customer_address","ca_state","ColumnVsValue","No","e9628864b4c79dc2",4,"Equals",0,0
"TableScan",38743,13,87.3384,1664,13,2.13975,185022,"REFERENCE","customer_address","ca_state","ColumnVsValue","No","e9628864b4c79dc2",4,"Equals",0,0
"TableScan",38743,13,87.3384,1057,13,2.30379,163928,"REFERENCE","customer_address","ca_state","ColumnVsValue","No","e9628864b4c79dc2",4,"Equals",0,0
"TableScan",38743,13,87.3384,3196,13,3.96403,235380,"REFERENCE","customer_address","ca_state","ColumnVsValue","No","e9628864b4c79dc2",4,"Equals",0,0
"TableScan",21130,3,87.3384,20510,3,87.3384,256613,"REFERENCE","customer_address","ca_country","ColumnVsValue","No","e9628864b4c79dc2",1,"Equals",0,0
"TableScan",38743,13,87.3384,996,13,1.99283,183136,"REFERENCE","customer_address","ca_state","ColumnVsValue","No","e9628864b4c79dc2",4,"Equals",0,0
"TableScan",2880404,10,2.8804e+06,85529,10,90055.2,6317969,"REFERENCE","store_sales","ss_net_profit","ColumnBetween","No","e9628864b4c79dc2",44,"BetweenInclusive",0,0
"TableScan",65535,2,65535,365,2,333.86,114547,"DATA","date_dim","d_year","ColumnVsValue","No","e9628864b4c79dc2",1,"Equals",0,0
"TableScan",2880404,10,2.8804e+06,99216,10,103718,6071693,"REFERENCE","store_sales","ss_net_profit","ColumnBetween","No","e9628864b4c79dc2",44,"BetweenInclusive",0,0
"TableScan",2880404,10,2.8804e+06,180043,10,193533,7679962,"REFERENCE","store_sales","ss_net_profit","ColumnBetween","No","e9628864b4c79dc2",44,"BetweenInclusive",0,0
"TableScan",41265,8,1627.41,774,8,19.3476,132777,"REFERENCE","customer_address","ca_state","ColumnVsValue","No","747848d0ca9ebfbb",2,"Equals",0,0
"TableScan",41265,8,1627.41,0,8,0,13620,"REFERENCE","catalog_sales","cs_sales_price","ColumnVsValue","No","747848d0ca9ebfbb",2,"GreaterThan",2,0
"TableScan",41265,8,1627.41,0,8,1627.41,9822341,"REFERENCE","customer_address","ca_zip","ExpressionEvaluator","No","747848d0ca9ebfbb",2,"In",0,0
"TableScan",41265,8,1627.41,2076,8,58.5298,192704,"REFERENCE","customer_address","ca_state","ColumnVsValue","No","747848d0ca9ebfbb",2,"Equals",0,0
"TableScan",41265,8,1627.41,493,8,28.1816,122090,"REFERENCE","customer_address","ca_state","ColumnVsValue","No","747848d0ca9ebfbb",2,"Equals",0,0
"TableScan",365,3,333.86,91,3,83.1805,16903,"REFERENCE","date_dim","d_qoy","ColumnVsValue","No","747848d0ca9ebfbb",1,"Equals",0,0
"TableScan",65535,3,65535,365,3,333.86,122090,"DATA","date_dim","d_year","ColumnVsValue","No","747848d0ca9ebfbb",1,"Equals",0,0
"TableScan",9322,17,7.06771,1,17,7.02756,846461,"REFERENCE","store_returns","sr_item_sk","ColumnVsColumn","No","76277e5ed4da0819",3,"Equals",0,0
"TableScan",9322,17,7.06771,1,17,7.02756,846461,"REFERENCE","catalog_sales","cs_item_sk","ColumnVsColumn","No","76277e5ed4da0819",3,"Equals",0,0
"TableScan",74599,11,332.375,5958,11,330.023,9679646,"REFERENCE","store_sales","ss_item_sk","ColumnVsColumn","No","76277e5ed4da0819",44,"Equals",0,0
"TableScan",74599,11,332.375,5958,11,330.023,9679646,"REFERENCE","store_returns","sr_item_sk","ColumnVsColumn","No","76277e5ed4da0819",44,"Equals",0,0
"TableScan",73049,2,73049,91,2,91.3182,104140,"DATA","date_dim","d_quarter_name","ColumnVsValue","No","76277e5ed4da0819",2,"Equals",1,0
"TableScan",106367,11,334.779,74599,11,332.375,9730075,"REFERENCE","store_sales","ss_ticket_number","ColumnVsColumn","No","76277e5ed4da0819",44,"Equals",0,0
"TableScan",106367,11,334.779,74599,11,332.375,9730075,"REFERENCE","store_returns","sr_ticket_number","ColumnVsColumn","No","76277e5ed4da0819",44,"Equals",0,0
"TableScan",73049,2,73049,92,2,91.3182,112242,"DATA","date_dim","d_quarter_name","ColumnVsValue","No","76277e5ed4da0819",2,"Equals",1,0
"TableScan",73049,2,73049,91,2,91.3182,103302,"DATA","date_dim","d_quarter_name","ColumnVsValue","No","76277e5ed4da0819",2,"Equals",1,0
"TableScan",65535,2,65535,91,2,82.3407,149120,"DATA","date_dim","d_quarter_name","ColumnVsValue","No","76277e5ed4da0819",1,"Equals",0,0
"TableScan",1492,17,299.463,1447,17,299.463,813005,"REFERENCE","customer_address","ca_zip","ExpressionEvaluator","No","7ee6cff3a8c3d580",2,"NotEquals",0,0
"TableScan",1492,17,299.463,1447,17,299.463,813005,"REFERENCE","store","s_zip","ExpressionEvaluator","No","7ee6cff3a8c3d580",2,"NotEquals",0,0
"TableScan",18000,6,18000,321,6,328.415,41698,"DATA","item","i_manager_id","ColumnVsValue","No","7ee6cff3a8c3d580",1,"Equals",0,0
"TableScan",365,3,333.86,30,3,27.4221,19067,"REFERENCE","date_dim","d_moy","ColumnVsValue","No","7ee6cff3a8c3d580",1,"Equals",0,0
"TableScan",65535,3,65535,365,3,333.86,147025,"DATA","date_dim","d_year","ColumnVsValue","No","7ee6cff3a8c3d580",1,"Equals",0,0
"TableScan",2817,21,669.762,1,21,665.956,398540,"REFERENCE","store_returns","sr_item_sk","ColumnVsColumn","No","5a7fd39201e63d24",4,"Equals",0,0
"TableScan",2817,21,669.762,1,21,665.956,398540,"REFERENCE","catalog_sales","cs_item_sk","ColumnVsColumn","No","5a7fd39201e63d24",4,"Equals",0,0
"TableScan",24193,11,706.574,1948,11,701.574,1851961,"REFERENCE","store_sales","ss_item_sk","ColumnVsColumn","No","5a7fd39201e63d24",43,"Equals",0,0
"TableScan",24193,11,706.574,1948,11,701.574,1851961,"REFERENCE","store_returns","sr_item_sk","ColumnVsColumn","No","5a7fd39201e63d24",43,"Equals",0,0
"TableScan",31706,11,743.097,24193,11,706.574,1830867,"REFERENCE","store_sales","ss_customer_sk","ColumnVsColumn","No","5a7fd39201e63d24",43,"Equals",0,0
"TableScan",31706,11,743.097,24193,11,706.574,1830867,"REFERENCE","store_returns","sr_customer_sk","ColumnVsColumn","No","5a7fd39201e63d24",43,"Equals",0,0
"TableScan",365,3,333.86,214,3,195.611,30523,"REFERENCE","date_dim","d_moy","ColumnBetween","No","5a7fd39201e63d24",1,"BetweenInclusive",0,0
"TableScan",65535,3,65535,365,3,333.86,139552,"DATA","date_dim","d_year","ColumnVsValue","No","5a7fd39201e63d24",1,"Equals",0,0
"TableScan",365,3,333.86,30,3,27.4221,21652,"REFERENCE","date_dim","d_moy","ColumnVsValue","No","5a7fd39201e63d24",1,"Equals",0,0
"TableScan",300,3,300,295,3,300,24795,"REFERENCE","promotion","p_channel_email","ColumnVsValue","No","10dbdaceb474245a",1,"Equals",0,0
"TableScan",300,3,300,296,3,300,13061,"REFERENCE","promotion","p_channel_event","ColumnVsValue","No","10dbdaceb474245a",1,"Equals",0,0
"TableScan",54880,4,54880,27440,4,27440,1091340,"REFERENCE","customer_demographics","cd_gender","ColumnVsValue","No","10dbdaceb474245a",30,"Equals",0,0
"TableScan",65535,2,65535,366,2,333.86,120973,"DATA","date_dim","d_year","ColumnVsValue","No","10dbdaceb474245a",1,"Equals",0,0
"TableScan",274400,4,274400,54880,4,54880,1638581,"REFERENCE","customer_demographics","cd_marital_status","ColumnVsValue","No","10dbdaceb474245a",30,"Equals",0,0
"TableScan",1920800,4,1.9208e+06,274400,4,274400,3781589,"DATA","customer_demographics","cd_education_status","ColumnVsValue","No","10dbdaceb474245a",30,"Equals",0,0
"TableScan",852983,4,929035,36475,4,46449.9,15278833,"REFERENCE","store_sales","ss_quantity","ColumnBetween","No","33a6c8baa243ee1a",14,"BetweenInclusive",0,0
"TableScan",750414,4,808299,36491,4,40367.8,11193483,"REFERENCE","store_sales","ss_quantity","ColumnBetween","No","33a6c8baa243ee1a",12,"BetweenInclusive",0,0
"TableScan",747923,4,811861,35529,4,40592.6,11627156,"REFERENCE","store_sales","ss_quantity","ColumnBetween","No","33a6c8baa243ee1a",12,"BetweenInclusive",0,0
"TableScan",621092,4,650137,30097,4,32436.8,9624258,"REFERENCE","store_sales","ss_quantity","ColumnBetween","No","33a6c8baa243ee1a",10,"BetweenInclusive",0,0
"TableScan",656081,4,687288,31768,4,34468.5,10583242,"REFERENCE","store_sales","ss_quantity","ColumnBetween","No","33a6c8baa243ee1a",11,"BetweenInclusive",0,0
"TableScan",581643,4,672911,28226,4,33526.1,10679978,"REFERENCE","store_sales","ss_quantity","ColumnBetween","No","33a6c8baa243ee1a",9,"BetweenInclusive",0,0
"TableScan",2880404,4,2.8804e+06,138864,4,145353,7505766,"REFERENCE","store_sales","ss_coupon_amt","ColumnBetween","No","33a6c8baa243ee1a",44,"BetweenInclusive",0,0
"TableScan",2880404,4,2.8804e+06,90936,4,95212.3,6797530,"REFERENCE","store_sales","ss_coupon_amt","ColumnBetween","No","33a6c8baa243ee1a",44,"BetweenInclusive",0,0
"TableScan",2880404,4,2.8804e+06,28679,4,30043.4,5689078,"REFERENCE","store_sales","ss_coupon_amt","ColumnBetween","No","33a6c8baa243ee1a",44,"BetweenInclusive",0,0
"TableScan",2880404,4,2.8804e+06,1889,4,1872.82,5344669,"REFERENCE","store_sales","ss_coupon_amt","ColumnBetween","No","33a6c8baa243ee1a",44,"BetweenInclusive",0,0
"TableScan",2880404,4,2.8804e+06,555833,4,581819,15650832,"REFERENCE","store_sales","ss_wholesale_cost","ColumnBetween","No","33a6c8baa243ee1a",44,"BetweenInclusive",0,0
"TableScan",2880404,4,2.8804e+06,192980,4,201864,8585791,"REFERENCE","store_sales","ss_list_price","ColumnBetween","No","33a6c8baa243ee1a",44,"BetweenInclusive",0,0
"TableScan",2880404,4,2.8804e+06,3604,4,3707.51,5042026,"REFERENCE","store_sales","ss_coupon_amt","ColumnBetween","No","33a6c8baa243ee1a",44,"BetweenInclusive",0,0
"TableScan",2880404,4,2.8804e+06,97,4,246.492,5546383,"REFERENCE","store_sales","ss_coupon_amt","ColumnBetween","No","33a6c8baa243ee1a",44,"BetweenInclusive",7,0
"TableScan",2880404,4,2.8804e+06,555032,4,581137,15763493,"REFERENCE","store_sales","ss_wholesale_cost","ColumnBetween","No","33a6c8baa243ee1a",44,"BetweenInclusive",0,0
"TableScan",2880404,4,2.8804e+06,126215,4,131950,7150810,"REFERENCE","store_sales","ss_list_price","ColumnBetween","No","33a6c8baa243ee1a",44,"BetweenInclusive",0,0
"TableScan",2880404,4,2.8804e+06,554728,4,580656,15563664,"REFERENCE","store_sales","ss_wholesale_cost","ColumnBetween","No","33a6c8baa243ee1a",44,"BetweenInclusive",0,0
"TableScan",2880404,4,2.8804e+06,192315,4,201162,11088645,"REFERENCE","store_sales","ss_list_price","ColumnBetween","No","33a6c8baa243ee1a",44,"BetweenInclusive",0,0
"TableScan",2880404,4,2.8804e+06,555695,4,581698,15752876,"REFERENCE","store_sales","ss_wholesale_cost","ColumnBetween","No","33a6c8baa243ee1a",44,"BetweenInclusive",0,0
"TableScan",2880404,4,2.8804e+06,63710,4,66566.4,5892259,"REFERENCE","store_sales","ss_list_price","ColumnBetween","No","33a6c8baa243ee1a",44,"BetweenInclusive",0,0
"TableScan",2880404,4,2.8804e+06,554357,4,580214,15771735,"REFERENCE","store_sales","ss_wholesale_cost","ColumnBetween","No","33a6c8baa243ee1a",44,"BetweenInclusive",0,0
"TableScan",2880404,4,2.8804e+06,98784,4,103366,6562639,"REFERENCE","store_sales","ss_list_price","ColumnBetween","No","33a6c8baa243ee1a",44,"BetweenInclusive",0,0
"TableScan",2880404,4,2.8804e+06,556858,4,583011,15844584,"REFERENCE","store_sales","ss_wholesale_cost","ColumnBetween","No","33a6c8baa243ee1a",44,"BetweenInclusive",0,0
"TableScan",2880404,4,2.8804e+06,85591,4,89653.6,6218998,"REFERENCE","store_sales","ss_list_price","ColumnBetween","No","33a6c8baa243ee1a",44,"BetweenInclusive",0,0
"TableScan",15,15,34.7013,1,15,34.5356,16134,"REFERENCE","store_sales","ss_item_sk","ColumnVsColumn","No","d226deafa3236031",1,"Equals",0,0
"TableScan",15,15,34.7013,1,15,34.5356,16134,"REFERENCE","store_returns","sr_item_sk","ColumnVsColumn","No","d226deafa3236031",1,"Equals",0,0
"TableScan",15,15,36.3884,15,15,34.7013,26262,"REFERENCE","store_sales","ss_customer_sk","ColumnVsColumn","No","d226deafa3236031",1,"Equals",0,0
"TableScan",15,15,36.3884,15,15,34.7013,26262,"REFERENCE","store_returns","sr_customer_sk","ColumnVsColumn","No","d226deafa3236031",1,"Equals",0,0
"TableScan",148428,9,36.6878,11,9,36.3884,10673761,"REFERENCE","store_returns","sr_item_sk","ColumnVsColumn","No","d226deafa3236031",14,"Equals",0,0
"TableScan",148428,9,36.6878,11,9,36.3884,10673761,"REFERENCE","catalog_sales","cs_item_sk","ColumnVsColumn","No","d226deafa3236031",14,"Equals",0,0
"TableScan",365,3,333.86,30,3,27.4221,21233,"REFERENCE","date_dim","d_moy","ColumnVsValue","No","d226deafa3236031",1,"Equals",0,0
"TableScan",65535,3,65535,365,3,333.86,137596,"DATA","date_dim","d_year","ColumnVsValue","No","d226deafa3236031",1,"Equals",0,0
"TableScan",365,3,333.86,122,3,111.517,27449,"REFERENCE","date_dim","d_moy","ColumnBetween","No","d226deafa3236031",1,"BetweenInclusive",0,0
"TableScan",73049,2,73049,365,2,365.333,102324,"REFERENCE","date_dim","d_year","ColumnVsValue","No","d226deafa3236031",2,"Equals",1,0
"TableScan",73049,2,73049,365,2,365.333,110705,"REFERENCE","date_dim","d_year","ColumnVsValue","No","d226deafa3236031",2,"Equals",1,0
"TableScan",73049,2,73049,366,2,365.333,116922,"REFERENCE","date_dim","d_year","ColumnVsValue","No","d226deafa3236031",2,"Equals",1,0
"TableScan",181,24,1.50885e+19,51,24,1.50885e+19,75014,"REFERENCE","web_sales","ws_ext_sales_price","ExpressionEvaluator","No","b3cb9453eb547241",1,"GreaterThan",0,0
"TableScan",181,24,1.50885e+19,51,24,1.50885e+19,75014,"REFERENCE","web_sales","ws_ext_sales_price","ExpressionEvaluator","No","b3cb9453eb547241",1,"GreaterThan",0,0
"TableScan",181,24,1.50885e+19,51,24,1.50885e+19,75014,"REFERENCE","web_sales","ws_ext_sales_price","ExpressionEvaluator","No","b3cb9453eb547241",1,"GreaterThan",0,0
"TableScan",181,24,1.50885e+19,51,24,1.50885e+19,75014,"REFERENCE","store_sales","ss_ext_sales_price","ExpressionEvaluator","No","b3cb9453eb547241",1,"GreaterThan",0,0
"TableScan",181,24,1.50885e+19,51,24,1.50885e+19,75014,"REFERENCE","store_sales","ss_ext_sales_price","ExpressionEvaluator","No","b3cb9453eb547241",1,"GreaterThan",0,0
"TableScan",181,24,1.50885e+19,51,24,1.50885e+19,75014,"REFERENCE","store_sales","ss_ext_sales_price","ExpressionEvaluator","No","b3cb9453eb547241",1,"GreaterThan",0,0
"TableScan",354,24,1.50885e+19,181,24,1.50885e+19,165395,"REFERENCE","web_sales","ws_ext_sales_price","ExpressionEvaluator","No","b3cb9453eb547241",1,"GreaterThan",0,0
"TableScan",354,24,1.50885e+19,181,24,1.50885e+19,165395,"REFERENCE","web_sales","ws_ext_sales_price","ExpressionEvaluator","No","b3cb9453eb547241",1,"GreaterThan",0,0
"TableScan",354,24,1.50885e+19,181,24,1.50885e+19,165395,"REFERENCE","web_sales","ws_ext_sales_price","ExpressionEvaluator","No","b3cb9453eb547241",1,"GreaterThan",0,0
"TableScan",354,24,1.50885e+19,181,24,1.50885e+19,165395,"REFERENCE","store_sales","ss_ext_sales_price","ExpressionEvaluator","No","b3cb9453eb547241",1,"GreaterThan",0,0
"TableScan",354,24,1.50885e+19,181,24,1.50885e+19,165395,"REFERENCE","store_sales","ss_ext_sales_price","ExpressionEvaluator","No","b3cb9453eb547241",1,"GreaterThan",0,0
"TableScan",354,24,1.50885e+19,181,24,1.50885e+19,165395,"REFERENCE","store_sales","ss_ext_sales_price","ExpressionEvaluator","No","b3cb9453eb547241",1,"GreaterThan",0,0
"TableScan",366,3,333.86,91,3,83.1759,45330,"REFERENCE","date_dim","d_qoy","ColumnVsValue","No","b3cb9453eb547241",1,"Equals",0,0
"TableScan",366,3,333.86,92,3,84.0945,19348,"REFERENCE","date_dim","d_qoy","ColumnVsValue","No","b3cb9453eb547241",1,"Equals",0,0
"TableScan",366,3,333.86,91,3,83.1805,50219,"REFERENCE","date_dim","d_qoy","ColumnVsValue","No","b3cb9453eb547241",1,"Equals",0,0
"TableScan",65535,3,65535,366,3,333.86,120763,"DATA","date_dim","d_year","ColumnVsValue","No","b3cb9453eb547241",1,"Equals",0,0
"TableScan",3896,3,763.885,350,3,763.885,57763,"REFERENCE","date_dim","COUNT(*)","ColumnBetween","No","1f3f852eeffeb3fb",1,"BetweenInclusive",0,0
"TableScan",12,2,12,12,2,12,18439,"REFERENCE","store","s_county","ColumnVsValue","No","1f3f852eeffeb3fb",1,"Equals",0,0
"TableScan",1600,4,1600,800,4,1600,217151,"REFERENCE","household_demographics","hd_vehicle_count","ExpressionEvaluator","No","1f3f852eeffeb3fb",1,"GreaterThan",0,0
"TableScan",1600,4,1600,800,4,1600,217151,"REFERENCE","household_demographics","hd_dep_count","ExpressionEvaluator","No","1f3f852eeffeb3fb",1,"GreaterThan",0,0
"TableScan",1600,4,1600,800,4,1600,217151,"REFERENCE","household_demographics","hd_vehicle_count","ExpressionEvaluator","No","1f3f852eeffeb3fb",1,"GreaterThan",0,0
"TableScan",1096,3,1096,108,3,108.026,35482,"REFERENCE","date_dim","d_dom","ColumnBetween","No","1f3f852eeffeb3fb",3,"BetweenInclusive",0,0
"TableScan",1096,3,1096,144,3,144.035,23258,"REFERENCE","date_dim","d_dom","ColumnBetween","No","1f3f852eeffeb3fb",3,"BetweenInclusive",0,0
"TableScan",4800,4,4800,800,4,800,41907,"REFERENCE","household_demographics","hd_buy_potential","ColumnVsValue","No","1f3f852eeffeb3fb",1,"Equals",0,0
"TableScan",4800,4,4800,800,4,800,31151,"REFERENCE","household_demographics","hd_buy_potential","ColumnVsValue","No","1f3f852eeffeb3fb",1,"Equals",0,0
"TableScan",7200,4,7200,4800,4,4800,48822,"DATA","household_demographics","hd_vehicle_count","ColumnVsValue","No","1f3f852eeffeb3fb",1,"GreaterThan",0,0
"TableScan",73049,3,73049,365,3,365.333,100927,"DATA","date_dim","d_year","ColumnVsValue","No","1f3f852eeffeb3fb",2,"Equals",1,0
"TableScan",73049,3,73049,365,3,365.333,151356,"DATA","date_dim","d_year","ColumnVsValue","No","1f3f852eeffeb3fb",2,"Equals",1,0
"TableScan",73049,3,73049,366,3,365.333,100997,"DATA","date_dim","d_year","ColumnVsValue","No","1f3f852eeffeb3fb",2,"Equals",1,0
"TableScan",365,3,333.708,274,3,250.337,53711,"REFERENCE","date_dim","d_qoy","ColumnVsValue","No","f2542843ada8b55c",1,"LessThan",0,0
"TableScan",65535,3,65535,365,3,333.708,226859,"DATA","date_dim","d_year","ColumnVsValue","No","f2542843ada8b55c",1,"Equals",0,0
"TableScan",1099,14,23220.7,243,14,23220.7,113779,"REFERENCE","warehouse","w_warehouse_sk","ColumnVsColumn","No","c472acfef2176cba",1,"Equals",0,0
"TableScan",1099,14,23220.7,243,14,23220.7,113779,"REFERENCE","warehouse","w_warehouse_sk","ColumnVsColumn","No","c472acfef2176cba",1,"Equals",0,0
"TableScan",45000,6,21418.2,3080,6,21418.2,1600096,"REFERENCE","inventory","inv_quantity_on_hand","ExpressionEvaluator","No","c472acfef2176cba",1,"GreaterThan",0,0
"TableScan",45000,6,21418.2,3080,6,21418.2,1600096,"REFERENCE","inventory","inv_quantity_on_hand","ExpressionEvaluator","No","c472acfef2176cba",1,"GreaterThan",0,0
"TableScan",45000,6,21418.2,3080,6,21418.2,1600096,"REFERENCE","inventory","inv_quantity_on_hand","ExpressionEvaluator","No","c472acfef2176cba",1,"GreaterThan",0,0
"TableScan",45000,6,19514.8,3170,6,19514.8,1617209,"REFERENCE","inventory","inv_quantity_on_hand","ExpressionEvaluator","No","c472acfef2176cba",1,"GreaterThan",0,0
"TableScan",45000,6,19514.8,3170,6,19514.8,1617209,"REFERENCE","inventory","inv_quantity_on_hand","ExpressionEvaluator","No","c472acfef2176cba",1,"GreaterThan",0,0
"TableScan",45000,6,19514.8,3170,6,19514.8,1617209,"REFERENCE","inventory","inv_quantity_on_hand","ExpressionEvaluator","No","c472acfef2176cba",1,"GreaterThan",0,0
"TableScan",365,3,333.86,31,3,28.3362,18439,"REFERENCE","date_dim","d_moy","ColumnVsValue","No","c472acfef2176cba",1,"Equals",0,0
"TableScan",365,3,333.86,28,3,25.8179,33107,"REFERENCE","date_dim","d_moy","ColumnVsValue","No","c472acfef2176cba",1,"Equals",0,0
"TableScan",65535,3,65535,365,3,333.86,117201,"DATA","date_dim","d_year","ColumnVsValue","No","c472acfef2176cba",1,"Equals",0,0
"TableScan",53,14,23220.7,14,14,23220.7,30802,"REFERENCE","warehouse","w_warehouse_sk","ColumnVsColumn","No","ea189fd9834a0c7c",1,"Equals",0,0
"TableScan",53,14,23220.7,14,14,23220.7,30802,"REFERENCE","warehouse","w_warehouse_sk","ColumnVsColumn","No","ea189fd9834a0c7c",1,"Equals",0,0
"TableScan",3080,6,21418.2,122,6,21418.2,182158,"REFERENCE","inventory","inv_quantity_on_hand","ExpressionEvaluator","No","ea189fd9834a0c7c",1,"GreaterThan",0,0
"TableScan",3080,6,21418.2,122,6,21418.2,182158,"REFERENCE","inventory","inv_quantity_on_hand","ExpressionEvaluator","No","ea189fd9834a0c7c",1,"GreaterThan",0,0
"TableScan",3080,6,21418.2,122,6,21418.2,182158,"REFERENCE","inventory","inv_quantity_on_hand","ExpressionEvaluator","No","ea189fd9834a0c7c",1,"GreaterThan",0,0
"TableScan",45000,6,19514.8,3170,6,19514.8,1559167,"REFERENCE","inventory","inv_quantity_on_hand","ExpressionEvaluator","No","ea189fd9834a0c7c",1,"GreaterThan",0,0
"TableScan",45000,6,19514.8,3170,6,19514.8,1559167,"REFERENCE","inventory","inv_quantity_on_hand","ExpressionEvaluator","No","ea189fd9834a0c7c",1,"GreaterThan",0,0
"TableScan",45000,6,19514.8,3170,6,19514.8,1559167,"REFERENCE","inventory","inv_quantity_on_hand","ExpressionEvaluator","No","ea189fd9834a0c7c",1,"GreaterThan",0,0
"TableScan",45000,6,21418.2,3080,6,21418.2,1579772,"REFERENCE","inventory","inv_quantity_on_hand","ExpressionEvaluator","No","ea189fd9834a0c7c",1,"GreaterThan",0,0
"TableScan",45000,6,21418.2,3080,6,21418.2,1579772,"REFERENCE","inventory","inv_quantity_on_hand","ExpressionEvaluator","No","ea189fd9834a0c7c",1,"GreaterThan",0,0
"TableScan",45000,6,21418.2,3080,6,21418.2,1579772,"REFERENCE","inventory","inv_quantity_on_hand","ExpressionEvaluator","No","ea189fd9834a0c7c",1,"GreaterThan",0,0
"TableScan",365,3,333.86,28,3,25.8179,32129,"REFERENCE","date_dim","d_moy","ColumnVsValue","No","ea189fd9834a0c7c",1,"Equals",0,0
"TableScan",365,3,333.86,31,3,28.3362,16484,"REFERENCE","date_dim","d_moy","ColumnVsValue","No","ea189fd9834a0c7c",1,"Equals",0,0
"TableScan",65535,3,65535,365,3,333.86,114338,"DATA","date_dim","d_year","ColumnVsValue","No","ea189fd9834a0c7c",1,"Equals",0,0
"TableScan",239,3,236.721,4,3,236.721,57863242,"REFERENCE","item","i_manufact","ExpressionEvaluator","","c3eb0f228a4c62a1",1,"GreaterThan",0,0
"TableScan",18000,3,18000,239,3,236.721,55597,"DATA","item","i_manufact_id","ColumnBetween","No","c3eb0f228a4c62a1",1,"BetweenInclusive",0,0
"TableScan",366,3,333.86,30,3,27.4221,17113,"REFERENCE","date_dim","d_moy","ColumnVsValue","No","2f68c8df87906c39",1,"Equals",0,0
"TableScan",18000,4,18000,321,4,328.415,38695,"DATA","item","i_manager_id","ColumnVsValue","No","2f68c8df87906c39",1,"Equals",0,0
"TableScan",65535,3,65535,366,3,333.86,106026,"DATA","date_dim","d_year","ColumnVsValue","No","2f68c8df87906c39",1,"Equals",0,0
"TableScan",12,4,12,12,4,12,34992,"REFERENCE","store","s_gmt_offset","ColumnVsValue","No","ac2f9c4228030d9d",1,"Equals",0,0
"TableScan",65535,3,65535,366,3,333.86,93593,"DATA","date_dim","d_year","ColumnVsValue","No","ac2f9c4228030d9d",1,"Equals",0,0
"TableScan",21362,11,819.567,0,11,819.567,4284689,"REFERENCE","customer_address","ca_zip","ExpressionEvaluator","No","c1558ce7f598faf2",11,"In",0,0
"TableScan",18000,2,18000,10,2,10,247883,"DATA","item","i_item_sk","ExpressionEvaluator","No","c1558ce7f598faf2",1,"In",0,0
"TableScan",365,3,333.86,91,3,83.1805,19626,"REFERENCE","date_dim","d_qoy","ColumnVsValue","No","c1558ce7f598faf2",1,"Equals",0,0
"TableScan",65535,3,65535,365,3,333.86,127329,"DATA","date_dim","d_year","ColumnVsValue","No","c1558ce7f598faf2",1,"Equals",0,0
"TableScan",799,13,0,331,13,0,195638,"REFERENCE","store_sales","ss_sales_price","ColumnBetween","No","c49841c711905e98",1,"BetweenInclusive",0,0
"TableScan",799,13,0,799,13,0,113150,"REFERENCE","customer_demographics","cd_education_status","ColumnVsValue","No","c49841c711905e98",1,"Equals",0,0
"TableScan",969,13,0,19,13,0,145070,"REFERENCE","store_sales","ss_sales_price","ColumnBetween","No","c49841c711905e98",1,"BetweenInclusive",0,0
"TableScan",169,13,0,169,13,0,52384,"REFERENCE","customer_demographics","cd_education_status","ColumnVsValue","No","c49841c711905e98",1,"Equals",0,0
"TableScan",2619,13,0,799,13,0,202343,"REFERENCE","customer_demographics","cd_marital_status","ColumnVsValue","No","c49841c711905e98",1,"Equals",0,0
"TableScan",969,13,0,969,13,0,95200,"REFERENCE","customer_demographics","cd_education_status","ColumnVsValue","No","c49841c711905e98",1,"Equals",0,0
"TableScan",548,13,0,169,13,0,61953,"REFERENCE","customer_demographics","cd_marital_status","ColumnVsValue","No","c49841c711905e98",1,"Equals",0,0
"TableScan",2619,13,0,969,13,0,108401,"REFERENCE","customer_demographics","cd_marital_status","ColumnVsValue","No","c49841c711905e98",1,"Equals",0,0
"TableScan",2619,13,0,548,13,0,165953,"REFERENCE","store_sales","ss_sales_price","ColumnBetween","No","c49841c711905e98",1,"BetweenInclusive",0,0
"TableScan",274400,3,274400,54880,3,54880,1458799,"REFERENCE","customer_demographics","cd_marital_status","ColumnVsValue","No","c49841c711905e98",30,"Equals",0,0
"TableScan",40218,10,0,6711,10,0,1760812,"REFERENCE","store_sales","ss_net_profit","ColumnBetween","No","c49841c711905e98",132,"BetweenInclusive",0,0
"TableScan",1920800,3,1.9208e+06,274400,3,274400,4470897,"REFERENCE","customer_demographics","cd_education_status","ColumnVsValue","No","c49841c711905e98",30,"Equals",0,0
"TableScan",274400,3,274400,54880,3,54880,1061167,"REFERENCE","customer_demographics","cd_marital_status","ColumnVsValue","No","c49841c711905e98",30,"Equals",0,0
"TableScan",274400,3,274400,54880,3,54880,1020097,"REFERENCE","customer_demographics","cd_marital_status","ColumnVsValue","No","c49841c711905e98",30,"Equals",0,0
"TableScan",48045,10,0,10615,10,0,1691804,"REFERENCE","store_sales","ss_net_profit","ColumnBetween","No","c49841c711905e98",132,"BetweenInclusive",0,0
"TableScan",66212,10,2269.35,15106,10,532.974,1925159,"REFERENCE","store_sales","ss_net_profit","ColumnBetween","No","c49841c711905e98",132,"BetweenInclusive",0,0
"TableScan",1920800,3,1.9208e+06,274400,3,274400,3993641,"REFERENCE","customer_demographics","cd_education_status","ColumnVsValue","No","c49841c711905e98",30,"Equals",0,0
"TableScan",1920800,3,1.9208e+06,274400,3,274400,3993852,"REFERENCE","customer_demographics","cd_education_status","ColumnVsValue","No","c49841c711905e98",30,"Equals",0,0
"TableScan",154475,10,2269.35,6116,10,0,683302,"REFERENCE","customer_address","ca_state","ColumnVsValue","No","c49841c711905e98",44,"Equals",0,0
"TableScan",154475,10,2269.35,20116,10,0,1014859,"REFERENCE","customer_address","ca_state","ColumnVsValue","No","c49841c711905e98",44,"Equals",0,0
"TableScan",154475,10,2269.35,13986,10,0,837870,"REFERENCE","customer_address","ca_state","ColumnVsValue","No","c49841c711905e98",44,"Equals",0,0
"TableScan",154475,10,2269.35,24490,10,0,957306,"REFERENCE","customer_address","ca_state","ColumnVsValue","No","c49841c711905e98",44,"Equals",0,0
"TableScan",154475,10,2269.35,9989,10,0,688959,"REFERENCE","customer_address","ca_state","ColumnVsValue","No","c49841c711905e98",44,"Equals",0,0
"TableScan",154475,10,2269.35,14344,10,0,745254,"REFERENCE","customer_address","ca_state","ColumnVsValue","No","c49841c711905e98",44,"Equals",0,0
"TableScan",154475,10,2269.35,9211,10,0,681974,"REFERENCE","customer_address","ca_state","ColumnVsValue","No","c49841c711905e98",44,"Equals",0,0
"TableScan",154475,10,2269.35,41893,10,2269.35,1243255,"REFERENCE","customer_address","ca_state","ColumnVsValue","No","c49841c711905e98",44,"Equals",0,0
"TableScan",154475,10,2269.35,14330,10,0,734009,"REFERENCE","customer_address","ca_state","ColumnVsValue","No","c49841c711905e98",44,"Equals",0,0
"TableScan",48475,3,50000,971,3,572.239,114408,"REFERENCE","customer_address","ca_state","ColumnVsValue","No","c49841c711905e98",1,"Equals",0,0
"TableScan",48475,3,50000,3901,3,2269.35,181180,"REFERENCE","customer_address","ca_state","ColumnVsValue","No","c49841c711905e98",1,"Equals",0,0
"TableScan",48475,3,50000,1330,3,1318.89,122928,"REFERENCE","customer_address","ca_state","ColumnVsValue","No","c49841c711905e98",1,"Equals",0,0
"TableScan",50000,3,50000,48475,3,50000,450017,"REFERENCE","customer_address","ca_country","ColumnVsValue","No","c49841c711905e98",1,"Equals",0,0
"TableScan",48475,3,50000,564,3,830.753,103581,"REFERENCE","customer_address","ca_state","ColumnVsValue","No","c49841c711905e98",1,"Equals",0,0
"TableScan",48475,3,50000,2134,3,1224.97,138783,"REFERENCE","customer_address","ca_state","ColumnVsValue","No","c49841c711905e98",1,"Equals",0,0
"TableScan",65535,2,65535,366,2,333.86,93663,"DATA","date_dim","d_year","ColumnVsValue","No","c49841c711905e98",1,"Equals",0,0
"TableScan",48475,3,50000,1911,3,1427.76,130821,"REFERENCE","customer_address","ca_state","ColumnVsValue","No","c49841c711905e98",1,"Equals",0,0
"TableScan",48475,3,50000,1306,3,1524.25,119576,"REFERENCE","customer_address","ca_state","ColumnVsValue","No","c49841c711905e98",1,"Equals",0,0
"TableScan",48475,3,50000,1278,3,1140.87,120624,"REFERENCE","customer_address","ca_state","ColumnVsValue","No","c49841c711905e98",1,"Equals",0,0
"TableScan",48475,3,50000,922,3,594.427,110496,"REFERENCE","customer_address","ca_state","ColumnVsValue","No","c49841c711905e98",1,"Equals",0,0
"TableScan",27428,9,1228.44,2196,9,1219.75,2044456,"REFERENCE","store_sales","ss_item_sk","ColumnVsColumn","No","9ba0ff608aba8792",44,"Equals",0,0
"TableScan",27428,9,1228.44,2196,9,1219.75,2044456,"REFERENCE","store_returns","sr_item_sk","ColumnVsColumn","No","9ba0ff608aba8792",44,"Equals",0,0
"TableScan",37114,9,1291.94,27428,9,1228.44,1869073,"REFERENCE","store_sales","ss_customer_sk","ColumnVsColumn","No","9ba0ff608aba8792",44,"Equals",0,0
"TableScan",37114,9,1291.94,27428,9,1228.44,1869073,"REFERENCE","store_returns","sr_customer_sk","ColumnVsColumn","No","9ba0ff608aba8792",44,"Equals",0,0
"TableScan",365,3,333.86,31,3,28.3362,12921,"REFERENCE","date_dim","d_moy","ColumnVsValue","No","9ba0ff608aba8792",1,"Equals",0,0
"TableScan",65535,3,65535,365,3,333.86,120484,"DATA","date_dim","d_year","ColumnVsValue","No","9ba0ff608aba8792",1,"Equals",0,0
"TableScan",366,3,333.86,30,3,27.4221,14738,"REFERENCE","date_dim","d_moy","ColumnVsValue","No","dfd5d73db008470",1,"Equals",0,0
"TableScan",18000,4,18000,321,4,328.415,37367,"DATA","item","i_manager_id","ColumnVsValue","No","dfd5d73db008470",1,"Equals",0,0
"TableScan",65535,3,65535,366,3,333.86,95270,"DATA","date_dim","d_year","ColumnVsValue","No","dfd5d73db008470",1,"Equals",0,0
"TableScan",18000,4,18000,339,4,309.068,33038,"DATA","item","i_manager_id","ColumnVsValue","No","24cc61038fcacf93",1,"Equals",0,0
"TableScan",365,3,333.86,30,3,27.4221,13759,"REFERENCE","date_dim","d_moy","ColumnVsValue","No","24cc61038fcacf93",1,"Equals",0,0
"TableScan",65535,3,65535,365,3,333.86,95130,"DATA","date_dim","d_year","ColumnVsValue","No","24cc61038fcacf93",1,"Equals",0,0
"TableScan",65535,2,65535,366,2,330.984,137107,"DATA","date_dim","d_month_seq","ColumnBetween","No","a203e0bb1c413813",1,"BetweenInclusive",0,0
"TableScan",53996,12,2.41053e+07,115,12,2.41053e+07,836403,"REFERENCE","store_sales","ss_sales_price","ExpressionEvaluator","No","901db9dd2feb2d10",1,"LessThanEquals",0,0
"TableScan",53996,12,2.41053e+07,115,12,2.41053e+07,836403,"REFERENCE","store_sales","ss_sales_price","ExpressionEvaluator","No","901db9dd2feb2d10",1,"LessThanEquals",0,0
"TableScan",65535,2,65535,365,2,334.202,139831,"DATA","date_dim","d_month_seq","ColumnBetween","No","901db9dd2feb2d10",1,"BetweenInclusive",0,0
"TableScan",365,3,333.86,91,3,83.1805,14458,"REFERENCE","date_dim","d_moy","ColumnBetween","No","105285333f5ba7f4",1,"BetweenInclusive",0,0
"TableScan",65535,3,65535,365,3,333.86,97854,"REFERENCE","date_dim","d_year","ColumnVsValue","No","105285333f5ba7f4",1,"Equals",0,0
"TableScan",50000,2,50000,1945,2,1427.76,77808,"DATA","customer_address","ca_state","ColumnVsValue","No","105285333f5ba7f4",1,"Equals",0,0
"TableScan",365,3,333.86,91,3,83.1805,23468,"REFERENCE","date_dim","d_moy","ColumnBetween","No","105285333f5ba7f4",1,"BetweenInclusive",0,0
"TableScan",50000,2,50000,500,2,423.633,82139,"DATA","customer_address","ca_state","ColumnVsValue","No","105285333f5ba7f4",1,"Equals",0,0
"TableScan",50000,2,50000,2446,2,1798.25,93594,"DATA","customer_address","ca_state","ColumnVsValue","No","105285333f5ba7f4",1,"Equals",0,0
"TableScan",65535,3,65535,365,3,333.86,100857,"DATA","date_dim","d_year","ColumnVsValue","No","105285333f5ba7f4",1,"Equals",0,0
"TableScan",1095,3,763.885,71,3,763.885,21233,"REFERENCE","date_dim","COUNT(*)","ColumnBetween","No","2b7e6ed9df8e2f99",1,"BetweenInclusive",0,0
"TableScan",12,2,12,12,2,12,31500,"REFERENCE","store","s_county","ExpressionEvaluator","No","2b7e6ed9df8e2f99",1,"In",0,0
"TableScan",1600,4,1600,800,4,1600,147584,"REFERENCE","household_demographics","hd_vehicle_count","ExpressionEvaluator","No","2b7e6ed9df8e2f99",1,"GreaterThan",0,0
"TableScan",1600,4,1600,800,4,1600,147584,"REFERENCE","household_demographics","hd_dep_count","ExpressionEvaluator","No","2b7e6ed9df8e2f99",1,"GreaterThan",0,0
"TableScan",1600,4,1600,800,4,1600,147584,"REFERENCE","household_demographics","hd_vehicle_count","ExpressionEvaluator","No","2b7e6ed9df8e2f99",1,"GreaterThan",0,0
"TableScan",1096,3,1096,72,3,72.0174,25913,"REFERENCE","date_dim","d_dom","ColumnBetween","No","2b7e6ed9df8e2f99",3,"BetweenInclusive",0,0
"TableScan",4800,4,4800,800,4,800,34993,"REFERENCE","household_demographics","hd_buy_potential","ColumnVsValue","No","2b7e6ed9df8e2f99",1,"Equals",0,0
"TableScan",4800,4,4800,800,4,800,47984,"REFERENCE","household_demographics","hd_buy_potential","ColumnVsValue","No","2b7e6ed9df8e2f99",1,"Equals",0,0
"TableScan",73049,3,73049,365,3,365.333,87587,"DATA","date_dim","d_year","ColumnVsValue","No","2b7e6ed9df8e2f99",2,"Equals",1,0
"TableScan",7200,4,7200,4800,4,4800,45609,"DATA","household_demographics","hd_vehicle_count","ColumnVsValue","No","2b7e6ed9df8e2f99",1,"GreaterThan",0,0
"TableScan",73049,3,73049,365,3,365.333,98971,"DATA","date_dim","d_year","ColumnVsValue","No","2b7e6ed9df8e2f99",2,"Equals",1,0
"TableScan",73049,3,73049,366,3,365.333,87797,"DATA","date_dim","d_year","ColumnVsValue","No","2b7e6ed9df8e2f99",2,"Equals",1,0
"TableScan",12,3,12,11,3,11,17811,"DATA","store","s_number_employees","ColumnBetween","No","741bc3f2dfb09756",1,"BetweenInclusive",0,0
"TableScan",7200,3,7200,720,3,720,27659,"REFERENCE","household_demographics","hd_dep_count","ColumnVsValue","No","741bc3f2dfb09756",1,"Equals",0,0
"TableScan",7200,3,7200,2400,3,2400,41348,"REFERENCE","household_demographics","hd_vehicle_count","ColumnVsValue","No","741bc3f2dfb09756",1,"GreaterThan",0,0
"TableScan",1096,3,1096,157,3,156.578,23398,"REFERENCE","date_dim","d_dow","ColumnVsValue","No","741bc3f2dfb09756",3,"Equals",0,0
"TableScan",73049,3,73049,365,3,365.333,86888,"DATA","date_dim","d_year","ColumnVsValue","No","741bc3f2dfb09756",2,"Equals",1,0
"TableScan",73049,3,73049,365,3,365.333,96388,"DATA","date_dim","d_year","ColumnVsValue","No","741bc3f2dfb09756",2,"Equals",1,0
"TableScan",73049,3,73049,366,3,365.333,87307,"DATA","date_dim","d_year","ColumnVsValue","No","741bc3f2dfb09756",2,"Equals",1,0
"TableScan",50000,12,50000,2446,12,1798.25,96737,"DATA","customer_address","ca_state","ColumnVsValue","No","1c41ac70227eb819",1,"Equals",0,0
"TableScan",65535,2,65535,366,2,333.86,114966,"DATA","date_dim","d_year","ColumnVsValue","No","1c41ac70227eb819",1,"Equals",0,0
"TableScan",73049,3,73049,1,3,1,90939,"REFERENCE","date_dim","d_date","ColumnVsValue","No","ec84b20b69353252",2,"Equals",1,0
"TableScan",73049,3,73049,1,3,1,107143,"REFERENCE","date_dim","d_date","ColumnVsValue","No","ec84b20b69353252",2,"Equals",1,0
"TableScan",73049,3,73049,1,3,1,91777,"REFERENCE","date_dim","d_date","ColumnVsValue","No","ec84b20b69353252",2,"Equals",1,0
"TableScan",73049,3,73049,1,3,1,89472,"DATA","date_dim","d_date","ColumnVsValue","No","ec84b20b69353252",2,"Equals",1,0
"TableScan",73049,3,73049,1,3,1,123487,"DATA","date_dim","d_date","ColumnVsValue","No","ec84b20b69353252",2,"Equals",1,0
"TableScan",73049,3,73049,1,3,1,95130,"DATA","date_dim","d_date","ColumnVsValue","No","ec84b20b69353252",2,"Equals",1,0
"TableScan",142,26,110.488,7,26,0,331837,"REFERENCE","web_sales","ws_item_sk","ExpressionEvaluator","No","aecea1dd577191a6",1,"",0,0
"TableScan",142,26,110.488,7,26,0,331837,"REFERENCE","web_returns","wr_item_sk","ExpressionEvaluator","No","aecea1dd577191a6",1,"",0,0
"TableScan",142,26,110.488,7,26,0,331837,"REFERENCE","customer_demographics","cd_marital_status","ExpressionEvaluator","No","aecea1dd577191a6",1,"",0,0
"TableScan",142,26,110.488,7,26,0,331837,"REFERENCE","customer_demographics","cd_education_status","ExpressionEvaluator","No","aecea1dd577191a6",1,"",0,0
"TableScan",142,26,110.488,7,26,0,331837,"REFERENCE","web_sales","ws_sales_price","ExpressionEvaluator","No","aecea1dd577191a6",1,"",0,0
"TableScan",142,26,110.488,7,26,0,331837,"REFERENCE","customer_demographics","cd_marital_status","ExpressionEvaluator","No","aecea1dd577191a6",1,"",0,0
"TableScan",142,26,110.488,7,26,0,331837,"REFERENCE","web_sales","ws_sales_price","ExpressionEvaluator","No","aecea1dd577191a6",1,"",0,0
"TableScan",142,26,110.488,7,26,0,331837,"REFERENCE","customer_demographics","cd_education_status","ExpressionEvaluator","No","aecea1dd577191a6",1,"",0,0
"TableScan",142,26,110.488,7,26,0,331837,"REFERENCE","web_sales","ws_sales_price","ExpressionEvaluator","No","aecea1dd577191a6",1,"",0,0
"TableScan",142,26,110.488,7,26,0,331837,"REFERENCE","customer_demographics","cd_marital_status","ExpressionEvaluator","No","aecea1dd577191a6",1,"",0,0
"TableScan",142,26,110.488,7,26,0,331837,"REFERENCE","customer_demographics","cd_education_status","ExpressionEvaluator","No","aecea1dd577191a6",1,"",0,0
"TableScan",74,26,0,36,26,0,71871,"REFERENCE","web_sales","ws_net_profit","ColumnBetween","No","aecea1dd577191a6",3,"BetweenInclusive",0,0
"TableScan",78,26,0,71,26,0,72430,"REFERENCE","web_sales","ws_net_profit","ColumnBetween","No","aecea1dd577191a6",3,"BetweenInclusive",0,0
"TableScan",77,26,110.488,35,26,110.488,76760,"REFERENCE","web_sales","ws_net_profit","ColumnBetween","No","aecea1dd577191a6",3,"BetweenInclusive",0,0
"TableScan",229,26,110.488,26,26,0,19627,"REFERENCE","customer_address","ca_state","ColumnVsValue","No","aecea1dd577191a6",1,"Equals",0,0
"TableScan",229,26,110.488,41,26,0,36111,"REFERENCE","customer_address","ca_state","ColumnVsValue","No","aecea1dd577191a6",1,"Equals",0,0
"TableScan",229,26,110.488,7,26,0,18648,"REFERENCE","customer_address","ca_state","ColumnVsValue","No","aecea1dd577191a6",1,"Equals",0,0
"TableScan",229,26,110.488,15,26,0,16763,"REFERENCE","customer_address","ca_state","ColumnVsValue","No","aecea1dd577191a6",1,"Equals",0,0
"TableScan",229,26,110.488,31,26,0,18020,"REFERENCE","customer_address","ca_state","ColumnVsValue","No","aecea1dd577191a6",1,"Equals",0,0
"TableScan",139,19,110.488,139,19,110.488,93245,"REFERENCE","customer_demographics","cd_education_status","ColumnVsColumn","No","aecea1dd577191a6",1,"Equals",0,0
"TableScan",139,19,110.488,139,19,110.488,93245,"REFERENCE","customer_demographics","cd_education_status","ColumnVsColumn","No","aecea1dd577191a6",1,"Equals",0,0
"TableScan",229,26,110.488,27,26,0,20116,"REFERENCE","customer_address","ca_state","ColumnVsValue","No","aecea1dd577191a6",1,"Equals",0,0
"TableScan",229,26,110.488,36,26,0,17601,"REFERENCE","customer_address","ca_state","ColumnVsValue","No","aecea1dd577191a6",1,"Equals",0,0
"TableScan",229,26,110.488,9,26,110.488,19347,"REFERENCE","customer_address","ca_state","ColumnVsValue","No","aecea1dd577191a6",1,"Equals",0,0
"TableScan",229,26,110.488,37,26,0,19417,"REFERENCE","customer_address","ca_state","ColumnVsValue","No","aecea1dd577191a6",1,"Equals",0,0
"TableScan",139,19,110.488,139,19,110.488,163928,"REFERENCE","customer_demographics","cd_marital_status","ColumnVsColumn","No","aecea1dd577191a6",1,"Equals",0,0
"TableScan",139,19,110.488,139,19,110.488,163928,"REFERENCE","customer_demographics","cd_marital_status","ColumnVsColumn","No","aecea1dd577191a6",1,"Equals",0,0
"TableScan",142166,7,3289.38,4963,7,115.707,853655,"REFERENCE","web_sales","ws_net_profit","ColumnBetween","No","aecea1dd577191a6",11,"BetweenInclusive",0,0
"TableScan",142166,7,3289.38,6110,7,138.885,485149,"REFERENCE","web_sales","ws_net_profit","ColumnBetween","No","aecea1dd577191a6",11,"BetweenInclusive",0,0
"TableScan",142166,7,3289.38,10435,7,241.128,617087,"REFERENCE","web_sales","ws_net_profit","ColumnBetween","No","aecea1dd577191a6",11,"BetweenInclusive",0,0
"TableScan",65535,2,65535,366,2,333.86,101555,"DATA","date_dim","d_year","ColumnVsValue","No","aecea1dd577191a6",1,"Equals",0,0
"TableScan",48475,3,50000,1372,3,1595.98,122649,"REFERENCE","customer_address","ca_state","ColumnVsValue","No","aecea1dd577191a6",1,"Equals",0,0
"TableScan",274400,3,274400,54880,3,54880,1669943,"REFERENCE","customer_demographics","cd_marital_status","ColumnVsValue","No","aecea1dd577191a6",30,"Equals",0,0
"TableScan",48475,3,50000,317,3,423.633,105676,"REFERENCE","customer_address","ca_state","ColumnVsValue","No","aecea1dd577191a6",1,"Equals",0,0
"TableScan",48475,3,50000,1330,3,1318.89,120904,"REFERENCE","customer_address","ca_state","ColumnVsValue","No","aecea1dd577191a6",1,"Equals",0,0
"TableScan",50000,3,50000,48475,3,50000,386387,"REFERENCE","customer_address","ca_country","ColumnVsValue","No","aecea1dd577191a6",1,"Equals",0,0
"TableScan",48475,3,50000,1034,3,865.841,115874,"REFERENCE","customer_address","ca_state","ColumnVsValue","No","aecea1dd577191a6",1,"Equals",0,0
"TableScan",48475,3,50000,802,3,1427.76,123208,"REFERENCE","customer_address","ca_state","ColumnVsValue","No","aecea1dd577191a6",1,"Equals",0,0
"TableScan",1920800,3,1.9208e+06,274400,3,274400,4760758,"REFERENCE","customer_demographics","cd_education_status","ColumnVsValue","No","aecea1dd577191a6",30,"Equals",0,0
"TableScan",274400,3,274400,54880,3,54880,1072063,"REFERENCE","customer_demographics","cd_marital_status","ColumnVsValue","No","aecea1dd577191a6",30,"Equals",0,0
"TableScan",274400,3,274400,54880,3,54880,1067942,"REFERENCE","customer_demographics","cd_marital_status","ColumnVsValue","No","aecea1dd577191a6",30,"Equals",0,0
"TableScan",48475,3,50000,1911,3,1427.76,129913,"REFERENCE","customer_address","ca_state","ColumnVsValue","No","aecea1dd577191a6",1,"Equals",0,0
"TableScan",48475,3,50000,126,3,572.239,93175,"REFERENCE","customer_address","ca_state","ColumnVsValue","No","aecea1dd577191a6",1,"Equals",0,0
"TableScan",48475,3,50000,1535,3,835.913,124884,"REFERENCE","customer_address","ca_state","ColumnVsValue","No","aecea1dd577191a6",1,"Equals",0,0
"TableScan",48475,3,50000,1121,3,865.153,114338,"REFERENCE","customer_address","ca_state","ColumnVsValue","No","aecea1dd577191a6",1,"Equals",0,0
"TableScan",1920800,3,1.9208e+06,274400,3,274400,3981698,"REFERENCE","customer_demographics","cd_education_status","ColumnVsValue","No","aecea1dd577191a6",30,"Equals",0,0
"TableScan",1920800,3,1.9208e+06,274400,3,274400,3996715,"REFERENCE","customer_demographics","cd_education_status","ColumnVsValue","No","aecea1dd577191a6",30,"Equals",0,0
"TableScan",12,2,12,1,2,1,16693,"REFERENCE","store","s_store_name","ColumnVsValue","No","b5449accdea88518",1,"Equals",0,0
"TableScan",720,3,720,720,3,720,15715,"REFERENCE","household_demographics","hd_vehicle_count","ColumnVsValue","No","b5449accdea88518",1,"LessThanEquals",0,0
"TableScan",7200,3,7200,720,3,720,25773,"REFERENCE","household_demographics","hd_dep_count","ColumnVsValue","No","b5449accdea88518",1,"Equals",0,0
"TableScan",720,3,720,480,3,480,17043,"REFERENCE","household_demographics","hd_vehicle_count","ColumnVsValue","No","b5449accdea88518",1,"LessThanEquals",0,0
"TableScan",720,3,720,720,3,720,11664,"REFERENCE","household_demographics","hd_vehicle_count","ColumnVsValue","No","b5449accdea88518",1,"LessThanEquals",0,0
"TableScan",3600,3,3600,1800,3,1800,31920,"REFERENCE","time_dim","t_minute","ColumnVsValue","No","b5449accdea88518",1,"GreaterThanEquals",0,0
"TableScan",7200,3,7200,720,3,720,20465,"REFERENCE","household_demographics","hd_dep_count","ColumnVsValue","No","b5449accdea88518",1,"Equals",0,0
"TableScan",7200,3,7200,720,3,720,18090,"REFERENCE","household_demographics","hd_dep_count","ColumnVsValue","No","b5449accdea88518",1,"Equals",0,0
"TableScan",3600,3,3600,1800,3,1800,43025,"REFERENCE","time_dim","t_minute","ColumnVsValue","No","b5449accdea88518",1,"GreaterThanEquals",0,0
"TableScan",3600,3,3600,1800,3,1800,31780,"REFERENCE","time_dim","t_minute","ColumnVsValue","No","b5449accdea88518",1,"LessThan",0,0
"TableScan",65535,3,65535,3600,3,3600,92825,"DATA","time_dim","t_hour","ColumnVsValue","No","b5449accdea88518",1,"Equals",0,0
"TableScan",3600,3,3600,1800,3,1800,31290,"REFERENCE","time_dim","t_minute","ColumnVsValue","No","b5449accdea88518",1,"GreaterThanEquals",0,0
"TableScan",3600,3,3600,1800,3,1800,44911,"REFERENCE","time_dim","t_minute","ColumnVsValue","No","b5449accdea88518",1,"LessThan",0,0
"TableScan",65535,3,65535,3600,3,3600,117969,"DATA","time_dim","t_hour","ColumnVsValue","No","b5449accdea88518",1,"Equals",0,0
"TableScan",3600,3,3600,1800,3,1800,33247,"REFERENCE","time_dim","t_minute","ColumnVsValue","No","b5449accdea88518",1,"LessThan",0,0
"TableScan",65535,3,65535,3600,3,3600,98622,"DATA","time_dim","t_hour","ColumnVsValue","No","b5449accdea88518",1,"Equals",0,0
"TableScan",3600,3,3600,1800,3,1800,49311,"REFERENCE","time_dim","t_minute","ColumnVsValue","No","b5449accdea88518",1,"GreaterThanEquals",0,0
"TableScan",3600,3,3600,1800,3,1800,28148,"REFERENCE","time_dim","t_minute","ColumnVsValue","No","b5449accdea88518",1,"LessThan",0,0
"TableScan",65535,3,65535,3600,3,3600,129145,"DATA","time_dim","t_hour","ColumnVsValue","No","b5449accdea88518",1,"Equals",0,0
"TableScan",65535,3,65535,3600,3,3600,103512,"DATA","time_dim","t_hour","ColumnVsValue","No","b5449accdea88518",1,"Equals",0,0
"TableScan",274400,3,274400,54880,3,54880,1516422,"REFERENCE","customer_demographics","cd_marital_status","ColumnVsValue","No","c86892b6d2937a1c",30,"Equals",0,0
"TableScan",274400,3,274400,54880,3,54880,1081492,"REFERENCE","customer_demographics","cd_marital_status","ColumnVsValue","No","c86892b6d2937a1c",30,"Equals",0,0
"TableScan",365,3,333.86,30,3,27.4221,17042,"REFERENCE","date_dim","d_moy","ColumnVsValue","No","c86892b6d2937a1c",1,"Equals",0,0
"TableScan",1920800,3,1.9208e+06,274400,3,274400,4721365,"REFERENCE","customer_demographics","cd_education_status","ColumnVsValue","No","c86892b6d2937a1c",30,"Equals",0,0
"TableScan",1920800,3,1.9208e+06,274400,3,274400,4363825,"REFERENCE","customer_demographics","cd_education_status","ColumnVsValue","No","c86892b6d2937a1c",30,"Equals",0,0
"TableScan",7200,2,7200,1200,2,1200,33595,"DATA","household_demographics","hd_buy_potential","ColumnBetween","No","c86892b6d2937a1c",1,"BetweenUpperExclusive",0,0
"TableScan",65535,3,65535,365,3,333.86,116851,"DATA","date_dim","d_year","ColumnVsValue","No","c86892b6d2937a1c",1,"Equals",0,0
"TableScan",50000,2,50000,5449,2,5624.02,145977,"DATA","customer_address","ca_gmt_offset","ColumnVsValue","No","c86892b6d2937a1c",1,"Equals",0,0
"TableScan",35,2,35,1,2,1,48753,"DATA","reason","r_reason_desc","ColumnVsValue","No","65cf99f6be86c7f4",1,"Equals",0,0
"TableScan",3600,3,3600,1800,3,1800,41209,"REFERENCE","time_dim","t_minute","ColumnVsValue","No","a328efe777ccc703",1,"GreaterThanEquals",0,0
"TableScan",20865,3,20865,3600,3,3600,72919,"DATA","time_dim","t_hour","ColumnVsValue","No","a328efe777ccc703",1,"Equals",0,0
"TableScan",7200,2,7200,720,2,720,27379,"REFERENCE","household_demographics","hd_dep_count","ColumnVsValue","No","a328efe777ccc703",1,"Equals",0,0
"TableScan",12,2,12,1,2,1,19907,"REFERENCE","store","s_store_name","ColumnVsValue","No","a328efe777ccc703",1,"Equals",0,0
"TableScan",65535,2,65535,366,2,330.984,136828,"DATA","date_dim","d_month_seq","ColumnBetween","No","e045c72cfee071ed",1,"BetweenInclusive",0,0
"TableScan",65535,2,65535,366,2,330.984,145140,"DATA","date_dim","d_month_seq","ColumnBetween","No","8a500b8350e13fe5",1,"BetweenInclusive",0,0
