"TableScan",12,2,12,12,2,12,37577,"REFERENCE","store","s_state","ColumnVsValue","No","62abd1717043ab45",1,"Equals",0,0,0,1
"TableScan",65535,2,65535,366,2,333.86,216242,"DATA","date_dim","d_year","ColumnVsValue","No","62abd1717043ab45",1,"Equals",0,0,0,1
"TableScan",1675,3,1823,149,3,149.735,53572,"REFERENCE","date_dim","d_moy","ColumnVsValue","No","48102a81fee54f33",1,"Equals",0,0,0,1
"TableScan",18000,4,18000,39,4,32.808,44701,"DATA","item","i_manufact_id","ColumnVsValue","No","48102a81fee54f33",1,"Equals",0,0,0,1
"TableScan",51,2,31026.5,45,2,31026.5,45330,"REFERENCE","customer","COUNT(*)","ColumnVsValue","No","43e0ae6c5f21fc66",1,"GreaterThanEquals",0,0,0,1
"TableScan",365,3,333.86,31,3,28.3362,14738,"REFERENCE","date_dim","d_moy","ColumnVsValue","No","43e0ae6c5f21fc66",1,"Equals",0,0,0,1
"TableScan",65535,3,65535,365,3,333.86,115036,"DATA","date_dim","d_year","ColumnVsValue","No","43e0ae6c5f21fc66",1,"Equals",0,0,0,1
"TableScan",27440,4,27440,27440,4,27440,1247795,"REFERENCE","customer_demographics","cd_education_status","ColumnVsValue","Ascending","a5ed8e369e84a26a",5,"Equals",0,0,5,5
"TableScan",300,3,300,295,3,300,20395,"REFERENCE","promotion","p_channel_email","ColumnVsValue","No","a5ed8e369e84a26a",1,"Equals",0,0,0,1
"TableScan",300,3,300,296,3,300,12712,"REFERENCE","promotion","p_channel_event","ColumnVsValue","No","a5ed8e369e84a26a",1,"Equals",0,0,0,1
"TableScan",65535,2,65535,366,2,333.86,94711,"DATA","date_dim","d_year","ColumnVsValue","No","a5ed8e369e84a26a",1,"Equals",0,0,0,1
"TableScan",54880,4,54880,27440,4,27440,466221,"REFERENCE","customer_demographics","cd_gender","ColumnVsValue","No","a5ed8e369e84a26a",5,"Equals",0,0,0,5
"TableScan",274400,4,274400,54880,4,54880,419703,"DATA","customer_demographics","cd_marital_status","ColumnVsValue","No","a5ed8e369e84a26a",5,"Equals",0,0,0,5
"TableScan",35,1,35,1,1,1,15297,"DATA","reason","r_reason_sk","ColumnVsValue","No","77eb7251971f23d",1,"Equals",0,0,0,1
"TableScan",365,3,333.708,120,3,109.862,32968,"REFERENCE","date_dim","d_moy","ColumnBetween","No","2e0ad00e44492b13",1,"BetweenInclusive",0,0,0,1
"TableScan",65535,3,65535,365,3,333.708,104769,"DATA","date_dim","d_year","ColumnVsValue","No","2e0ad00e44492b13",1,"Equals",0,0,0,1
"TableScan",50000,2,50000,459,2,134.342,8130611,"DATA","customer_address","ca_county","ExpressionEvaluator","No","2e0ad00e44492b13",1,"In",0,0,0,0
"TableScan",4,18,0,4,18,0,20465,"REFERENCE","store_sales","ss_sales_price","ColumnBetween","No","e9628864b4c79dc2",1,"BetweenInclusive",0,0,0,3
"TableScan",74,18,0,4,18,0,21652,"REFERENCE","household_demographics","hd_dep_count","ColumnVsValue","No","e9628864b4c79dc2",1,"Equals",0,0,0,1
"TableScan",0,18,0,0,18,0,5308,"REFERENCE","store_sales","ss_sales_price","ColumnBetween","Ascending","e9628864b4c79dc2",0,"BetweenInclusive",0,0,0,0
"TableScan",2,18,0,2,18,0,17391,"REFERENCE","store_sales","ss_sales_price","ColumnBetween","No","e9628864b4c79dc2",1,"BetweenInclusive",0,0,0,2
"TableScan",74,18,0,74,18,0,20605,"REFERENCE","customer_demographics","cd_education_status","ColumnVsValue","No","e9628864b4c79dc2",1,"Equals",0,0,0,4
"TableScan",0,18,0,0,18,0,3911,"REFERENCE","household_demographics","hd_dep_count","ColumnVsValue","Ascending","e9628864b4c79dc2",0,"Equals",0,0,0,0
"TableScan",18,18,0,2,18,0,13271,"REFERENCE","household_demographics","hd_dep_count","ColumnVsValue","No","e9628864b4c79dc2",1,"Equals",0,0,0,1
"TableScan",92,18,0,74,18,0,36529,"REFERENCE","customer_demographics","cd_marital_status","ColumnVsValue","No","e9628864b4c79dc2",1,"Equals",0,0,0,9
"TableScan",0,18,0,0,18,0,5169,"REFERENCE","customer_demographics","cd_education_status","ColumnVsValue","Ascending","e9628864b4c79dc2",0,"Equals",0,0,0,0
"TableScan",18,18,0,18,18,0,17811,"REFERENCE","customer_demographics","cd_education_status","ColumnVsValue","No","e9628864b4c79dc2",1,"Equals",0,0,0,5
"TableScan",92,18,0,0,18,0,26402,"REFERENCE","customer_demographics","cd_marital_status","ColumnVsValue","No","e9628864b4c79dc2",1,"Equals",0,0,0,9
"TableScan",92,18,0,18,18,0,27379,"REFERENCE","customer_demographics","cd_marital_status","ColumnVsValue","No","e9628864b4c79dc2",1,"Equals",0,0,0,9
"TableScan",189,16,0,18,16,0,145769,"REFERENCE","store_sales","ss_sales_price","ColumnBetween","No","e9628864b4c79dc2",1,"BetweenInclusive",0,0,0,44
"TableScan",189,16,0,189,16,0,35901,"REFERENCE","customer_demographics","cd_education_status","ColumnVsValue","No","e9628864b4c79dc2",1,"Equals",0,0,0,5
"TableScan",191,16,0,74,16,0,95758,"REFERENCE","store_sales","ss_sales_price","ColumnBetween","No","e9628864b4c79dc2",1,"BetweenInclusive",0,0,0,43
"TableScan",0,16,3,0,16,382204,5378,"REFERENCE","customer_demographics","cd_education_status","ColumnVsValue","Ascending","e9628864b4c79dc2",0,"Equals",0,0,0,0
"TableScan",554,16,0.00346151,189,16,0,83815,"REFERENCE","customer_demographics","cd_marital_status","ColumnVsValue","No","e9628864b4c79dc2",1,"Equals",0,0,0,15
"TableScan",191,16,0,191,16,0,32059,"REFERENCE","customer_demographics","cd_education_status","ColumnVsValue","No","e9628864b4c79dc2",1,"Equals",0,0,0,5
"TableScan",3,16,2.35476e-05,0,16,3,30033,"REFERENCE","customer_demographics","cd_marital_status","ColumnVsValue","No","e9628864b4c79dc2",1,"Equals",0,0,0,3
"TableScan",554,16,0.00346151,191,16,0,47985,"REFERENCE","customer_demographics","cd_marital_status","ColumnVsValue","No","e9628864b4c79dc2",1,"Equals",0,0,0,15
"TableScan",554,16,0.00346151,3,16,2.35476e-05,90171,"REFERENCE","store_sales","ss_sales_price","ColumnBetween","No","e9628864b4c79dc2",1,"BetweenInclusive",0,0,0,44
"TableScan",274400,3,274400,54880,3,54880,755872,"REFERENCE","customer_demographics","cd_marital_status","ColumnVsValue","No","e9628864b4c79dc2",5,"Equals",0,0,0,5
"TableScan",2403,13,4.97709,1136,13,2.1489,525101,"REFERENCE","store_sales","ss_net_profit","ColumnBetween","No","e9628864b4c79dc2",12,"BetweenInclusive",0,0,0,139
"TableScan",1920800,3,1.9208e+06,274400,3,274400,11545373,"REFERENCE","customer_demographics","cd_education_status","ColumnVsValue","Ascending","e9628864b4c79dc2",35,"Equals",0,0,35,35
"TableScan",274400,3,274400,54880,3,54880,581606,"REFERENCE","customer_demographics","cd_marital_status","ColumnVsValue","No","e9628864b4c79dc2",5,"Equals",0,0,0,5
"TableScan",274400,3,274400,54880,3,54880,655363,"REFERENCE","customer_demographics","cd_marital_status","ColumnVsValue","No","e9628864b4c79dc2",5,"Equals",0,0,0,5
"TableScan",5856,13,8.0966,5093,13,8.0966,673942,"REFERENCE","store_sales","ss_net_profit","ColumnBetween","No","e9628864b4c79dc2",12,"BetweenInclusive",0,0,0,141
"TableScan",4253,13,6.26781,1796,13,6.26781,409786,"REFERENCE","store_sales","ss_net_profit","ColumnBetween","No","e9628864b4c79dc2",8,"BetweenInclusive",0,0,0,94
"TableScan",1920800,3,1.9208e+06,274400,3,274400,11398556,"REFERENCE","customer_demographics","cd_education_status","ColumnVsValue","Ascending","e9628864b4c79dc2",35,"Equals",0,0,35,35
"TableScan",1920800,3,1.9208e+06,274400,3,274400,11523301,"REFERENCE","customer_demographics","cd_education_status","ColumnVsValue","Ascending","e9628864b4c79dc2",35,"Equals",0,0,35,35
"TableScan",38743,13,87.3384,443,13,1.45113,127329,"REFERENCE","customer_address","ca_state","ColumnVsValue","No","e9628864b4c79dc2",4,"Equals",0,0,0,4
"TableScan",38743,13,87.3384,1570,13,2.49397,191308,"REFERENCE","customer_address","ca_state","ColumnVsValue","No","e9628864b4c79dc2",4,"Equals",0,0,0,4
"TableScan",38743,13,87.3384,390,13,1.03199,128028,"REFERENCE","customer_address","ca_state","ColumnVsValue","No","e9628864b4c79dc2",4,"Equals",0,0,0,4
"TableScan",38743,13,87.3384,1664,13,2.13975,158899,"REFERENCE","customer_address","ca_state","ColumnVsValue","No","e9628864b4c79dc2",4,"Equals",0,0,0,4
"TableScan",38743,13,87.3384,1057,13,2.30379,144511,"REFERENCE","customer_address","ca_state","ColumnVsValue","No","e9628864b4c79dc2",4,"Equals",0,0,0,4
"TableScan",38743,13,87.3384,3196,13,3.96403,217011,"REFERENCE","customer_address","ca_state","ColumnVsValue","No","e9628864b4c79dc2",4,"Equals",0,0,0,4
"TableScan",21130,3,87.3384,20510,3,87.3384,258151,"REFERENCE","customer_address","ca_country","ColumnVsValue","No","e9628864b4c79dc2",1,"Equals",0,0,0,1
"TableScan",38743,13,87.3384,996,13,1.99283,179294,"REFERENCE","customer_address","ca_state","ColumnVsValue","No","e9628864b4c79dc2",4,"Equals",0,0,0,4
"TableScan",2880404,10,2.8804e+06,85529,10,90055.2,5830379,"REFERENCE","store_sales","ss_net_profit","ColumnBetween","No","e9628864b4c79dc2",44,"BetweenInclusive",0,0,0,44
"TableScan",65535,2,65535,365,2,333.86,99181,"DATA","date_dim","d_year","ColumnVsValue","No","e9628864b4c79dc2",1,"Equals",0,0,0,1
"TableScan",2880404,10,2.8804e+06,99216,10,103718,5243045,"REFERENCE","store_sales","ss_net_profit","ColumnBetween","No","e9628864b4c79dc2",44,"BetweenInclusive",0,0,0,44
"TableScan",2880404,10,2.8804e+06,180043,10,193533,6714836,"REFERENCE","store_sales","ss_net_profit","ColumnBetween","No","e9628864b4c79dc2",44,"BetweenInclusive",0,0,0,44
"TableScan",41265,8,1627.41,774,8,19.3476,116852,"REFERENCE","customer_address","ca_state","ColumnVsValue","No","747848d0ca9ebfbb",2,"Equals",0,0,0,2
"TableScan",41265,8,1627.41,0,8,0,12084,"REFERENCE","catalog_sales","cs_sales_price","ColumnVsValue","No","747848d0ca9ebfbb",2,"GreaterThan",2,0,0,2
"TableScan",41265,8,1627.41,0,8,1627.41,8390996,"REFERENCE","customer_address","ca_zip","ExpressionEvaluator","No","747848d0ca9ebfbb",2,"In",0,0,0,0
"TableScan",41265,8,1627.41,2076,8,58.5298,157432,"REFERENCE","customer_address","ca_state","ColumnVsValue","No","747848d0ca9ebfbb",2,"Equals",0,0,0,2
"TableScan",41265,8,1627.41,493,8,28.1816,108470,"REFERENCE","customer_address","ca_state","ColumnVsValue","No","747848d0ca9ebfbb",2,"Equals",0,0,0,2
"TableScan",365,3,333.86,91,3,83.1805,15436,"REFERENCE","date_dim","d_qoy","ColumnVsValue","No","747848d0ca9ebfbb",1,"Equals",0,0,0,1
"TableScan",65535,3,65535,365,3,333.86,105397,"DATA","date_dim","d_year","ColumnVsValue","No","747848d0ca9ebfbb",1,"Equals",0,0,0,1
"TableScan",9322,17,7.06771,1,17,7.02756,742042,"REFERENCE","store_returns","sr_item_sk","ColumnVsColumn","No","76277e5ed4da0819",3,"Equals",0,0,0,0
"TableScan",9322,17,7.06771,1,17,7.02756,742042,"REFERENCE","catalog_sales","cs_item_sk","ColumnVsColumn","No","76277e5ed4da0819",3,"Equals",0,0,0,0
"TableScan",74599,11,332.375,5958,11,330.023,8940822,"REFERENCE","store_sales","ss_item_sk","ColumnVsColumn","No","76277e5ed4da0819",44,"Equals",0,0,0,0
"TableScan",74599,11,332.375,5958,11,330.023,8940822,"REFERENCE","store_returns","sr_item_sk","ColumnVsColumn","No","76277e5ed4da0819",44,"Equals",0,0,0,0
"TableScan",73049,2,73049,91,2,91.3182,90520,"DATA","date_dim","d_quarter_name","ColumnVsValue","No","76277e5ed4da0819",2,"Equals",1,0,0,2
"TableScan",106367,11,334.779,74599,11,332.375,8637273,"REFERENCE","store_sales","ss_ticket_number","ColumnVsColumn","No","76277e5ed4da0819",44,"Equals",0,0,0,0
"TableScan",106367,11,334.779,74599,11,332.375,8637273,"REFERENCE","store_returns","sr_ticket_number","ColumnVsColumn","No","76277e5ed4da0819",44,"Equals",0,0,0,0
"TableScan",73049,2,73049,92,2,91.3182,97016,"DATA","date_dim","d_quarter_name","ColumnVsValue","No","76277e5ed4da0819",2,"Equals",1,0,0,2
"TableScan",73049,2,73049,91,2,91.3182,90450,"DATA","date_dim","d_quarter_name","ColumnVsValue","No","76277e5ed4da0819",2,"Equals",1,0,0,2
"TableScan",65535,2,65535,91,2,82.3407,146327,"DATA","date_dim","d_quarter_name","ColumnVsValue","No","76277e5ed4da0819",1,"Equals",0,0,0,1
"TableScan",1492,17,299.463,1447,17,299.463,748328,"REFERENCE","customer_address","ca_zip","ExpressionEvaluator","No","7ee6cff3a8c3d580",2,"NotEquals",0,0,0,0
"TableScan",1492,17,299.463,1447,17,299.463,748328,"REFERENCE","store","s_zip","ExpressionEvaluator","No","7ee6cff3a8c3d580",2,"NotEquals",0,0,0,0
"TableScan",18000,6,18000,321,6,328.415,36460,"DATA","item","i_manager_id","ColumnVsValue","No","7ee6cff3a8c3d580",1,"Equals",0,0,0,1
"TableScan",365,3,333.86,30,3,27.4221,19207,"REFERENCE","date_dim","d_moy","ColumnVsValue","No","7ee6cff3a8c3d580",1,"Equals",0,0,0,1
"TableScan",65535,3,65535,365,3,333.86,146047,"DATA","date_dim","d_year","ColumnVsValue","No","7ee6cff3a8c3d580",1,"Equals",0,0,0,1
"TableScan",2817,21,669.762,1,21,665.956,363338,"REFERENCE","store_returns","sr_item_sk","ColumnVsColumn","No","5a7fd39201e63d24",4,"Equals",0,0,0,0
"TableScan",2817,21,669.762,1,21,665.956,363338,"REFERENCE","catalog_sales","cs_item_sk","ColumnVsColumn","No","5a7fd39201e63d24",4,"Equals",0,0,0,0
"TableScan",24193,11,706.574,1948,11,701.574,1768845,"REFERENCE","store_sales","ss_item_sk","ColumnVsColumn","No","5a7fd39201e63d24",43,"Equals",0,0,0,0
"TableScan",24193,11,706.574,1948,11,701.574,1768845,"REFERENCE","store_returns","sr_item_sk","ColumnVsColumn","No","5a7fd39201e63d24",43,"Equals",0,0,0,0
"TableScan",31706,11,743.097,24193,11,706.574,1725331,"REFERENCE","store_sales","ss_customer_sk","ColumnVsColumn","No","5a7fd39201e63d24",43,"Equals",0,0,0,0
"TableScan",31706,11,743.097,24193,11,706.574,1725331,"REFERENCE","store_returns","sr_customer_sk","ColumnVsColumn","No","5a7fd39201e63d24",43,"Equals",0,0,0,0
"TableScan",365,3,333.86,214,3,195.611,27379,"REFERENCE","date_dim","d_moy","ColumnBetween","No","5a7fd39201e63d24",1,"BetweenInclusive",0,0,0,1
"TableScan",65535,3,65535,365,3,333.86,126142,"DATA","date_dim","d_year","ColumnVsValue","No","5a7fd39201e63d24",1,"Equals",0,0,0,1
"TableScan",365,3,333.86,30,3,27.4221,21303,"REFERENCE","date_dim","d_moy","ColumnVsValue","No","5a7fd39201e63d24",1,"Equals",0,0,0,1
"TableScan",27440,4,27440,27440,4,27440,1185982,"REFERENCE","customer_demographics","cd_education_status","ColumnVsValue","Ascending","10dbdaceb474245a",5,"Equals",0,0,5,5
"TableScan",300,3,300,295,3,300,19626,"REFERENCE","promotion","p_channel_email","ColumnVsValue","No","10dbdaceb474245a",1,"Equals",0,0,0,1
"TableScan",300,3,300,296,3,300,12013,"REFERENCE","promotion","p_channel_event","ColumnVsValue","No","10dbdaceb474245a",1,"Equals",0,0,0,1
"TableScan",65535,2,65535,366,2,333.86,95479,"DATA","date_dim","d_year","ColumnVsValue","No","10dbdaceb474245a",1,"Equals",0,0,0,1
"TableScan",54880,4,54880,27440,4,27440,397353,"REFERENCE","customer_demographics","cd_gender","ColumnVsValue","No","10dbdaceb474245a",5,"Equals",0,0,0,5
"TableScan",274400,4,274400,54880,4,54880,390299,"DATA","customer_demographics","cd_marital_status","ColumnVsValue","No","10dbdaceb474245a",5,"Equals",0,0,0,5
"TableScan",852983,4,929035,36475,4,46449.9,11457297,"REFERENCE","store_sales","ss_quantity","ColumnBetween","No","33a6c8baa243ee1a",14,"BetweenInclusive",0,0,0,57
"TableScan",750414,4,808299,36491,4,40367.8,9864184,"REFERENCE","store_sales","ss_quantity","ColumnBetween","No","33a6c8baa243ee1a",12,"BetweenInclusive",0,0,0,55
"TableScan",747923,4,811861,35529,4,40592.6,9960640,"REFERENCE","store_sales","ss_quantity","ColumnBetween","No","33a6c8baa243ee1a",12,"BetweenInclusive",0,0,0,55
"TableScan",621092,4,650137,30097,4,32436.8,8479980,"REFERENCE","store_sales","ss_quantity","ColumnBetween","No","33a6c8baa243ee1a",10,"BetweenInclusive",0,0,0,53
"TableScan",656081,4,687288,31768,4,34468.5,8672265,"REFERENCE","store_sales","ss_quantity","ColumnBetween","No","33a6c8baa243ee1a",11,"BetweenInclusive",0,0,0,54
"TableScan",581643,4,672911,28226,4,33526.1,7982677,"REFERENCE","store_sales","ss_quantity","ColumnBetween","No","33a6c8baa243ee1a",9,"BetweenInclusive",0,0,0,52
"TableScan",2880404,4,2.8804e+06,138864,4,145353,6522411,"REFERENCE","store_sales","ss_coupon_amt","ColumnBetween","No","33a6c8baa243ee1a",44,"BetweenInclusive",0,0,0,44
"TableScan",2880404,4,2.8804e+06,90936,4,95212.3,5922017,"REFERENCE","store_sales","ss_coupon_amt","ColumnBetween","No","33a6c8baa243ee1a",44,"BetweenInclusive",0,0,0,44
"TableScan",2880404,4,2.8804e+06,28679,4,30043.4,5120536,"REFERENCE","store_sales","ss_coupon_amt","ColumnBetween","No","33a6c8baa243ee1a",44,"BetweenInclusive",0,0,0,44
"TableScan",2880404,4,2.8804e+06,1889,4,1872.82,5313380,"REFERENCE","store_sales","ss_coupon_amt","ColumnBetween","No","33a6c8baa243ee1a",44,"BetweenInclusive",0,0,0,44
"TableScan",2880404,4,2.8804e+06,555833,4,581819,13871866,"REFERENCE","store_sales","ss_wholesale_cost","ColumnBetween","No","33a6c8baa243ee1a",44,"BetweenInclusive",0,0,0,44
"TableScan",2880404,4,2.8804e+06,192980,4,201864,7483768,"REFERENCE","store_sales","ss_list_price","ColumnBetween","No","33a6c8baa243ee1a",44,"BetweenInclusive",0,0,0,44
"TableScan",2880404,4,2.8804e+06,3604,4,3707.51,4542632,"REFERENCE","store_sales","ss_coupon_amt","ColumnBetween","No","33a6c8baa243ee1a",44,"BetweenInclusive",0,0,0,44
"TableScan",2880404,4,2.8804e+06,97,4,246.492,4510223,"REFERENCE","store_sales","ss_coupon_amt","ColumnBetween","No","33a6c8baa243ee1a",44,"BetweenInclusive",7,0,0,44
"TableScan",2880404,4,2.8804e+06,555032,4,581137,13731965,"REFERENCE","store_sales","ss_wholesale_cost","ColumnBetween","No","33a6c8baa243ee1a",44,"BetweenInclusive",0,0,0,44
"TableScan",2880404,4,2.8804e+06,126215,4,131950,6186382,"REFERENCE","store_sales","ss_list_price","ColumnBetween","No","33a6c8baa243ee1a",44,"BetweenInclusive",0,0,0,44
"TableScan",2880404,4,2.8804e+06,554728,4,580656,13736575,"REFERENCE","store_sales","ss_wholesale_cost","ColumnBetween","No","33a6c8baa243ee1a",44,"BetweenInclusive",0,0,0,44
"TableScan",2880404,4,2.8804e+06,192315,4,201162,7667952,"REFERENCE","store_sales","ss_list_price","ColumnBetween","No","33a6c8baa243ee1a",44,"BetweenInclusive",0,0,0,44
"TableScan",2880404,4,2.8804e+06,555695,4,581698,14292687,"REFERENCE","store_sales","ss_wholesale_cost","ColumnBetween","No","33a6c8baa243ee1a",44,"BetweenInclusive",0,0,0,44
"TableScan",2880404,4,2.8804e+06,63710,4,66566.4,5103144,"REFERENCE","store_sales","ss_list_price","ColumnBetween","No","33a6c8baa243ee1a",44,"BetweenInclusive",0,0,0,44
"TableScan",2880404,4,2.8804e+06,554357,4,580214,13919221,"REFERENCE","store_sales","ss_wholesale_cost","ColumnBetween","No","33a6c8baa243ee1a",44,"BetweenInclusive",0,0,0,44
"TableScan",2880404,4,2.8804e+06,98784,4,103366,5705076,"REFERENCE","store_sales","ss_list_price","ColumnBetween","No","33a6c8baa243ee1a",44,"BetweenInclusive",0,0,0,44
"TableScan",2880404,4,2.8804e+06,556858,4,583011,13817875,"REFERENCE","store_sales","ss_wholesale_cost","ColumnBetween","No","33a6c8baa243ee1a",44,"BetweenInclusive",0,0,0,44
"TableScan",2880404,4,2.8804e+06,85591,4,89653.6,5450837,"REFERENCE","store_sales","ss_list_price","ColumnBetween","No","33a6c8baa243ee1a",44,"BetweenInclusive",0,0,0,44
"TableScan",15,15,34.7013,1,15,34.5356,15366,"REFERENCE","store_sales","ss_item_sk","ColumnVsColumn","No","d226deafa3236031",1,"Equals",0,0,0,0
"TableScan",15,15,34.7013,1,15,34.5356,15366,"REFERENCE","store_returns","sr_item_sk","ColumnVsColumn","No","d226deafa3236031",1,"Equals",0,0,0,0
"TableScan",15,15,36.3884,15,15,34.7013,23678,"REFERENCE","store_sales","ss_customer_sk","ColumnVsColumn","No","d226deafa3236031",1,"Equals",0,0,0,0
"TableScan",15,15,36.3884,15,15,34.7013,23678,"REFERENCE","store_returns","sr_customer_sk","ColumnVsColumn","No","d226deafa3236031",1,"Equals",0,0,0,0
"TableScan",148428,9,36.6878,11,9,36.3884,9313521,"REFERENCE","store_returns","sr_item_sk","ColumnVsColumn","No","d226deafa3236031",14,"Equals",0,0,0,0
"TableScan",148428,9,36.6878,11,9,36.3884,9313521,"REFERENCE","catalog_sales","cs_item_sk","ColumnVsColumn","No","d226deafa3236031",14,"Equals",0,0,0,0
"TableScan",365,3,333.86,30,3,27.4221,20954,"REFERENCE","date_dim","d_moy","ColumnVsValue","No","d226deafa3236031",1,"Equals",0,0,0,1
"TableScan",65535,3,65535,365,3,333.86,126071,"DATA","date_dim","d_year","ColumnVsValue","No","d226deafa3236031",1,"Equals",0,0,0,1
"TableScan",365,3,333.86,122,3,111.517,25075,"REFERENCE","date_dim","d_moy","ColumnBetween","No","d226deafa3236031",1,"BetweenInclusive",0,0,0,1
"TableScan",73049,2,73049,365,2,365.333,87517,"REFERENCE","date_dim","d_year","ColumnVsValue","No","d226deafa3236031",2,"Equals",1,0,0,2
"TableScan",73049,2,73049,365,2,365.333,99461,"REFERENCE","date_dim","d_year","ColumnVsValue","No","d226deafa3236031",2,"Equals",1,0,0,2
"TableScan",73049,2,73049,366,2,365.333,87657,"REFERENCE","date_dim","d_year","ColumnVsValue","No","d226deafa3236031",2,"Equals",1,0,0,2
"TableScan",181,24,1.50885e+19,51,24,1.50885e+19,68658,"REFERENCE","web_sales","ws_ext_sales_price","ExpressionEvaluator","No","b3cb9453eb547241",1,"GreaterThan",0,0,0,0
"TableScan",181,24,1.50885e+19,51,24,1.50885e+19,68658,"REFERENCE","web_sales","ws_ext_sales_price","ExpressionEvaluator","No","b3cb9453eb547241",1,"GreaterThan",0,0,0,0
"TableScan",181,24,1.50885e+19,51,24,1.50885e+19,68658,"REFERENCE","web_sales","ws_ext_sales_price","ExpressionEvaluator","No","b3cb9453eb547241",1,"GreaterThan",0,0,0,0
"TableScan",181,24,1.50885e+19,51,24,1.50885e+19,68658,"REFERENCE","store_sales","ss_ext_sales_price","ExpressionEvaluator","No","b3cb9453eb547241",1,"GreaterThan",0,0,0,0
"TableScan",181,24,1.50885e+19,51,24,1.50885e+19,68658,"REFERENCE","store_sales","ss_ext_sales_price","ExpressionEvaluator","No","b3cb9453eb547241",1,"GreaterThan",0,0,0,0
"TableScan",181,24,1.50885e+19,51,24,1.50885e+19,68658,"REFERENCE","store_sales","ss_ext_sales_price","ExpressionEvaluator","No","b3cb9453eb547241",1,"GreaterThan",0,0,0,0
"TableScan",354,24,1.50885e+19,181,24,1.50885e+19,156315,"REFERENCE","web_sales","ws_ext_sales_price","ExpressionEvaluator","No","b3cb9453eb547241",1,"GreaterThan",0,0,0,0
"TableScan",354,24,1.50885e+19,181,24,1.50885e+19,156315,"REFERENCE","web_sales","ws_ext_sales_price","ExpressionEvaluator","No","b3cb9453eb547241",1,"GreaterThan",0,0,0,0
"TableScan",354,24,1.50885e+19,181,24,1.50885e+19,156315,"REFERENCE","web_sales","ws_ext_sales_price","ExpressionEvaluator","No","b3cb9453eb547241",1,"GreaterThan",0,0,0,0
"TableScan",354,24,1.50885e+19,181,24,1.50885e+19,156315,"REFERENCE","store_sales","ss_ext_sales_price","ExpressionEvaluator","No","b3cb9453eb547241",1,"GreaterThan",0,0,0,0
"TableScan",354,24,1.50885e+19,181,24,1.50885e+19,156315,"REFERENCE","store_sales","ss_ext_sales_price","ExpressionEvaluator","No","b3cb9453eb547241",1,"GreaterThan",0,0,0,0
"TableScan",354,24,1.50885e+19,181,24,1.50885e+19,156315,"REFERENCE","store_sales","ss_ext_sales_price","ExpressionEvaluator","No","b3cb9453eb547241",1,"GreaterThan",0,0,0,0
"TableScan",366,3,333.86,91,3,83.1759,44980,"REFERENCE","date_dim","d_qoy","ColumnVsValue","No","b3cb9453eb547241",1,"Equals",0,0,0,1
"TableScan",366,3,333.86,92,3,84.0945,16204,"REFERENCE","date_dim","d_qoy","ColumnVsValue","No","b3cb9453eb547241",1,"Equals",0,0,0,1
"TableScan",366,3,333.86,91,3,83.1805,45190,"REFERENCE","date_dim","d_qoy","ColumnVsValue","No","b3cb9453eb547241",1,"Equals",0,0,0,1
"TableScan",65535,3,65535,366,3,333.86,94361,"DATA","date_dim","d_year","ColumnVsValue","No","b3cb9453eb547241",1,"Equals",0,0,0,1
"TableScan",3896,3,763.885,350,3,763.885,55457,"REFERENCE","date_dim","COUNT(*)","ColumnBetween","No","1f3f852eeffeb3fb",1,"BetweenInclusive",0,0,0,1
"TableScan",12,2,12,12,2,12,17880,"REFERENCE","store","s_county","ColumnVsValue","No","1f3f852eeffeb3fb",1,"Equals",0,0,0,1
"TableScan",1600,4,1600,800,4,1600,188863,"REFERENCE","household_demographics","hd_vehicle_count","ExpressionEvaluator","No","1f3f852eeffeb3fb",1,"GreaterThan",0,0,0,0
"TableScan",1600,4,1600,800,4,1600,188863,"REFERENCE","household_demographics","hd_dep_count","ExpressionEvaluator","No","1f3f852eeffeb3fb",1,"GreaterThan",0,0,0,0
"TableScan",1600,4,1600,800,4,1600,188863,"REFERENCE","household_demographics","hd_vehicle_count","ExpressionEvaluator","No","1f3f852eeffeb3fb",1,"GreaterThan",0,0,0,0
"TableScan",1096,3,1096,108,3,108.026,32758,"REFERENCE","date_dim","d_dom","ColumnBetween","No","1f3f852eeffeb3fb",3,"BetweenInclusive",0,0,0,3
"TableScan",1096,3,1096,144,3,144.035,20814,"REFERENCE","date_dim","d_dom","ColumnBetween","No","1f3f852eeffeb3fb",3,"BetweenInclusive",0,0,0,3
"TableScan",4800,4,4800,800,4,800,37367,"REFERENCE","household_demographics","hd_buy_potential","ColumnVsValue","No","1f3f852eeffeb3fb",1,"Equals",0,0,0,1
"TableScan",4800,4,4800,800,4,800,27310,"REFERENCE","household_demographics","hd_buy_potential","ColumnVsValue","No","1f3f852eeffeb3fb",1,"Equals",0,0,0,1
"TableScan",7200,4,7200,4800,4,4800,50988,"DATA","household_demographics","hd_vehicle_count","ColumnVsValue","No","1f3f852eeffeb3fb",1,"GreaterThan",0,0,0,1
"TableScan",73049,3,73049,365,3,365.333,87028,"DATA","date_dim","d_year","ColumnVsValue","No","1f3f852eeffeb3fb",2,"Equals",1,0,0,2
"TableScan",73049,3,73049,365,3,365.333,115176,"DATA","date_dim","d_year","ColumnVsValue","No","1f3f852eeffeb3fb",2,"Equals",1,0,0,2
"TableScan",73049,3,73049,366,3,365.333,86888,"DATA","date_dim","d_year","ColumnVsValue","No","1f3f852eeffeb3fb",2,"Equals",1,0,0,2
"TableScan",365,3,333.708,274,3,250.337,37367,"REFERENCE","date_dim","d_qoy","ColumnVsValue","No","f2542843ada8b55c",1,"LessThan",0,0,0,1
"TableScan",65535,3,65535,365,3,333.708,121461,"DATA","date_dim","d_year","ColumnVsValue","No","f2542843ada8b55c",1,"Equals",0,0,0,1
"TableScan",1099,14,23220.7,243,14,23220.7,108051,"REFERENCE","warehouse","w_warehouse_sk","ColumnVsColumn","No","c472acfef2176cba",1,"Equals",0,0,0,0
"TableScan",1099,14,23220.7,243,14,23220.7,108051,"REFERENCE","warehouse","w_warehouse_sk","ColumnVsColumn","No","c472acfef2176cba",1,"Equals",0,0,0,0
"TableScan",45000,6,21418.2,3080,6,21418.2,1591017,"REFERENCE","inventory","inv_quantity_on_hand","ExpressionEvaluator","No","c472acfef2176cba",1,"GreaterThan",0,0,0,0
"TableScan",45000,6,21418.2,3080,6,21418.2,1591017,"REFERENCE","inventory","inv_quantity_on_hand","ExpressionEvaluator","No","c472acfef2176cba",1,"GreaterThan",0,0,0,0
"TableScan",45000,6,21418.2,3080,6,21418.2,1591017,"REFERENCE","inventory","inv_quantity_on_hand","ExpressionEvaluator","No","c472acfef2176cba",1,"GreaterThan",0,0,0,0
"TableScan",45000,6,19514.8,3170,6,19514.8,1501965,"REFERENCE","inventory","inv_quantity_on_hand","ExpressionEvaluator","No","c472acfef2176cba",1,"GreaterThan",0,0,0,0
"TableScan",45000,6,19514.8,3170,6,19514.8,1501965,"REFERENCE","inventory","inv_quantity_on_hand","ExpressionEvaluator","No","c472acfef2176cba",1,"GreaterThan",0,0,0,0
"TableScan",45000,6,19514.8,3170,6,19514.8,1501965,"REFERENCE","inventory","inv_quantity_on_hand","ExpressionEvaluator","No","c472acfef2176cba",1,"GreaterThan",0,0,0,0
"TableScan",365,3,333.86,31,3,28.3362,18509,"REFERENCE","date_dim","d_moy","ColumnVsValue","No","c472acfef2176cba",1,"Equals",0,0,0,1
"TableScan",365,3,333.86,28,3,25.8179,34504,"REFERENCE","date_dim","d_moy","ColumnVsValue","No","c472acfef2176cba",1,"Equals",0,0,0,1
"TableScan",65535,3,65535,365,3,333.86,121112,"DATA","date_dim","d_year","ColumnVsValue","No","c472acfef2176cba",1,"Equals",0,0,0,1
"TableScan",53,14,23220.7,14,14,23220.7,31221,"REFERENCE","warehouse","w_warehouse_sk","ColumnVsColumn","No","ea189fd9834a0c7c",1,"Equals",0,0,0,0
"TableScan",53,14,23220.7,14,14,23220.7,31221,"REFERENCE","warehouse","w_warehouse_sk","ColumnVsColumn","No","ea189fd9834a0c7c",1,"Equals",0,0,0,0
"TableScan",3080,6,21418.2,122,6,21418.2,178456,"REFERENCE","inventory","inv_quantity_on_hand","ExpressionEvaluator","No","ea189fd9834a0c7c",1,"GreaterThan",0,0,0,0
"TableScan",3080,6,21418.2,122,6,21418.2,178456,"REFERENCE","inventory","inv_quantity_on_hand","ExpressionEvaluator","No","ea189fd9834a0c7c",1,"GreaterThan",0,0,0,0
"TableScan",3080,6,21418.2,122,6,21418.2,178456,"REFERENCE","inventory","inv_quantity_on_hand","ExpressionEvaluator","No","ea189fd9834a0c7c",1,"GreaterThan",0,0,0,0
"TableScan",45000,6,19514.8,3170,6,19514.8,1549949,"REFERENCE","inventory","inv_quantity_on_hand","ExpressionEvaluator","No","ea189fd9834a0c7c",1,"GreaterThan",0,0,0,0
"TableScan",45000,6,19514.8,3170,6,19514.8,1549949,"REFERENCE","inventory","inv_quantity_on_hand","ExpressionEvaluator","No","ea189fd9834a0c7c",1,"GreaterThan",0,0,0,0
"TableScan",45000,6,19514.8,3170,6,19514.8,1549949,"REFERENCE","inventory","inv_quantity_on_hand","ExpressionEvaluator","No","ea189fd9834a0c7c",1,"GreaterThan",0,0,0,0
"TableScan",45000,6,21418.2,3080,6,21418.2,1548761,"REFERENCE","inventory","inv_quantity_on_hand","ExpressionEvaluator","No","ea189fd9834a0c7c",1,"GreaterThan",0,0,0,0
"TableScan",45000,6,21418.2,3080,6,21418.2,1548761,"REFERENCE","inventory","inv_quantity_on_hand","ExpressionEvaluator","No","ea189fd9834a0c7c",1,"GreaterThan",0,0,0,0
"TableScan",45000,6,21418.2,3080,6,21418.2,1548761,"REFERENCE","inventory","inv_quantity_on_hand","ExpressionEvaluator","No","ea189fd9834a0c7c",1,"GreaterThan",0,0,0,0
"TableScan",365,3,333.86,28,3,25.8179,29684,"REFERENCE","date_dim","d_moy","ColumnVsValue","No","ea189fd9834a0c7c",1,"Equals",0,0,0,1
"TableScan",365,3,333.86,31,3,28.3362,16623,"REFERENCE","date_dim","d_moy","ColumnVsValue","No","ea189fd9834a0c7c",1,"Equals",0,0,0,1
"TableScan",65535,3,65535,365,3,333.86,112801,"DATA","date_dim","d_year","ColumnVsValue","No","ea189fd9834a0c7c",1,"Equals",0,0,0,1
"TableScan",239,3,236.721,4,3,236.721,59988476,"REFERENCE","item","i_manufact","ExpressionEvaluator","","c3eb0f228a4c62a1",1,"GreaterThan",0,0,0,0
"TableScan",18000,3,18000,239,3,236.721,54340,"DATA","item","i_manufact_id","ColumnBetween","No","c3eb0f228a4c62a1",1,"BetweenInclusive",0,0,0,1
"TableScan",366,3,333.86,30,3,27.4221,16763,"REFERENCE","date_dim","d_moy","ColumnVsValue","No","2f68c8df87906c39",1,"Equals",0,0,0,1
"TableScan",18000,4,18000,321,4,328.415,37856,"DATA","item","i_manager_id","ColumnVsValue","No","2f68c8df87906c39",1,"Equals",0,0,0,1
"TableScan",65535,3,65535,366,3,333.86,106724,"DATA","date_dim","d_year","ColumnVsValue","No","2f68c8df87906c39",1,"Equals",0,0,0,1
"TableScan",12,4,12,12,4,12,38136,"REFERENCE","store","s_gmt_offset","ColumnVsValue","No","ac2f9c4228030d9d",1,"Equals",0,0,0,1
"TableScan",65535,3,65535,366,3,333.86,94083,"DATA","date_dim","d_year","ColumnVsValue","No","ac2f9c4228030d9d",1,"Equals",0,0,0,1
"TableScan",21362,11,819.567,0,11,819.567,4256125,"REFERENCE","customer_address","ca_zip","ExpressionEvaluator","No","c1558ce7f598faf2",11,"In",0,0,0,0
"TableScan",18000,2,18000,10,2,10,252143,"DATA","item","i_item_sk","ExpressionEvaluator","No","c1558ce7f598faf2",1,"In",0,0,0,0
"TableScan",365,3,333.86,91,3,83.1805,21513,"REFERENCE","date_dim","d_qoy","ColumnVsValue","No","c1558ce7f598faf2",1,"Equals",0,0,0,1
"TableScan",65535,3,65535,365,3,333.86,149191,"DATA","date_dim","d_year","ColumnVsValue","No","c1558ce7f598faf2",1,"Equals",0,0,0,1
"TableScan",799,13,0,331,13,0,194241,"REFERENCE","store_sales","ss_sales_price","ColumnBetween","No","c49841c711905e98",1,"BetweenInclusive",0,0,0,44
"TableScan",799,13,0,799,13,0,60556,"REFERENCE","customer_demographics","cd_education_status","ColumnVsValue","No","c49841c711905e98",1,"Equals",0,0,0,5
"TableScan",969,13,0,19,13,0,132079,"REFERENCE","store_sales","ss_sales_price","ColumnBetween","No","c49841c711905e98",1,"BetweenInclusive",0,0,0,44
"TableScan",169,13,0,169,13,0,32409,"REFERENCE","customer_demographics","cd_education_status","ColumnVsValue","No","c49841c711905e98",1,"Equals",0,0,0,5
"TableScan",2619,13,0,799,13,0,159179,"REFERENCE","customer_demographics","cd_marital_status","ColumnVsValue","No","c49841c711905e98",1,"Equals",0,0,0,15
"TableScan",969,13,0,969,13,0,74874,"REFERENCE","customer_demographics","cd_education_status","ColumnVsValue","No","c49841c711905e98",1,"Equals",0,0,0,5
"TableScan",548,13,0,169,13,0,56086,"REFERENCE","customer_demographics","cd_marital_status","ColumnVsValue","No","c49841c711905e98",1,"Equals",0,0,0,15
"TableScan",2619,13,0,969,13,0,92196,"REFERENCE","customer_demographics","cd_marital_status","ColumnVsValue","No","c49841c711905e98",1,"Equals",0,0,0,15
"TableScan",2619,13,0,548,13,0,166652,"REFERENCE","store_sales","ss_sales_price","ColumnBetween","No","c49841c711905e98",1,"BetweenInclusive",0,0,0,44
"TableScan",274400,3,274400,54880,3,54880,607519,"REFERENCE","customer_demographics","cd_marital_status","ColumnVsValue","No","c49841c711905e98",5,"Equals",0,0,0,5
"TableScan",40218,10,0,6711,10,0,1714226,"REFERENCE","store_sales","ss_net_profit","ColumnBetween","No","c49841c711905e98",132,"BetweenInclusive",0,0,0,132
"TableScan",1920800,3,1.9208e+06,274400,3,274400,11443119,"REFERENCE","customer_demographics","cd_education_status","ColumnVsValue","Ascending","c49841c711905e98",35,"Equals",0,0,35,35
"TableScan",274400,3,274400,54880,3,54880,668424,"REFERENCE","customer_demographics","cd_marital_status","ColumnVsValue","No","c49841c711905e98",5,"Equals",0,0,0,5
"TableScan",274400,3,274400,54880,3,54880,670869,"REFERENCE","customer_demographics","cd_marital_status","ColumnVsValue","No","c49841c711905e98",5,"Equals",0,0,0,5
"TableScan",48045,10,0,10615,10,0,1726379,"REFERENCE","store_sales","ss_net_profit","ColumnBetween","No","c49841c711905e98",132,"BetweenInclusive",0,0,0,132
"TableScan",66212,10,2269.35,15106,10,532.974,1916429,"REFERENCE","store_sales","ss_net_profit","ColumnBetween","No","c49841c711905e98",132,"BetweenInclusive",0,0,0,132
"TableScan",1920800,3,1.9208e+06,274400,3,274400,11256352,"REFERENCE","customer_demographics","cd_education_status","ColumnVsValue","Ascending","c49841c711905e98",35,"Equals",0,0,35,35
"TableScan",1920800,3,1.9208e+06,274400,3,274400,11249716,"REFERENCE","customer_demographics","cd_education_status","ColumnVsValue","Ascending","c49841c711905e98",35,"Equals",0,0,35,35
"TableScan",154475,10,2269.35,6116,10,0,676177,"REFERENCE","customer_address","ca_state","ColumnVsValue","No","c49841c711905e98",44,"Equals",0,0,0,44
"TableScan",154475,10,2269.35,20116,10,0,1031902,"REFERENCE","customer_address","ca_state","ColumnVsValue","No","c49841c711905e98",44,"Equals",0,0,0,44
"TableScan",154475,10,2269.35,13986,10,0,867625,"REFERENCE","customer_address","ca_state","ColumnVsValue","No","c49841c711905e98",44,"Equals",0,0,0,44
"TableScan",154475,10,2269.35,24490,10,0,960730,"REFERENCE","customer_address","ca_state","ColumnVsValue","No","c49841c711905e98",44,"Equals",0,0,0,44
"TableScan",154475,10,2269.35,9989,10,0,720600,"REFERENCE","customer_address","ca_state","ColumnVsValue","No","c49841c711905e98",44,"Equals",0,0,0,44
"TableScan",154475,10,2269.35,14344,10,0,740784,"REFERENCE","customer_address","ca_state","ColumnVsValue","No","c49841c711905e98",44,"Equals",0,0,0,44
"TableScan",154475,10,2269.35,9211,10,0,678901,"REFERENCE","customer_address","ca_state","ColumnVsValue","No","c49841c711905e98",44,"Equals",0,0,0,44
"TableScan",154475,10,2269.35,41893,10,2269.35,1251008,"REFERENCE","customer_address","ca_state","ColumnVsValue","No","c49841c711905e98",44,"Equals",0,0,0,44
"TableScan",154475,10,2269.35,14330,10,0,747211,"REFERENCE","customer_address","ca_state","ColumnVsValue","No","c49841c711905e98",44,"Equals",0,0,0,44
"TableScan",48475,3,50000,971,3,572.239,114058,"REFERENCE","customer_address","ca_state","ColumnVsValue","No","c49841c711905e98",1,"Equals",0,0,0,1
"TableScan",48475,3,50000,3901,3,2269.35,180202,"REFERENCE","customer_address","ca_state","ColumnVsValue","No","c49841c711905e98",1,"Equals",0,0,0,1
"TableScan",48475,3,50000,1330,3,1318.89,122021,"REFERENCE","customer_address","ca_state","ColumnVsValue","No","c49841c711905e98",1,"Equals",0,0,0,1
"TableScan",50000,3,50000,48475,3,50000,465732,"REFERENCE","customer_address","ca_country","ColumnVsValue","No","c49841c711905e98",1,"Equals",0,0,0,1
"TableScan",48475,3,50000,564,3,830.753,103721,"REFERENCE","customer_address","ca_state","ColumnVsValue","No","c49841c711905e98",1,"Equals",0,0,0,1
"TableScan",48475,3,50000,2134,3,1224.97,136409,"REFERENCE","customer_address","ca_state","ColumnVsValue","No","c49841c711905e98",1,"Equals",0,0,0,1
"TableScan",65535,2,65535,366,2,333.86,91778,"DATA","date_dim","d_year","ColumnVsValue","No","c49841c711905e98",1,"Equals",0,0,0,1
"TableScan",48475,3,50000,1911,3,1427.76,132428,"REFERENCE","customer_address","ca_state","ColumnVsValue","No","c49841c711905e98",1,"Equals",0,0,0,1
"TableScan",48475,3,50000,1306,3,1524.25,134872,"REFERENCE","customer_address","ca_state","ColumnVsValue","No","c49841c711905e98",1,"Equals",0,0,0,1
"TableScan",48475,3,50000,1278,3,1140.87,120065,"REFERENCE","customer_address","ca_state","ColumnVsValue","No","c49841c711905e98",1,"Equals",0,0,0,1
"TableScan",48475,3,50000,922,3,594.427,112242,"REFERENCE","customer_address","ca_state","ColumnVsValue","No","c49841c711905e98",1,"Equals",0,0,0,1
"TableScan",27428,9,1228.44,2196,9,1219.75,2071626,"REFERENCE","store_sales","ss_item_sk","ColumnVsColumn","No","9ba0ff608aba8792",44,"Equals",0,0,0,0
"TableScan",27428,9,1228.44,2196,9,1219.75,2071626,"REFERENCE","store_returns","sr_item_sk","ColumnVsColumn","No","9ba0ff608aba8792",44,"Equals",0,0,0,0
"TableScan",37114,9,1291.94,27428,9,1228.44,1931377,"REFERENCE","store_sales","ss_customer_sk","ColumnVsColumn","No","9ba0ff608aba8792",44,"Equals",0,0,0,0
"TableScan",37114,9,1291.94,27428,9,1228.44,1931377,"REFERENCE","store_returns","sr_customer_sk","ColumnVsColumn","No","9ba0ff608aba8792",44,"Equals",0,0,0,0
"TableScan",365,3,333.86,31,3,28.3362,13899,"REFERENCE","date_dim","d_moy","ColumnVsValue","No","9ba0ff608aba8792",1,"Equals",0,0,0,1
"TableScan",65535,3,65535,365,3,333.86,105187,"DATA","date_dim","d_year","ColumnVsValue","No","9ba0ff608aba8792",1,"Equals",0,0,0,1
"TableScan",366,3,333.86,30,3,27.4221,13899,"REFERENCE","date_dim","d_moy","ColumnVsValue","No","dfd5d73db008470",1,"Equals",0,0,0,1
"TableScan",18000,4,18000,321,4,328.415,37647,"DATA","item","i_manager_id","ColumnVsValue","No","dfd5d73db008470",1,"Equals",0,0,0,1
"TableScan",65535,3,65535,366,3,333.86,93803,"DATA","date_dim","d_year","ColumnVsValue","No","dfd5d73db008470",1,"Equals",0,0,0,1
"TableScan",18000,4,18000,339,4,309.068,31082,"DATA","item","i_manager_id","ColumnVsValue","No","24cc61038fcacf93",1,"Equals",0,0,0,1
"TableScan",365,3,333.86,30,3,27.4221,13760,"REFERENCE","date_dim","d_moy","ColumnVsValue","No","24cc61038fcacf93",1,"Equals",0,0,0,1
"TableScan",65535,3,65535,365,3,333.86,93314,"DATA","date_dim","d_year","ColumnVsValue","No","24cc61038fcacf93",1,"Equals",0,0,0,1
"TableScan",65535,2,65535,366,2,330.984,134663,"DATA","date_dim","d_month_seq","ColumnBetween","No","a203e0bb1c413813",1,"BetweenInclusive",0,0,0,1
"TableScan",53996,12,2.41053e+07,115,12,2.41053e+07,854074,"REFERENCE","store_sales","ss_sales_price","ExpressionEvaluator","No","901db9dd2feb2d10",1,"LessThanEquals",0,0,0,0
"TableScan",53996,12,2.41053e+07,115,12,2.41053e+07,854074,"REFERENCE","store_sales","ss_sales_price","ExpressionEvaluator","No","901db9dd2feb2d10",1,"LessThanEquals",0,0,0,0
"TableScan",65535,2,65535,365,2,334.202,126351,"DATA","date_dim","d_month_seq","ColumnBetween","No","901db9dd2feb2d10",1,"BetweenInclusive",0,0,0,1
"TableScan",365,3,333.86,91,3,83.1805,14179,"REFERENCE","date_dim","d_moy","ColumnBetween","No","105285333f5ba7f4",1,"BetweenInclusive",0,0,0,1
"TableScan",65535,3,65535,365,3,333.86,97575,"REFERENCE","date_dim","d_year","ColumnVsValue","No","105285333f5ba7f4",1,"Equals",0,0,0,1
"TableScan",50000,2,50000,1945,2,1427.76,72430,"DATA","customer_address","ca_state","ColumnVsValue","No","105285333f5ba7f4",1,"Equals",0,0,0,1
"TableScan",365,3,333.86,91,3,83.1805,23678,"REFERENCE","date_dim","d_moy","ColumnBetween","No","105285333f5ba7f4",1,"BetweenInclusive",0,0,0,1
"TableScan",50000,2,50000,500,2,423.633,84094,"DATA","customer_address","ca_state","ColumnVsValue","No","105285333f5ba7f4",1,"Equals",0,0,0,1
"TableScan",50000,2,50000,2446,2,1798.25,108680,"DATA","customer_address","ca_state","ColumnVsValue","No","105285333f5ba7f4",1,"Equals",0,0,0,1
"TableScan",65535,3,65535,365,3,333.86,102673,"DATA","date_dim","d_year","ColumnVsValue","No","105285333f5ba7f4",1,"Equals",0,0,0,1
"TableScan",1095,3,763.885,71,3,763.885,21373,"REFERENCE","date_dim","COUNT(*)","ColumnBetween","No","2b7e6ed9df8e2f99",1,"BetweenInclusive",0,0,0,1
"TableScan",12,2,12,12,2,12,32898,"REFERENCE","store","s_county","ExpressionEvaluator","No","2b7e6ed9df8e2f99",1,"In",0,0,0,0
"TableScan",1600,4,1600,800,4,1600,149260,"REFERENCE","household_demographics","hd_vehicle_count","ExpressionEvaluator","No","2b7e6ed9df8e2f99",1,"GreaterThan",0,0,0,0
"TableScan",1600,4,1600,800,4,1600,149260,"REFERENCE","household_demographics","hd_dep_count","ExpressionEvaluator","No","2b7e6ed9df8e2f99",1,"GreaterThan",0,0,0,0
"TableScan",1600,4,1600,800,4,1600,149260,"REFERENCE","household_demographics","hd_vehicle_count","ExpressionEvaluator","No","2b7e6ed9df8e2f99",1,"GreaterThan",0,0,0,0
"TableScan",1096,3,1096,72,3,72.0174,24376,"REFERENCE","date_dim","d_dom","ColumnBetween","No","2b7e6ed9df8e2f99",3,"BetweenInclusive",0,0,0,3
"TableScan",4800,4,4800,800,4,800,33875,"REFERENCE","household_demographics","hd_buy_potential","ColumnVsValue","No","2b7e6ed9df8e2f99",1,"Equals",0,0,0,1
"TableScan",4800,4,4800,800,4,800,26611,"REFERENCE","household_demographics","hd_buy_potential","ColumnVsValue","No","2b7e6ed9df8e2f99",1,"Equals",0,0,0,1
"TableScan",73049,3,73049,365,3,365.333,86888,"DATA","date_dim","d_year","ColumnVsValue","No","2b7e6ed9df8e2f99",2,"Equals",1,0,0,2
"TableScan",7200,4,7200,4800,4,4800,42117,"DATA","household_demographics","hd_vehicle_count","ColumnVsValue","No","2b7e6ed9df8e2f99",1,"GreaterThan",0,0,0,1
"TableScan",73049,3,73049,365,3,365.333,98413,"DATA","date_dim","d_year","ColumnVsValue","No","2b7e6ed9df8e2f99",2,"Equals",1,0,0,2
"TableScan",73049,3,73049,366,3,365.333,87657,"DATA","date_dim","d_year","ColumnVsValue","No","2b7e6ed9df8e2f99",2,"Equals",1,0,0,2
"TableScan",12,3,12,11,3,11,17950,"DATA","store","s_number_employees","ColumnBetween","No","741bc3f2dfb09756",1,"BetweenInclusive",0,0,0,1
"TableScan",7200,3,7200,720,3,720,27868,"REFERENCE","household_demographics","hd_dep_count","ColumnVsValue","No","741bc3f2dfb09756",1,"Equals",0,0,0,1
"TableScan",7200,3,7200,2400,3,2400,43234,"REFERENCE","household_demographics","hd_vehicle_count","ColumnVsValue","No","741bc3f2dfb09756",1,"GreaterThan",0,0,0,1
"TableScan",1096,3,1096,157,3,156.578,23049,"REFERENCE","date_dim","d_dow","ColumnVsValue","No","741bc3f2dfb09756",3,"Equals",0,0,0,3
"TableScan",73049,3,73049,365,3,365.333,86889,"DATA","date_dim","d_year","ColumnVsValue","No","741bc3f2dfb09756",2,"Equals",1,0,0,2
"TableScan",73049,3,73049,365,3,365.333,96387,"DATA","date_dim","d_year","ColumnVsValue","No","741bc3f2dfb09756",2,"Equals",1,0,0,2
"TableScan",73049,3,73049,366,3,365.333,88006,"DATA","date_dim","d_year","ColumnVsValue","No","741bc3f2dfb09756",2,"Equals",1,0,0,2
"TableScan",50000,12,50000,2446,12,1798.25,89613,"DATA","customer_address","ca_state","ColumnVsValue","No","1c41ac70227eb819",1,"Equals",0,0,0,1
"TableScan",65535,2,65535,366,2,333.86,112592,"DATA","date_dim","d_year","ColumnVsValue","No","1c41ac70227eb819",1,"Equals",0,0,0,1
"TableScan",73049,3,73049,1,3,1,90939,"REFERENCE","date_dim","d_date","ColumnVsValue","No","ec84b20b69353252",2,"Equals",1,0,0,2
"TableScan",73049,3,73049,1,3,1,104979,"REFERENCE","date_dim","d_date","ColumnVsValue","No","ec84b20b69353252",2,"Equals",1,0,0,2
"TableScan",73049,3,73049,1,3,1,92615,"REFERENCE","date_dim","d_date","ColumnVsValue","No","ec84b20b69353252",2,"Equals",1,0,0,2
"TableScan",73049,3,73049,1,3,1,89752,"DATA","date_dim","d_date","ColumnVsValue","No","ec84b20b69353252",2,"Equals",1,0,0,2
"TableScan",73049,3,73049,1,3,1,121462,"DATA","date_dim","d_date","ColumnVsValue","No","ec84b20b69353252",2,"Equals",1,0,0,2
"TableScan",73049,3,73049,1,3,1,90730,"DATA","date_dim","d_date","ColumnVsValue","No","ec84b20b69353252",2,"Equals",1,0,0,2
"TableScan",142,26,110.488,7,26,0,313887,"REFERENCE","web_sales","ws_item_sk","ExpressionEvaluator","No","aecea1dd577191a6",1,"",0,0,0,0
"TableScan",142,26,110.488,7,26,0,313887,"REFERENCE","web_returns","wr_item_sk","ExpressionEvaluator","No","aecea1dd577191a6",1,"",0,0,0,0
"TableScan",142,26,110.488,7,26,0,313887,"REFERENCE","customer_demographics","cd_marital_status","ExpressionEvaluator","No","aecea1dd577191a6",1,"",0,0,0,0
"TableScan",142,26,110.488,7,26,0,313887,"REFERENCE","customer_demographics","cd_education_status","ExpressionEvaluator","No","aecea1dd577191a6",1,"",0,0,0,0
"TableScan",142,26,110.488,7,26,0,313887,"REFERENCE","web_sales","ws_sales_price","ExpressionEvaluator","No","aecea1dd577191a6",1,"",0,0,0,0
"TableScan",142,26,110.488,7,26,0,313887,"REFERENCE","customer_demographics","cd_marital_status","ExpressionEvaluator","No","aecea1dd577191a6",1,"",0,0,0,0
"TableScan",142,26,110.488,7,26,0,313887,"REFERENCE","web_sales","ws_sales_price","ExpressionEvaluator","No","aecea1dd577191a6",1,"",0,0,0,0
"TableScan",142,26,110.488,7,26,0,313887,"REFERENCE","customer_demographics","cd_education_status","ExpressionEvaluator","No","aecea1dd577191a6",1,"",0,0,0,0
"TableScan",142,26,110.488,7,26,0,313887,"REFERENCE","web_sales","ws_sales_price","ExpressionEvaluator","No","aecea1dd577191a6",1,"",0,0,0,0
"TableScan",142,26,110.488,7,26,0,313887,"REFERENCE","customer_demographics","cd_marital_status","ExpressionEvaluator","No","aecea1dd577191a6",1,"",0,0,0,0
"TableScan",142,26,110.488,7,26,0,313887,"REFERENCE","customer_demographics","cd_education_status","ExpressionEvaluator","No","aecea1dd577191a6",1,"",0,0,0,0
"TableScan",74,26,0,36,26,0,73548,"REFERENCE","web_sales","ws_net_profit","ColumnBetween","No","aecea1dd577191a6",3,"BetweenInclusive",0,0,0,23
"TableScan",78,26,0,71,26,0,70824,"REFERENCE","web_sales","ws_net_profit","ColumnBetween","No","aecea1dd577191a6",3,"BetweenInclusive",0,0,0,23
"TableScan",77,26,110.488,35,26,110.488,68658,"REFERENCE","web_sales","ws_net_profit","ColumnBetween","No","aecea1dd577191a6",3,"BetweenInclusive",0,0,0,22
"TableScan",229,26,110.488,26,26,0,19976,"REFERENCE","customer_address","ca_state","ColumnVsValue","No","aecea1dd577191a6",1,"Equals",0,0,0,1
"TableScan",229,26,110.488,41,26,0,36529,"REFERENCE","customer_address","ca_state","ColumnVsValue","No","aecea1dd577191a6",1,"Equals",0,0,0,1
"TableScan",229,26,110.488,7,26,0,19068,"REFERENCE","customer_address","ca_state","ColumnVsValue","No","aecea1dd577191a6",1,"Equals",0,0,0,1
"TableScan",229,26,110.488,15,26,0,17113,"REFERENCE","customer_address","ca_state","ColumnVsValue","No","aecea1dd577191a6",1,"Equals",0,0,0,1
"TableScan",229,26,110.488,31,26,0,19068,"REFERENCE","customer_address","ca_state","ColumnVsValue","No","aecea1dd577191a6",1,"Equals",0,0,0,1
"TableScan",139,19,110.488,139,19,110.488,63001,"REFERENCE","customer_demographics","cd_education_status","ColumnVsColumn","No","aecea1dd577191a6",1,"Equals",0,0,0,0
"TableScan",139,19,110.488,139,19,110.488,63001,"REFERENCE","customer_demographics","cd_education_status","ColumnVsColumn","No","aecea1dd577191a6",1,"Equals",0,0,0,0
"TableScan",229,26,110.488,27,26,0,20744,"REFERENCE","customer_address","ca_state","ColumnVsValue","No","aecea1dd577191a6",1,"Equals",0,0,0,1
"TableScan",229,26,110.488,36,26,0,18090,"REFERENCE","customer_address","ca_state","ColumnVsValue","No","aecea1dd577191a6",1,"Equals",0,0,0,1
"TableScan",229,26,110.488,9,26,110.488,19697,"REFERENCE","customer_address","ca_state","ColumnVsValue","No","aecea1dd577191a6",1,"Equals",0,0,0,1
"TableScan",229,26,110.488,37,26,0,17601,"REFERENCE","customer_address","ca_state","ColumnVsValue","No","aecea1dd577191a6",1,"Equals",0,0,0,1
"TableScan",139,19,110.488,139,19,110.488,134453,"REFERENCE","customer_demographics","cd_marital_status","ColumnVsColumn","No","aecea1dd577191a6",1,"Equals",0,0,0,0
"TableScan",139,19,110.488,139,19,110.488,134453,"REFERENCE","customer_demographics","cd_marital_status","ColumnVsColumn","No","aecea1dd577191a6",1,"Equals",0,0,0,0
"TableScan",142166,7,3289.38,4963,7,115.707,826276,"REFERENCE","web_sales","ws_net_profit","ColumnBetween","No","aecea1dd577191a6",11,"BetweenInclusive",0,0,0,11
"TableScan",142166,7,3289.38,6110,7,138.885,492413,"REFERENCE","web_sales","ws_net_profit","ColumnBetween","No","aecea1dd577191a6",11,"BetweenInclusive",0,0,0,11
"TableScan",142166,7,3289.38,10435,7,241.128,584190,"REFERENCE","web_sales","ws_net_profit","ColumnBetween","No","aecea1dd577191a6",11,"BetweenInclusive",0,0,0,11
"TableScan",65535,2,65535,366,2,333.86,101626,"DATA","date_dim","d_year","ColumnVsValue","No","aecea1dd577191a6",1,"Equals",0,0,0,1
"TableScan",48475,3,50000,1372,3,1595.98,126002,"REFERENCE","customer_address","ca_state","ColumnVsValue","No","aecea1dd577191a6",1,"Equals",0,0,0,1
"TableScan",274400,3,274400,54880,3,54880,806719,"REFERENCE","customer_demographics","cd_marital_status","ColumnVsValue","No","aecea1dd577191a6",5,"Equals",0,0,0,5
"TableScan",48475,3,50000,317,3,423.633,111264,"REFERENCE","customer_address","ca_state","ColumnVsValue","No","aecea1dd577191a6",1,"Equals",0,0,0,1
"TableScan",48475,3,50000,1330,3,1318.89,123906,"REFERENCE","customer_address","ca_state","ColumnVsValue","No","aecea1dd577191a6",1,"Equals",0,0,0,1
"TableScan",50000,3,50000,48475,3,50000,471180,"REFERENCE","customer_address","ca_country","ColumnVsValue","No","aecea1dd577191a6",1,"Equals",0,0,0,1
"TableScan",48475,3,50000,1034,3,865.841,116643,"REFERENCE","customer_address","ca_state","ColumnVsValue","No","aecea1dd577191a6",1,"Equals",0,0,0,1
"TableScan",48475,3,50000,802,3,1427.76,110147,"REFERENCE","customer_address","ca_state","ColumnVsValue","No","aecea1dd577191a6",1,"Equals",0,0,0,1
"TableScan",1920800,3,1.9208e+06,274400,3,274400,11598875,"REFERENCE","customer_demographics","cd_education_status","ColumnVsValue","Ascending","aecea1dd577191a6",35,"Equals",0,0,35,35
"TableScan",274400,3,274400,54880,3,54880,695036,"REFERENCE","customer_demographics","cd_marital_status","ColumnVsValue","No","aecea1dd577191a6",5,"Equals",0,0,0,5
"TableScan",274400,3,274400,54880,3,54880,692522,"REFERENCE","customer_demographics","cd_marital_status","ColumnVsValue","No","aecea1dd577191a6",5,"Equals",0,0,0,5
"TableScan",48475,3,50000,1911,3,1427.76,131939,"REFERENCE","customer_address","ca_state","ColumnVsValue","No","aecea1dd577191a6",1,"Equals",0,0,0,1
"TableScan",48475,3,50000,126,3,572.239,93175,"REFERENCE","customer_address","ca_state","ColumnVsValue","No","aecea1dd577191a6",1,"Equals",0,0,0,1
"TableScan",48475,3,50000,1535,3,835.913,127259,"REFERENCE","customer_address","ca_state","ColumnVsValue","No","aecea1dd577191a6",1,"Equals",0,0,0,1
"TableScan",48475,3,50000,1121,3,865.153,115385,"REFERENCE","customer_address","ca_state","ColumnVsValue","No","aecea1dd577191a6",1,"Equals",0,0,0,1
"TableScan",1920800,3,1.9208e+06,274400,3,274400,11237772,"REFERENCE","customer_demographics","cd_education_status","ColumnVsValue","Ascending","aecea1dd577191a6",35,"Equals",0,0,35,35
"TableScan",1920800,3,1.9208e+06,274400,3,274400,11224642,"REFERENCE","customer_demographics","cd_education_status","ColumnVsValue","Ascending","aecea1dd577191a6",35,"Equals",0,0,35,35
"TableScan",12,2,12,1,2,1,16763,"REFERENCE","store","s_store_name","ColumnVsValue","No","b5449accdea88518",1,"Equals",0,0,0,1
"TableScan",720,3,720,720,3,720,15925,"REFERENCE","household_demographics","hd_vehicle_count","ColumnVsValue","No","b5449accdea88518",1,"LessThanEquals",0,0,0,1
"TableScan",7200,3,7200,720,3,720,26961,"REFERENCE","household_demographics","hd_dep_count","ColumnVsValue","No","b5449accdea88518",1,"Equals",0,0,0,1
"TableScan",720,3,720,480,3,480,17461,"REFERENCE","household_demographics","hd_vehicle_count","ColumnVsValue","No","b5449accdea88518",1,"LessThanEquals",0,0,0,1
"TableScan",720,3,720,720,3,720,11734,"REFERENCE","household_demographics","hd_vehicle_count","ColumnVsValue","No","b5449accdea88518",1,"LessThanEquals",0,0,0,1
"TableScan",3600,3,3600,1800,3,1800,31850,"REFERENCE","time_dim","t_minute","ColumnVsValue","No","b5449accdea88518",1,"GreaterThanEquals",0,0,0,1
"TableScan",7200,3,7200,720,3,720,19906,"REFERENCE","household_demographics","hd_dep_count","ColumnVsValue","No","b5449accdea88518",1,"Equals",0,0,0,1
"TableScan",7200,3,7200,720,3,720,18229,"REFERENCE","household_demographics","hd_dep_count","ColumnVsValue","No","b5449accdea88518",1,"Equals",0,0,0,1
"TableScan",3600,3,3600,1800,3,1800,46797,"REFERENCE","time_dim","t_minute","ColumnVsValue","No","b5449accdea88518",1,"GreaterThanEquals",0,0,0,1
"TableScan",3600,3,3600,1800,3,1800,29475,"REFERENCE","time_dim","t_minute","ColumnVsValue","No","b5449accdea88518",1,"LessThan",0,0,0,1
"TableScan",65535,3,65535,3600,3,3600,91777,"DATA","time_dim","t_hour","ColumnVsValue","No","b5449accdea88518",1,"Equals",0,0,0,1
"TableScan",3600,3,3600,1800,3,1800,31081,"REFERENCE","time_dim","t_minute","ColumnVsValue","No","b5449accdea88518",1,"GreaterThanEquals",0,0,0,1
"TableScan",3600,3,3600,1800,3,1800,36600,"REFERENCE","time_dim","t_minute","ColumnVsValue","No","b5449accdea88518",1,"LessThan",0,0,0,1
"TableScan",65535,3,65535,3600,3,3600,94990,"DATA","time_dim","t_hour","ColumnVsValue","No","b5449accdea88518",1,"Equals",0,0,0,1
"TableScan",3600,3,3600,1800,3,1800,34434,"REFERENCE","time_dim","t_minute","ColumnVsValue","No","b5449accdea88518",1,"LessThan",0,0,0,1
"TableScan",65535,3,65535,3600,3,3600,97785,"DATA","time_dim","t_hour","ColumnVsValue","No","b5449accdea88518",1,"Equals",0,0,0,1
"TableScan",3600,3,3600,1800,3,1800,37926,"REFERENCE","time_dim","t_minute","ColumnVsValue","No","b5449accdea88518",1,"GreaterThanEquals",0,0,0,1
"TableScan",3600,3,3600,1800,3,1800,28707,"REFERENCE","time_dim","t_minute","ColumnVsValue","No","b5449accdea88518",1,"LessThan",0,0,0,1
"TableScan",65535,3,65535,3600,3,3600,122719,"DATA","time_dim","t_hour","ColumnVsValue","No","b5449accdea88518",1,"Equals",0,0,0,1
"TableScan",65535,3,65535,3600,3,3600,103232,"DATA","time_dim","t_hour","ColumnVsValue","No","b5449accdea88518",1,"Equals",0,0,0,1
"TableScan",274400,3,274400,54880,3,54880,684489,"REFERENCE","customer_demographics","cd_marital_status","ColumnVsValue","No","c86892b6d2937a1c",5,"Equals",0,0,0,5
"TableScan",274400,3,274400,54880,3,54880,654246,"REFERENCE","customer_demographics","cd_marital_status","ColumnVsValue","No","c86892b6d2937a1c",5,"Equals",0,0,0,5
"TableScan",365,3,333.86,30,3,27.4221,17671,"REFERENCE","date_dim","d_moy","ColumnVsValue","No","c86892b6d2937a1c",1,"Equals",0,0,0,1
"TableScan",1920800,3,1.9208e+06,274400,3,274400,11406451,"REFERENCE","customer_demographics","cd_education_status","ColumnVsValue","Ascending","c86892b6d2937a1c",35,"Equals",0,0,35,35
"TableScan",1920800,3,1.9208e+06,274400,3,274400,11220311,"REFERENCE","customer_demographics","cd_education_status","ColumnVsValue","Ascending","c86892b6d2937a1c",35,"Equals",0,0,35,35
"TableScan",7200,2,7200,1200,2,1200,33526,"DATA","household_demographics","hd_buy_potential","ColumnBetween","No","c86892b6d2937a1c",1,"BetweenUpperExclusive",0,0,0,1
"TableScan",65535,3,65535,365,3,333.86,131449,"DATA","date_dim","d_year","ColumnVsValue","No","c86892b6d2937a1c",1,"Equals",0,0,0,1
"TableScan",50000,2,50000,5449,2,5624.02,125513,"DATA","customer_address","ca_gmt_offset","ColumnVsValue","No","c86892b6d2937a1c",1,"Equals",0,0,0,1
"TableScan",35,2,35,1,2,1,51616,"DATA","reason","r_reason_desc","ColumnVsValue","No","65cf99f6be86c7f4",1,"Equals",0,0,0,1
"TableScan",3600,3,3600,1800,3,1800,41418,"REFERENCE","time_dim","t_minute","ColumnVsValue","No","a328efe777ccc703",1,"GreaterThanEquals",0,0,0,1
"TableScan",20865,3,20865,3600,3,3600,68170,"DATA","time_dim","t_hour","ColumnVsValue","No","a328efe777ccc703",1,"Equals",0,0,0,1
"TableScan",7200,2,7200,720,2,720,29265,"REFERENCE","household_demographics","hd_dep_count","ColumnVsValue","No","a328efe777ccc703",1,"Equals",0,0,0,1
"TableScan",12,2,12,1,2,1,20884,"REFERENCE","store","s_store_name","ColumnVsValue","No","a328efe777ccc703",1,"Equals",0,0,0,1
"TableScan",65535,2,65535,366,2,330.984,140740,"DATA","date_dim","d_month_seq","ColumnBetween","No","e045c72cfee071ed",1,"BetweenInclusive",0,0,0,1
"TableScan",65535,2,65535,366,2,330.984,147933,"DATA","date_dim","d_month_seq","ColumnBetween","No","8a500b8350e13fe5",1,"BetweenInclusive",0,0,0,1
